[2025-04-09T06:26:03.126+0000] {processor.py:186} INFO - Started process (PID=361) to work on /opt/airflow/dags/driven_data_pipeline.py
[2025-04-09T06:26:03.151+0000] {processor.py:914} INFO - Processing file /opt/airflow/dags/driven_data_pipeline.py for tasks to queue
[2025-04-09T06:26:03.169+0000] {logging_mixin.py:190} INFO - [2025-04-09T06:26:03.169+0000] {dagbag.py:588} INFO - Filling up the DagBag from /opt/airflow/dags/driven_data_pipeline.py
[2025-04-09T06:26:03.811+0000] {processor.py:925} INFO - DAG(s) 'extract_raw_data_pipeline' retrieved from /opt/airflow/dags/driven_data_pipeline.py
[2025-04-09T06:26:03.873+0000] {logging_mixin.py:190} INFO - [2025-04-09T06:26:03.872+0000] {dag.py:3239} INFO - Sync 1 DAGs
[2025-04-09T06:26:03.943+0000] {logging_mixin.py:190} INFO - [2025-04-09T06:26:03.943+0000] {dag.py:4180} INFO - Setting next_dagrun for extract_raw_data_pipeline to 2025-04-08 07:59:00+00:00, run_after=2025-04-09 07:00:00+00:00
[2025-04-09T06:26:04.009+0000] {processor.py:208} INFO - Processing /opt/airflow/dags/driven_data_pipeline.py took 0.963 seconds
[2025-04-09T06:26:34.526+0000] {processor.py:186} INFO - Started process (PID=364) to work on /opt/airflow/dags/driven_data_pipeline.py
[2025-04-09T06:26:34.528+0000] {processor.py:914} INFO - Processing file /opt/airflow/dags/driven_data_pipeline.py for tasks to queue
[2025-04-09T06:26:34.534+0000] {logging_mixin.py:190} INFO - [2025-04-09T06:26:34.533+0000] {dagbag.py:588} INFO - Filling up the DagBag from /opt/airflow/dags/driven_data_pipeline.py
[2025-04-09T06:26:34.840+0000] {processor.py:925} INFO - DAG(s) 'extract_raw_data_pipeline' retrieved from /opt/airflow/dags/driven_data_pipeline.py
[2025-04-09T06:26:34.872+0000] {logging_mixin.py:190} INFO - [2025-04-09T06:26:34.871+0000] {dag.py:3239} INFO - Sync 1 DAGs
[2025-04-09T06:26:34.913+0000] {logging_mixin.py:190} INFO - [2025-04-09T06:26:34.912+0000] {dag.py:4180} INFO - Setting next_dagrun for extract_raw_data_pipeline to 2025-04-08 07:59:00+00:00, run_after=2025-04-09 07:00:00+00:00
[2025-04-09T06:26:34.945+0000] {processor.py:208} INFO - Processing /opt/airflow/dags/driven_data_pipeline.py took 0.428 seconds
[2025-04-09T06:27:05.426+0000] {processor.py:186} INFO - Started process (PID=367) to work on /opt/airflow/dags/driven_data_pipeline.py
[2025-04-09T06:27:05.427+0000] {processor.py:914} INFO - Processing file /opt/airflow/dags/driven_data_pipeline.py for tasks to queue
[2025-04-09T06:27:05.431+0000] {logging_mixin.py:190} INFO - [2025-04-09T06:27:05.430+0000] {dagbag.py:588} INFO - Filling up the DagBag from /opt/airflow/dags/driven_data_pipeline.py
[2025-04-09T06:27:05.665+0000] {processor.py:925} INFO - DAG(s) 'extract_raw_data_pipeline' retrieved from /opt/airflow/dags/driven_data_pipeline.py
[2025-04-09T06:27:05.699+0000] {logging_mixin.py:190} INFO - [2025-04-09T06:27:05.699+0000] {dag.py:3239} INFO - Sync 1 DAGs
[2025-04-09T06:27:05.730+0000] {logging_mixin.py:190} INFO - [2025-04-09T06:27:05.730+0000] {dag.py:4180} INFO - Setting next_dagrun for extract_raw_data_pipeline to 2025-04-08 07:59:00+00:00, run_after=2025-04-09 07:00:00+00:00
[2025-04-09T06:27:05.761+0000] {processor.py:208} INFO - Processing /opt/airflow/dags/driven_data_pipeline.py took 0.344 seconds
[2025-04-09T06:27:35.910+0000] {processor.py:186} INFO - Started process (PID=370) to work on /opt/airflow/dags/driven_data_pipeline.py
[2025-04-09T06:27:35.911+0000] {processor.py:914} INFO - Processing file /opt/airflow/dags/driven_data_pipeline.py for tasks to queue
[2025-04-09T06:27:35.915+0000] {logging_mixin.py:190} INFO - [2025-04-09T06:27:35.914+0000] {dagbag.py:588} INFO - Filling up the DagBag from /opt/airflow/dags/driven_data_pipeline.py
[2025-04-09T06:27:36.117+0000] {processor.py:925} INFO - DAG(s) 'extract_raw_data_pipeline' retrieved from /opt/airflow/dags/driven_data_pipeline.py
[2025-04-09T06:27:36.147+0000] {logging_mixin.py:190} INFO - [2025-04-09T06:27:36.147+0000] {dag.py:3239} INFO - Sync 1 DAGs
[2025-04-09T06:27:36.177+0000] {logging_mixin.py:190} INFO - [2025-04-09T06:27:36.176+0000] {dag.py:4180} INFO - Setting next_dagrun for extract_raw_data_pipeline to 2025-04-08 07:59:00+00:00, run_after=2025-04-09 07:00:00+00:00
[2025-04-09T06:27:36.209+0000] {processor.py:208} INFO - Processing /opt/airflow/dags/driven_data_pipeline.py took 0.309 seconds
[2025-04-09T06:28:07.010+0000] {processor.py:186} INFO - Started process (PID=373) to work on /opt/airflow/dags/driven_data_pipeline.py
[2025-04-09T06:28:07.011+0000] {processor.py:914} INFO - Processing file /opt/airflow/dags/driven_data_pipeline.py for tasks to queue
[2025-04-09T06:28:07.015+0000] {logging_mixin.py:190} INFO - [2025-04-09T06:28:07.014+0000] {dagbag.py:588} INFO - Filling up the DagBag from /opt/airflow/dags/driven_data_pipeline.py
[2025-04-09T06:28:07.187+0000] {processor.py:925} INFO - DAG(s) 'extract_raw_data_pipeline' retrieved from /opt/airflow/dags/driven_data_pipeline.py
[2025-04-09T06:28:07.216+0000] {logging_mixin.py:190} INFO - [2025-04-09T06:28:07.215+0000] {dag.py:3239} INFO - Sync 1 DAGs
[2025-04-09T06:28:07.240+0000] {logging_mixin.py:190} INFO - [2025-04-09T06:28:07.240+0000] {dag.py:4180} INFO - Setting next_dagrun for extract_raw_data_pipeline to 2025-04-08 07:59:00+00:00, run_after=2025-04-09 07:00:00+00:00
[2025-04-09T06:28:07.258+0000] {processor.py:208} INFO - Processing /opt/airflow/dags/driven_data_pipeline.py took 0.256 seconds
[2025-04-09T06:28:37.498+0000] {processor.py:186} INFO - Started process (PID=376) to work on /opt/airflow/dags/driven_data_pipeline.py
[2025-04-09T06:28:37.500+0000] {processor.py:914} INFO - Processing file /opt/airflow/dags/driven_data_pipeline.py for tasks to queue
[2025-04-09T06:28:37.503+0000] {logging_mixin.py:190} INFO - [2025-04-09T06:28:37.503+0000] {dagbag.py:588} INFO - Filling up the DagBag from /opt/airflow/dags/driven_data_pipeline.py
[2025-04-09T06:28:37.700+0000] {processor.py:925} INFO - DAG(s) 'extract_raw_data_pipeline' retrieved from /opt/airflow/dags/driven_data_pipeline.py
[2025-04-09T06:28:37.727+0000] {logging_mixin.py:190} INFO - [2025-04-09T06:28:37.727+0000] {dag.py:3239} INFO - Sync 1 DAGs
[2025-04-09T06:28:37.752+0000] {logging_mixin.py:190} INFO - [2025-04-09T06:28:37.751+0000] {dag.py:4180} INFO - Setting next_dagrun for extract_raw_data_pipeline to 2025-04-08 07:59:00+00:00, run_after=2025-04-09 07:00:00+00:00
[2025-04-09T06:28:37.772+0000] {processor.py:208} INFO - Processing /opt/airflow/dags/driven_data_pipeline.py took 0.283 seconds
[2025-04-09T06:29:08.245+0000] {processor.py:186} INFO - Started process (PID=379) to work on /opt/airflow/dags/driven_data_pipeline.py
[2025-04-09T06:29:08.246+0000] {processor.py:914} INFO - Processing file /opt/airflow/dags/driven_data_pipeline.py for tasks to queue
[2025-04-09T06:29:08.249+0000] {logging_mixin.py:190} INFO - [2025-04-09T06:29:08.249+0000] {dagbag.py:588} INFO - Filling up the DagBag from /opt/airflow/dags/driven_data_pipeline.py
[2025-04-09T06:29:08.426+0000] {processor.py:925} INFO - DAG(s) 'extract_raw_data_pipeline' retrieved from /opt/airflow/dags/driven_data_pipeline.py
[2025-04-09T06:29:08.454+0000] {logging_mixin.py:190} INFO - [2025-04-09T06:29:08.454+0000] {dag.py:3239} INFO - Sync 1 DAGs
[2025-04-09T06:29:08.481+0000] {logging_mixin.py:190} INFO - [2025-04-09T06:29:08.480+0000] {dag.py:4180} INFO - Setting next_dagrun for extract_raw_data_pipeline to 2025-04-08 07:59:00+00:00, run_after=2025-04-09 07:00:00+00:00
[2025-04-09T06:29:08.504+0000] {processor.py:208} INFO - Processing /opt/airflow/dags/driven_data_pipeline.py took 0.266 seconds
[2025-04-09T06:29:38.850+0000] {processor.py:186} INFO - Started process (PID=382) to work on /opt/airflow/dags/driven_data_pipeline.py
[2025-04-09T06:29:38.852+0000] {processor.py:914} INFO - Processing file /opt/airflow/dags/driven_data_pipeline.py for tasks to queue
[2025-04-09T06:29:38.858+0000] {logging_mixin.py:190} INFO - [2025-04-09T06:29:38.857+0000] {dagbag.py:588} INFO - Filling up the DagBag from /opt/airflow/dags/driven_data_pipeline.py
[2025-04-09T06:29:39.107+0000] {processor.py:925} INFO - DAG(s) 'extract_raw_data_pipeline' retrieved from /opt/airflow/dags/driven_data_pipeline.py
[2025-04-09T06:29:39.143+0000] {logging_mixin.py:190} INFO - [2025-04-09T06:29:39.142+0000] {dag.py:3239} INFO - Sync 1 DAGs
[2025-04-09T06:29:39.187+0000] {logging_mixin.py:190} INFO - [2025-04-09T06:29:39.187+0000] {dag.py:4180} INFO - Setting next_dagrun for extract_raw_data_pipeline to 2025-04-08 07:59:00+00:00, run_after=2025-04-09 07:00:00+00:00
[2025-04-09T06:29:39.213+0000] {processor.py:208} INFO - Processing /opt/airflow/dags/driven_data_pipeline.py took 0.373 seconds
[2025-04-09T06:30:09.678+0000] {processor.py:186} INFO - Started process (PID=385) to work on /opt/airflow/dags/driven_data_pipeline.py
[2025-04-09T06:30:09.680+0000] {processor.py:914} INFO - Processing file /opt/airflow/dags/driven_data_pipeline.py for tasks to queue
[2025-04-09T06:30:09.684+0000] {logging_mixin.py:190} INFO - [2025-04-09T06:30:09.683+0000] {dagbag.py:588} INFO - Filling up the DagBag from /opt/airflow/dags/driven_data_pipeline.py
[2025-04-09T06:30:09.936+0000] {processor.py:925} INFO - DAG(s) 'extract_raw_data_pipeline' retrieved from /opt/airflow/dags/driven_data_pipeline.py
[2025-04-09T06:30:09.973+0000] {logging_mixin.py:190} INFO - [2025-04-09T06:30:09.973+0000] {dag.py:3239} INFO - Sync 1 DAGs
[2025-04-09T06:30:10.004+0000] {logging_mixin.py:190} INFO - [2025-04-09T06:30:10.004+0000] {dag.py:4180} INFO - Setting next_dagrun for extract_raw_data_pipeline to 2025-04-08 07:59:00+00:00, run_after=2025-04-09 07:00:00+00:00
[2025-04-09T06:30:10.029+0000] {processor.py:208} INFO - Processing /opt/airflow/dags/driven_data_pipeline.py took 0.362 seconds
[2025-04-09T06:30:40.418+0000] {processor.py:186} INFO - Started process (PID=388) to work on /opt/airflow/dags/driven_data_pipeline.py
[2025-04-09T06:30:40.420+0000] {processor.py:914} INFO - Processing file /opt/airflow/dags/driven_data_pipeline.py for tasks to queue
[2025-04-09T06:30:40.425+0000] {logging_mixin.py:190} INFO - [2025-04-09T06:30:40.424+0000] {dagbag.py:588} INFO - Filling up the DagBag from /opt/airflow/dags/driven_data_pipeline.py
[2025-04-09T06:30:40.712+0000] {processor.py:925} INFO - DAG(s) 'extract_raw_data_pipeline' retrieved from /opt/airflow/dags/driven_data_pipeline.py
[2025-04-09T06:30:40.752+0000] {logging_mixin.py:190} INFO - [2025-04-09T06:30:40.751+0000] {dag.py:3239} INFO - Sync 1 DAGs
[2025-04-09T06:30:40.793+0000] {logging_mixin.py:190} INFO - [2025-04-09T06:30:40.792+0000] {dag.py:4180} INFO - Setting next_dagrun for extract_raw_data_pipeline to 2025-04-08 07:59:00+00:00, run_after=2025-04-09 07:00:00+00:00
[2025-04-09T06:30:40.825+0000] {processor.py:208} INFO - Processing /opt/airflow/dags/driven_data_pipeline.py took 0.421 seconds
[2025-04-09T06:31:11.121+0000] {processor.py:186} INFO - Started process (PID=391) to work on /opt/airflow/dags/driven_data_pipeline.py
[2025-04-09T06:31:11.124+0000] {processor.py:914} INFO - Processing file /opt/airflow/dags/driven_data_pipeline.py for tasks to queue
[2025-04-09T06:31:11.132+0000] {logging_mixin.py:190} INFO - [2025-04-09T06:31:11.130+0000] {dagbag.py:588} INFO - Filling up the DagBag from /opt/airflow/dags/driven_data_pipeline.py
[2025-04-09T06:31:11.419+0000] {processor.py:925} INFO - DAG(s) 'extract_raw_data_pipeline' retrieved from /opt/airflow/dags/driven_data_pipeline.py
[2025-04-09T06:31:11.454+0000] {logging_mixin.py:190} INFO - [2025-04-09T06:31:11.454+0000] {dag.py:3239} INFO - Sync 1 DAGs
[2025-04-09T06:31:11.489+0000] {logging_mixin.py:190} INFO - [2025-04-09T06:31:11.489+0000] {dag.py:4180} INFO - Setting next_dagrun for extract_raw_data_pipeline to 2025-04-08 07:59:00+00:00, run_after=2025-04-09 07:00:00+00:00
[2025-04-09T06:31:11.519+0000] {processor.py:208} INFO - Processing /opt/airflow/dags/driven_data_pipeline.py took 0.407 seconds
[2025-04-09T06:31:41.966+0000] {processor.py:186} INFO - Started process (PID=394) to work on /opt/airflow/dags/driven_data_pipeline.py
[2025-04-09T06:31:41.968+0000] {processor.py:914} INFO - Processing file /opt/airflow/dags/driven_data_pipeline.py for tasks to queue
[2025-04-09T06:31:41.976+0000] {logging_mixin.py:190} INFO - [2025-04-09T06:31:41.974+0000] {dagbag.py:588} INFO - Filling up the DagBag from /opt/airflow/dags/driven_data_pipeline.py
[2025-04-09T06:31:42.285+0000] {processor.py:925} INFO - DAG(s) 'extract_raw_data_pipeline' retrieved from /opt/airflow/dags/driven_data_pipeline.py
[2025-04-09T06:31:42.326+0000] {logging_mixin.py:190} INFO - [2025-04-09T06:31:42.326+0000] {dag.py:3239} INFO - Sync 1 DAGs
[2025-04-09T06:31:42.364+0000] {logging_mixin.py:190} INFO - [2025-04-09T06:31:42.364+0000] {dag.py:4180} INFO - Setting next_dagrun for extract_raw_data_pipeline to 2025-04-08 07:59:00+00:00, run_after=2025-04-09 07:00:00+00:00
[2025-04-09T06:31:42.397+0000] {processor.py:208} INFO - Processing /opt/airflow/dags/driven_data_pipeline.py took 0.444 seconds
[2025-04-09T06:32:12.577+0000] {processor.py:186} INFO - Started process (PID=397) to work on /opt/airflow/dags/driven_data_pipeline.py
[2025-04-09T06:32:12.579+0000] {processor.py:914} INFO - Processing file /opt/airflow/dags/driven_data_pipeline.py for tasks to queue
[2025-04-09T06:32:12.584+0000] {logging_mixin.py:190} INFO - [2025-04-09T06:32:12.583+0000] {dagbag.py:588} INFO - Filling up the DagBag from /opt/airflow/dags/driven_data_pipeline.py
[2025-04-09T06:32:12.921+0000] {processor.py:925} INFO - DAG(s) 'extract_raw_data_pipeline' retrieved from /opt/airflow/dags/driven_data_pipeline.py
[2025-04-09T06:32:12.972+0000] {logging_mixin.py:190} INFO - [2025-04-09T06:32:12.971+0000] {dag.py:3239} INFO - Sync 1 DAGs
[2025-04-09T06:32:13.018+0000] {logging_mixin.py:190} INFO - [2025-04-09T06:32:13.018+0000] {dag.py:4180} INFO - Setting next_dagrun for extract_raw_data_pipeline to 2025-04-08 07:59:00+00:00, run_after=2025-04-09 07:00:00+00:00
[2025-04-09T06:32:13.056+0000] {processor.py:208} INFO - Processing /opt/airflow/dags/driven_data_pipeline.py took 0.493 seconds
[2025-04-09T06:32:43.444+0000] {processor.py:186} INFO - Started process (PID=400) to work on /opt/airflow/dags/driven_data_pipeline.py
[2025-04-09T06:32:43.448+0000] {processor.py:914} INFO - Processing file /opt/airflow/dags/driven_data_pipeline.py for tasks to queue
[2025-04-09T06:32:43.456+0000] {logging_mixin.py:190} INFO - [2025-04-09T06:32:43.455+0000] {dagbag.py:588} INFO - Filling up the DagBag from /opt/airflow/dags/driven_data_pipeline.py
[2025-04-09T06:32:43.963+0000] {processor.py:925} INFO - DAG(s) 'extract_raw_data_pipeline' retrieved from /opt/airflow/dags/driven_data_pipeline.py
[2025-04-09T06:32:44.018+0000] {logging_mixin.py:190} INFO - [2025-04-09T06:32:44.018+0000] {dag.py:3239} INFO - Sync 1 DAGs
[2025-04-09T06:32:44.078+0000] {logging_mixin.py:190} INFO - [2025-04-09T06:32:44.077+0000] {dag.py:4180} INFO - Setting next_dagrun for extract_raw_data_pipeline to 2025-04-08 07:59:00+00:00, run_after=2025-04-09 07:00:00+00:00
[2025-04-09T06:32:44.119+0000] {processor.py:208} INFO - Processing /opt/airflow/dags/driven_data_pipeline.py took 0.699 seconds
[2025-04-09T06:33:14.700+0000] {processor.py:186} INFO - Started process (PID=403) to work on /opt/airflow/dags/driven_data_pipeline.py
[2025-04-09T06:33:14.730+0000] {processor.py:914} INFO - Processing file /opt/airflow/dags/driven_data_pipeline.py for tasks to queue
[2025-04-09T06:33:14.735+0000] {logging_mixin.py:190} INFO - [2025-04-09T06:33:14.734+0000] {dagbag.py:588} INFO - Filling up the DagBag from /opt/airflow/dags/driven_data_pipeline.py
[2025-04-09T06:33:14.970+0000] {processor.py:925} INFO - DAG(s) 'extract_raw_data_pipeline' retrieved from /opt/airflow/dags/driven_data_pipeline.py
[2025-04-09T06:33:15.006+0000] {logging_mixin.py:190} INFO - [2025-04-09T06:33:15.005+0000] {dag.py:3239} INFO - Sync 1 DAGs
[2025-04-09T06:33:15.039+0000] {logging_mixin.py:190} INFO - [2025-04-09T06:33:15.039+0000] {dag.py:4180} INFO - Setting next_dagrun for extract_raw_data_pipeline to 2025-04-08 07:59:00+00:00, run_after=2025-04-09 07:00:00+00:00
[2025-04-09T06:33:15.068+0000] {processor.py:208} INFO - Processing /opt/airflow/dags/driven_data_pipeline.py took 0.379 seconds
[2025-04-09T06:33:45.161+0000] {processor.py:186} INFO - Started process (PID=406) to work on /opt/airflow/dags/driven_data_pipeline.py
[2025-04-09T06:33:45.163+0000] {processor.py:914} INFO - Processing file /opt/airflow/dags/driven_data_pipeline.py for tasks to queue
[2025-04-09T06:33:45.169+0000] {logging_mixin.py:190} INFO - [2025-04-09T06:33:45.168+0000] {dagbag.py:588} INFO - Filling up the DagBag from /opt/airflow/dags/driven_data_pipeline.py
[2025-04-09T06:33:45.396+0000] {processor.py:925} INFO - DAG(s) 'extract_raw_data_pipeline' retrieved from /opt/airflow/dags/driven_data_pipeline.py
[2025-04-09T06:33:45.436+0000] {logging_mixin.py:190} INFO - [2025-04-09T06:33:45.436+0000] {dag.py:3239} INFO - Sync 1 DAGs
[2025-04-09T06:33:45.486+0000] {logging_mixin.py:190} INFO - [2025-04-09T06:33:45.485+0000] {dag.py:4180} INFO - Setting next_dagrun for extract_raw_data_pipeline to 2025-04-08 07:59:00+00:00, run_after=2025-04-09 07:00:00+00:00
[2025-04-09T06:33:45.537+0000] {processor.py:208} INFO - Processing /opt/airflow/dags/driven_data_pipeline.py took 0.388 seconds
[2025-04-09T06:34:15.975+0000] {processor.py:186} INFO - Started process (PID=409) to work on /opt/airflow/dags/driven_data_pipeline.py
[2025-04-09T06:34:15.977+0000] {processor.py:914} INFO - Processing file /opt/airflow/dags/driven_data_pipeline.py for tasks to queue
[2025-04-09T06:34:15.982+0000] {logging_mixin.py:190} INFO - [2025-04-09T06:34:15.982+0000] {dagbag.py:588} INFO - Filling up the DagBag from /opt/airflow/dags/driven_data_pipeline.py
[2025-04-09T06:34:16.214+0000] {processor.py:925} INFO - DAG(s) 'extract_raw_data_pipeline' retrieved from /opt/airflow/dags/driven_data_pipeline.py
[2025-04-09T06:34:16.258+0000] {logging_mixin.py:190} INFO - [2025-04-09T06:34:16.258+0000] {dag.py:3239} INFO - Sync 1 DAGs
[2025-04-09T06:34:16.294+0000] {logging_mixin.py:190} INFO - [2025-04-09T06:34:16.293+0000] {dag.py:4180} INFO - Setting next_dagrun for extract_raw_data_pipeline to 2025-04-08 07:59:00+00:00, run_after=2025-04-09 07:00:00+00:00
[2025-04-09T06:34:16.319+0000] {processor.py:208} INFO - Processing /opt/airflow/dags/driven_data_pipeline.py took 0.353 seconds
[2025-04-09T06:34:46.389+0000] {processor.py:186} INFO - Started process (PID=412) to work on /opt/airflow/dags/driven_data_pipeline.py
[2025-04-09T06:34:46.390+0000] {processor.py:914} INFO - Processing file /opt/airflow/dags/driven_data_pipeline.py for tasks to queue
[2025-04-09T06:34:46.393+0000] {logging_mixin.py:190} INFO - [2025-04-09T06:34:46.393+0000] {dagbag.py:588} INFO - Filling up the DagBag from /opt/airflow/dags/driven_data_pipeline.py
[2025-04-09T06:34:46.605+0000] {processor.py:925} INFO - DAG(s) 'extract_raw_data_pipeline' retrieved from /opt/airflow/dags/driven_data_pipeline.py
[2025-04-09T06:34:46.642+0000] {logging_mixin.py:190} INFO - [2025-04-09T06:34:46.642+0000] {dag.py:3239} INFO - Sync 1 DAGs
[2025-04-09T06:34:46.677+0000] {logging_mixin.py:190} INFO - [2025-04-09T06:34:46.677+0000] {dag.py:4180} INFO - Setting next_dagrun for extract_raw_data_pipeline to 2025-04-08 07:59:00+00:00, run_after=2025-04-09 07:00:00+00:00
[2025-04-09T06:34:46.704+0000] {processor.py:208} INFO - Processing /opt/airflow/dags/driven_data_pipeline.py took 0.322 seconds
[2025-04-09T06:35:17.190+0000] {processor.py:186} INFO - Started process (PID=415) to work on /opt/airflow/dags/driven_data_pipeline.py
[2025-04-09T06:35:17.192+0000] {processor.py:914} INFO - Processing file /opt/airflow/dags/driven_data_pipeline.py for tasks to queue
[2025-04-09T06:35:17.195+0000] {logging_mixin.py:190} INFO - [2025-04-09T06:35:17.195+0000] {dagbag.py:588} INFO - Filling up the DagBag from /opt/airflow/dags/driven_data_pipeline.py
[2025-04-09T06:35:17.382+0000] {processor.py:925} INFO - DAG(s) 'extract_raw_data_pipeline' retrieved from /opt/airflow/dags/driven_data_pipeline.py
[2025-04-09T06:35:17.415+0000] {logging_mixin.py:190} INFO - [2025-04-09T06:35:17.414+0000] {dag.py:3239} INFO - Sync 1 DAGs
[2025-04-09T06:35:17.449+0000] {logging_mixin.py:190} INFO - [2025-04-09T06:35:17.448+0000] {dag.py:4180} INFO - Setting next_dagrun for extract_raw_data_pipeline to 2025-04-08 07:59:00+00:00, run_after=2025-04-09 07:00:00+00:00
[2025-04-09T06:35:17.477+0000] {processor.py:208} INFO - Processing /opt/airflow/dags/driven_data_pipeline.py took 0.295 seconds
[2025-04-09T06:35:47.570+0000] {processor.py:186} INFO - Started process (PID=418) to work on /opt/airflow/dags/driven_data_pipeline.py
[2025-04-09T06:35:47.572+0000] {processor.py:914} INFO - Processing file /opt/airflow/dags/driven_data_pipeline.py for tasks to queue
[2025-04-09T06:35:47.576+0000] {logging_mixin.py:190} INFO - [2025-04-09T06:35:47.576+0000] {dagbag.py:588} INFO - Filling up the DagBag from /opt/airflow/dags/driven_data_pipeline.py
[2025-04-09T06:35:47.849+0000] {processor.py:925} INFO - DAG(s) 'extract_raw_data_pipeline' retrieved from /opt/airflow/dags/driven_data_pipeline.py
[2025-04-09T06:35:47.881+0000] {logging_mixin.py:190} INFO - [2025-04-09T06:35:47.881+0000] {dag.py:3239} INFO - Sync 1 DAGs
[2025-04-09T06:35:47.910+0000] {logging_mixin.py:190} INFO - [2025-04-09T06:35:47.910+0000] {dag.py:4180} INFO - Setting next_dagrun for extract_raw_data_pipeline to 2025-04-08 07:59:00+00:00, run_after=2025-04-09 07:00:00+00:00
[2025-04-09T06:35:47.934+0000] {processor.py:208} INFO - Processing /opt/airflow/dags/driven_data_pipeline.py took 0.375 seconds
[2025-04-09T06:36:18.521+0000] {processor.py:186} INFO - Started process (PID=421) to work on /opt/airflow/dags/driven_data_pipeline.py
[2025-04-09T06:36:18.523+0000] {processor.py:914} INFO - Processing file /opt/airflow/dags/driven_data_pipeline.py for tasks to queue
[2025-04-09T06:36:18.528+0000] {logging_mixin.py:190} INFO - [2025-04-09T06:36:18.527+0000] {dagbag.py:588} INFO - Filling up the DagBag from /opt/airflow/dags/driven_data_pipeline.py
[2025-04-09T06:36:18.755+0000] {processor.py:925} INFO - DAG(s) 'extract_raw_data_pipeline' retrieved from /opt/airflow/dags/driven_data_pipeline.py
[2025-04-09T06:36:18.789+0000] {logging_mixin.py:190} INFO - [2025-04-09T06:36:18.789+0000] {dag.py:3239} INFO - Sync 1 DAGs
[2025-04-09T06:36:18.830+0000] {logging_mixin.py:190} INFO - [2025-04-09T06:36:18.829+0000] {dag.py:4180} INFO - Setting next_dagrun for extract_raw_data_pipeline to 2025-04-08 07:59:00+00:00, run_after=2025-04-09 07:00:00+00:00
[2025-04-09T06:36:18.858+0000] {processor.py:208} INFO - Processing /opt/airflow/dags/driven_data_pipeline.py took 0.346 seconds
[2025-04-09T06:36:49.117+0000] {processor.py:186} INFO - Started process (PID=424) to work on /opt/airflow/dags/driven_data_pipeline.py
[2025-04-09T06:36:49.119+0000] {processor.py:914} INFO - Processing file /opt/airflow/dags/driven_data_pipeline.py for tasks to queue
[2025-04-09T06:36:49.124+0000] {logging_mixin.py:190} INFO - [2025-04-09T06:36:49.123+0000] {dagbag.py:588} INFO - Filling up the DagBag from /opt/airflow/dags/driven_data_pipeline.py
[2025-04-09T06:36:49.344+0000] {processor.py:925} INFO - DAG(s) 'extract_raw_data_pipeline' retrieved from /opt/airflow/dags/driven_data_pipeline.py
[2025-04-09T06:36:49.376+0000] {logging_mixin.py:190} INFO - [2025-04-09T06:36:49.376+0000] {dag.py:3239} INFO - Sync 1 DAGs
[2025-04-09T06:36:49.408+0000] {logging_mixin.py:190} INFO - [2025-04-09T06:36:49.407+0000] {dag.py:4180} INFO - Setting next_dagrun for extract_raw_data_pipeline to 2025-04-08 07:59:00+00:00, run_after=2025-04-09 07:00:00+00:00
[2025-04-09T06:36:49.435+0000] {processor.py:208} INFO - Processing /opt/airflow/dags/driven_data_pipeline.py took 0.331 seconds
[2025-04-09T06:37:19.665+0000] {processor.py:186} INFO - Started process (PID=431) to work on /opt/airflow/dags/driven_data_pipeline.py
[2025-04-09T06:37:19.667+0000] {processor.py:914} INFO - Processing file /opt/airflow/dags/driven_data_pipeline.py for tasks to queue
[2025-04-09T06:37:19.671+0000] {logging_mixin.py:190} INFO - [2025-04-09T06:37:19.671+0000] {dagbag.py:588} INFO - Filling up the DagBag from /opt/airflow/dags/driven_data_pipeline.py
[2025-04-09T06:37:19.933+0000] {processor.py:925} INFO - DAG(s) 'extract_raw_data_pipeline' retrieved from /opt/airflow/dags/driven_data_pipeline.py
[2025-04-09T06:37:19.975+0000] {logging_mixin.py:190} INFO - [2025-04-09T06:37:19.975+0000] {dag.py:3239} INFO - Sync 1 DAGs
[2025-04-09T06:37:20.009+0000] {logging_mixin.py:190} INFO - [2025-04-09T06:37:20.009+0000] {dag.py:4180} INFO - Setting next_dagrun for extract_raw_data_pipeline to 2025-04-08 07:59:00+00:00, run_after=2025-04-09 07:00:00+00:00
[2025-04-09T06:37:20.041+0000] {processor.py:208} INFO - Processing /opt/airflow/dags/driven_data_pipeline.py took 0.384 seconds
[2025-04-09T06:37:50.113+0000] {processor.py:186} INFO - Started process (PID=434) to work on /opt/airflow/dags/driven_data_pipeline.py
[2025-04-09T06:37:50.114+0000] {processor.py:914} INFO - Processing file /opt/airflow/dags/driven_data_pipeline.py for tasks to queue
[2025-04-09T06:37:50.118+0000] {logging_mixin.py:190} INFO - [2025-04-09T06:37:50.117+0000] {dagbag.py:588} INFO - Filling up the DagBag from /opt/airflow/dags/driven_data_pipeline.py
[2025-04-09T06:37:50.309+0000] {processor.py:925} INFO - DAG(s) 'extract_raw_data_pipeline' retrieved from /opt/airflow/dags/driven_data_pipeline.py
[2025-04-09T06:37:50.341+0000] {logging_mixin.py:190} INFO - [2025-04-09T06:37:50.341+0000] {dag.py:3239} INFO - Sync 1 DAGs
[2025-04-09T06:37:50.373+0000] {logging_mixin.py:190} INFO - [2025-04-09T06:37:50.373+0000] {dag.py:4180} INFO - Setting next_dagrun for extract_raw_data_pipeline to 2025-04-08 07:59:00+00:00, run_after=2025-04-09 07:00:00+00:00
[2025-04-09T06:37:50.400+0000] {processor.py:208} INFO - Processing /opt/airflow/dags/driven_data_pipeline.py took 0.294 seconds
[2025-04-09T06:38:20.656+0000] {processor.py:186} INFO - Started process (PID=437) to work on /opt/airflow/dags/driven_data_pipeline.py
[2025-04-09T06:38:20.657+0000] {processor.py:914} INFO - Processing file /opt/airflow/dags/driven_data_pipeline.py for tasks to queue
[2025-04-09T06:38:20.662+0000] {logging_mixin.py:190} INFO - [2025-04-09T06:38:20.662+0000] {dagbag.py:588} INFO - Filling up the DagBag from /opt/airflow/dags/driven_data_pipeline.py
[2025-04-09T06:38:20.885+0000] {processor.py:925} INFO - DAG(s) 'extract_raw_data_pipeline' retrieved from /opt/airflow/dags/driven_data_pipeline.py
[2025-04-09T06:38:20.914+0000] {logging_mixin.py:190} INFO - [2025-04-09T06:38:20.913+0000] {dag.py:3239} INFO - Sync 1 DAGs
[2025-04-09T06:38:20.942+0000] {logging_mixin.py:190} INFO - [2025-04-09T06:38:20.942+0000] {dag.py:4180} INFO - Setting next_dagrun for extract_raw_data_pipeline to 2025-04-08 07:59:00+00:00, run_after=2025-04-09 07:00:00+00:00
[2025-04-09T06:38:20.970+0000] {processor.py:208} INFO - Processing /opt/airflow/dags/driven_data_pipeline.py took 0.322 seconds
[2025-04-09T06:38:51.214+0000] {processor.py:186} INFO - Started process (PID=440) to work on /opt/airflow/dags/driven_data_pipeline.py
[2025-04-09T06:38:51.215+0000] {processor.py:914} INFO - Processing file /opt/airflow/dags/driven_data_pipeline.py for tasks to queue
[2025-04-09T06:38:51.219+0000] {logging_mixin.py:190} INFO - [2025-04-09T06:38:51.218+0000] {dagbag.py:588} INFO - Filling up the DagBag from /opt/airflow/dags/driven_data_pipeline.py
[2025-04-09T06:38:51.422+0000] {processor.py:925} INFO - DAG(s) 'extract_raw_data_pipeline' retrieved from /opt/airflow/dags/driven_data_pipeline.py
[2025-04-09T06:38:51.465+0000] {logging_mixin.py:190} INFO - [2025-04-09T06:38:51.465+0000] {dag.py:3239} INFO - Sync 1 DAGs
[2025-04-09T06:38:51.500+0000] {logging_mixin.py:190} INFO - [2025-04-09T06:38:51.499+0000] {dag.py:4180} INFO - Setting next_dagrun for extract_raw_data_pipeline to 2025-04-08 07:59:00+00:00, run_after=2025-04-09 07:00:00+00:00
[2025-04-09T06:38:51.564+0000] {processor.py:208} INFO - Processing /opt/airflow/dags/driven_data_pipeline.py took 0.359 seconds
[2025-04-09T06:39:21.718+0000] {processor.py:186} INFO - Started process (PID=443) to work on /opt/airflow/dags/driven_data_pipeline.py
[2025-04-09T06:39:21.720+0000] {processor.py:914} INFO - Processing file /opt/airflow/dags/driven_data_pipeline.py for tasks to queue
[2025-04-09T06:39:21.725+0000] {logging_mixin.py:190} INFO - [2025-04-09T06:39:21.724+0000] {dagbag.py:588} INFO - Filling up the DagBag from /opt/airflow/dags/driven_data_pipeline.py
[2025-04-09T06:39:21.924+0000] {processor.py:925} INFO - DAG(s) 'extract_raw_data_pipeline' retrieved from /opt/airflow/dags/driven_data_pipeline.py
[2025-04-09T06:39:21.954+0000] {logging_mixin.py:190} INFO - [2025-04-09T06:39:21.953+0000] {dag.py:3239} INFO - Sync 1 DAGs
[2025-04-09T06:39:22.014+0000] {logging_mixin.py:190} INFO - [2025-04-09T06:39:22.012+0000] {dag.py:4180} INFO - Setting next_dagrun for extract_raw_data_pipeline to 2025-04-08 07:59:00+00:00, run_after=2025-04-09 07:00:00+00:00
[2025-04-09T06:39:22.061+0000] {processor.py:208} INFO - Processing /opt/airflow/dags/driven_data_pipeline.py took 0.355 seconds
[2025-04-09T06:39:26.185+0000] {processor.py:186} INFO - Started process (PID=446) to work on /opt/airflow/dags/driven_data_pipeline.py
[2025-04-09T06:39:26.187+0000] {processor.py:914} INFO - Processing file /opt/airflow/dags/driven_data_pipeline.py for tasks to queue
[2025-04-09T06:39:26.190+0000] {logging_mixin.py:190} INFO - [2025-04-09T06:39:26.190+0000] {dagbag.py:588} INFO - Filling up the DagBag from /opt/airflow/dags/driven_data_pipeline.py
[2025-04-09T06:39:26.395+0000] {processor.py:925} INFO - DAG(s) 'extract_raw_data_pipeline' retrieved from /opt/airflow/dags/driven_data_pipeline.py
[2025-04-09T06:39:26.553+0000] {logging_mixin.py:190} INFO - [2025-04-09T06:39:26.552+0000] {dag.py:3239} INFO - Sync 1 DAGs
[2025-04-09T06:39:26.587+0000] {logging_mixin.py:190} INFO - [2025-04-09T06:39:26.586+0000] {dag.py:4180} INFO - Setting next_dagrun for extract_raw_data_pipeline to 2025-04-08 07:59:00+00:00, run_after=2025-04-09 07:00:00+00:00
[2025-04-09T06:39:26.617+0000] {processor.py:208} INFO - Processing /opt/airflow/dags/driven_data_pipeline.py took 0.441 seconds
[2025-04-09T06:39:26.679+0000] {processor.py:186} INFO - Started process (PID=448) to work on /opt/airflow/dags/driven_data_pipeline.py
[2025-04-09T06:39:26.681+0000] {processor.py:914} INFO - Processing file /opt/airflow/dags/driven_data_pipeline.py for tasks to queue
[2025-04-09T06:39:26.685+0000] {logging_mixin.py:190} INFO - [2025-04-09T06:39:26.685+0000] {dagbag.py:588} INFO - Filling up the DagBag from /opt/airflow/dags/driven_data_pipeline.py
[2025-04-09T06:39:26.898+0000] {processor.py:925} INFO - DAG(s) 'extract_raw_data_pipeline' retrieved from /opt/airflow/dags/driven_data_pipeline.py
[2025-04-09T06:39:26.916+0000] {logging_mixin.py:190} INFO - [2025-04-09T06:39:26.915+0000] {dag.py:3239} INFO - Sync 1 DAGs
[2025-04-09T06:39:26.949+0000] {logging_mixin.py:190} INFO - [2025-04-09T06:39:26.949+0000] {dag.py:4180} INFO - Setting next_dagrun for extract_raw_data_pipeline to 2025-04-08 07:59:00+00:00, run_after=2025-04-09 07:00:00+00:00
[2025-04-09T06:39:26.981+0000] {processor.py:208} INFO - Processing /opt/airflow/dags/driven_data_pipeline.py took 0.310 seconds
[2025-04-09T06:39:57.315+0000] {processor.py:186} INFO - Started process (PID=455) to work on /opt/airflow/dags/driven_data_pipeline.py
[2025-04-09T06:39:57.317+0000] {processor.py:914} INFO - Processing file /opt/airflow/dags/driven_data_pipeline.py for tasks to queue
[2025-04-09T06:39:57.321+0000] {logging_mixin.py:190} INFO - [2025-04-09T06:39:57.320+0000] {dagbag.py:588} INFO - Filling up the DagBag from /opt/airflow/dags/driven_data_pipeline.py
[2025-04-09T06:39:57.516+0000] {processor.py:925} INFO - DAG(s) 'extract_raw_data_pipeline' retrieved from /opt/airflow/dags/driven_data_pipeline.py
[2025-04-09T06:39:57.541+0000] {logging_mixin.py:190} INFO - [2025-04-09T06:39:57.541+0000] {dag.py:3239} INFO - Sync 1 DAGs
[2025-04-09T06:39:57.567+0000] {logging_mixin.py:190} INFO - [2025-04-09T06:39:57.566+0000] {dag.py:4180} INFO - Setting next_dagrun for extract_raw_data_pipeline to 2025-04-08 07:59:00+00:00, run_after=2025-04-09 07:00:00+00:00
[2025-04-09T06:39:57.586+0000] {processor.py:208} INFO - Processing /opt/airflow/dags/driven_data_pipeline.py took 0.280 seconds
[2025-04-09T06:40:27.825+0000] {processor.py:186} INFO - Started process (PID=458) to work on /opt/airflow/dags/driven_data_pipeline.py
[2025-04-09T06:40:27.827+0000] {processor.py:914} INFO - Processing file /opt/airflow/dags/driven_data_pipeline.py for tasks to queue
[2025-04-09T06:40:27.831+0000] {logging_mixin.py:190} INFO - [2025-04-09T06:40:27.830+0000] {dagbag.py:588} INFO - Filling up the DagBag from /opt/airflow/dags/driven_data_pipeline.py
[2025-04-09T06:40:28.018+0000] {processor.py:925} INFO - DAG(s) 'extract_raw_data_pipeline' retrieved from /opt/airflow/dags/driven_data_pipeline.py
[2025-04-09T06:40:28.046+0000] {logging_mixin.py:190} INFO - [2025-04-09T06:40:28.046+0000] {dag.py:3239} INFO - Sync 1 DAGs
[2025-04-09T06:40:28.072+0000] {logging_mixin.py:190} INFO - [2025-04-09T06:40:28.072+0000] {dag.py:4180} INFO - Setting next_dagrun for extract_raw_data_pipeline to 2025-04-08 07:59:00+00:00, run_after=2025-04-09 07:00:00+00:00
[2025-04-09T06:40:28.094+0000] {processor.py:208} INFO - Processing /opt/airflow/dags/driven_data_pipeline.py took 0.278 seconds
[2025-04-09T06:40:58.501+0000] {processor.py:186} INFO - Started process (PID=461) to work on /opt/airflow/dags/driven_data_pipeline.py
[2025-04-09T06:40:58.503+0000] {processor.py:914} INFO - Processing file /opt/airflow/dags/driven_data_pipeline.py for tasks to queue
[2025-04-09T06:40:58.506+0000] {logging_mixin.py:190} INFO - [2025-04-09T06:40:58.505+0000] {dagbag.py:588} INFO - Filling up the DagBag from /opt/airflow/dags/driven_data_pipeline.py
[2025-04-09T06:40:58.661+0000] {processor.py:925} INFO - DAG(s) 'extract_raw_data_pipeline' retrieved from /opt/airflow/dags/driven_data_pipeline.py
[2025-04-09T06:40:58.687+0000] {logging_mixin.py:190} INFO - [2025-04-09T06:40:58.687+0000] {dag.py:3239} INFO - Sync 1 DAGs
[2025-04-09T06:40:58.711+0000] {logging_mixin.py:190} INFO - [2025-04-09T06:40:58.711+0000] {dag.py:4180} INFO - Setting next_dagrun for extract_raw_data_pipeline to 2025-04-08 07:59:00+00:00, run_after=2025-04-09 07:00:00+00:00
[2025-04-09T06:40:58.747+0000] {processor.py:208} INFO - Processing /opt/airflow/dags/driven_data_pipeline.py took 0.253 seconds
[2025-04-09T06:41:28.819+0000] {processor.py:186} INFO - Started process (PID=464) to work on /opt/airflow/dags/driven_data_pipeline.py
[2025-04-09T06:41:28.821+0000] {processor.py:914} INFO - Processing file /opt/airflow/dags/driven_data_pipeline.py for tasks to queue
[2025-04-09T06:41:28.823+0000] {logging_mixin.py:190} INFO - [2025-04-09T06:41:28.823+0000] {dagbag.py:588} INFO - Filling up the DagBag from /opt/airflow/dags/driven_data_pipeline.py
[2025-04-09T06:41:29.002+0000] {processor.py:925} INFO - DAG(s) 'extract_raw_data_pipeline' retrieved from /opt/airflow/dags/driven_data_pipeline.py
[2025-04-09T06:41:29.028+0000] {logging_mixin.py:190} INFO - [2025-04-09T06:41:29.028+0000] {dag.py:3239} INFO - Sync 1 DAGs
[2025-04-09T06:41:29.054+0000] {logging_mixin.py:190} INFO - [2025-04-09T06:41:29.053+0000] {dag.py:4180} INFO - Setting next_dagrun for extract_raw_data_pipeline to 2025-04-08 07:59:00+00:00, run_after=2025-04-09 07:00:00+00:00
[2025-04-09T06:41:29.075+0000] {processor.py:208} INFO - Processing /opt/airflow/dags/driven_data_pipeline.py took 0.264 seconds
[2025-04-09T06:41:59.241+0000] {processor.py:186} INFO - Started process (PID=467) to work on /opt/airflow/dags/driven_data_pipeline.py
[2025-04-09T06:41:59.243+0000] {processor.py:914} INFO - Processing file /opt/airflow/dags/driven_data_pipeline.py for tasks to queue
[2025-04-09T06:41:59.247+0000] {logging_mixin.py:190} INFO - [2025-04-09T06:41:59.246+0000] {dagbag.py:588} INFO - Filling up the DagBag from /opt/airflow/dags/driven_data_pipeline.py
[2025-04-09T06:41:59.461+0000] {processor.py:925} INFO - DAG(s) 'extract_raw_data_pipeline' retrieved from /opt/airflow/dags/driven_data_pipeline.py
[2025-04-09T06:41:59.496+0000] {logging_mixin.py:190} INFO - [2025-04-09T06:41:59.496+0000] {dag.py:3239} INFO - Sync 1 DAGs
[2025-04-09T06:41:59.530+0000] {logging_mixin.py:190} INFO - [2025-04-09T06:41:59.529+0000] {dag.py:4180} INFO - Setting next_dagrun for extract_raw_data_pipeline to 2025-04-08 07:59:00+00:00, run_after=2025-04-09 07:00:00+00:00
[2025-04-09T06:41:59.556+0000] {processor.py:208} INFO - Processing /opt/airflow/dags/driven_data_pipeline.py took 0.325 seconds
[2025-04-09T06:42:29.707+0000] {processor.py:186} INFO - Started process (PID=470) to work on /opt/airflow/dags/driven_data_pipeline.py
[2025-04-09T06:42:29.709+0000] {processor.py:914} INFO - Processing file /opt/airflow/dags/driven_data_pipeline.py for tasks to queue
[2025-04-09T06:42:29.715+0000] {logging_mixin.py:190} INFO - [2025-04-09T06:42:29.714+0000] {dagbag.py:588} INFO - Filling up the DagBag from /opt/airflow/dags/driven_data_pipeline.py
[2025-04-09T06:42:29.963+0000] {processor.py:925} INFO - DAG(s) 'extract_raw_data_pipeline' retrieved from /opt/airflow/dags/driven_data_pipeline.py
[2025-04-09T06:42:30.000+0000] {logging_mixin.py:190} INFO - [2025-04-09T06:42:30.000+0000] {dag.py:3239} INFO - Sync 1 DAGs
[2025-04-09T06:42:30.026+0000] {logging_mixin.py:190} INFO - [2025-04-09T06:42:30.026+0000] {dag.py:4180} INFO - Setting next_dagrun for extract_raw_data_pipeline to 2025-04-08 07:59:00+00:00, run_after=2025-04-09 07:00:00+00:00
[2025-04-09T06:42:30.047+0000] {processor.py:208} INFO - Processing /opt/airflow/dags/driven_data_pipeline.py took 0.354 seconds
[2025-04-09T06:43:00.171+0000] {processor.py:186} INFO - Started process (PID=473) to work on /opt/airflow/dags/driven_data_pipeline.py
[2025-04-09T06:43:00.173+0000] {processor.py:914} INFO - Processing file /opt/airflow/dags/driven_data_pipeline.py for tasks to queue
[2025-04-09T06:43:00.176+0000] {logging_mixin.py:190} INFO - [2025-04-09T06:43:00.176+0000] {dagbag.py:588} INFO - Filling up the DagBag from /opt/airflow/dags/driven_data_pipeline.py
[2025-04-09T06:43:00.438+0000] {processor.py:925} INFO - DAG(s) 'extract_raw_data_pipeline' retrieved from /opt/airflow/dags/driven_data_pipeline.py
[2025-04-09T06:43:00.484+0000] {logging_mixin.py:190} INFO - [2025-04-09T06:43:00.484+0000] {dag.py:3239} INFO - Sync 1 DAGs
[2025-04-09T06:43:00.535+0000] {logging_mixin.py:190} INFO - [2025-04-09T06:43:00.535+0000] {dag.py:4180} INFO - Setting next_dagrun for extract_raw_data_pipeline to 2025-04-08 07:59:00+00:00, run_after=2025-04-09 07:00:00+00:00
[2025-04-09T06:43:00.569+0000] {processor.py:208} INFO - Processing /opt/airflow/dags/driven_data_pipeline.py took 0.407 seconds
[2025-04-09T06:43:30.847+0000] {processor.py:186} INFO - Started process (PID=476) to work on /opt/airflow/dags/driven_data_pipeline.py
[2025-04-09T06:43:30.849+0000] {processor.py:914} INFO - Processing file /opt/airflow/dags/driven_data_pipeline.py for tasks to queue
[2025-04-09T06:43:30.854+0000] {logging_mixin.py:190} INFO - [2025-04-09T06:43:30.853+0000] {dagbag.py:588} INFO - Filling up the DagBag from /opt/airflow/dags/driven_data_pipeline.py
[2025-04-09T06:43:31.113+0000] {processor.py:925} INFO - DAG(s) 'extract_raw_data_pipeline' retrieved from /opt/airflow/dags/driven_data_pipeline.py
[2025-04-09T06:43:31.154+0000] {logging_mixin.py:190} INFO - [2025-04-09T06:43:31.154+0000] {dag.py:3239} INFO - Sync 1 DAGs
[2025-04-09T06:43:31.200+0000] {logging_mixin.py:190} INFO - [2025-04-09T06:43:31.200+0000] {dag.py:4180} INFO - Setting next_dagrun for extract_raw_data_pipeline to 2025-04-08 07:59:00+00:00, run_after=2025-04-09 07:00:00+00:00
[2025-04-09T06:43:31.234+0000] {processor.py:208} INFO - Processing /opt/airflow/dags/driven_data_pipeline.py took 0.401 seconds
[2025-04-09T06:44:01.552+0000] {processor.py:186} INFO - Started process (PID=479) to work on /opt/airflow/dags/driven_data_pipeline.py
[2025-04-09T06:44:01.554+0000] {processor.py:914} INFO - Processing file /opt/airflow/dags/driven_data_pipeline.py for tasks to queue
[2025-04-09T06:44:01.559+0000] {logging_mixin.py:190} INFO - [2025-04-09T06:44:01.558+0000] {dagbag.py:588} INFO - Filling up the DagBag from /opt/airflow/dags/driven_data_pipeline.py
[2025-04-09T06:44:01.865+0000] {processor.py:925} INFO - DAG(s) 'extract_raw_data_pipeline' retrieved from /opt/airflow/dags/driven_data_pipeline.py
[2025-04-09T06:44:01.932+0000] {logging_mixin.py:190} INFO - [2025-04-09T06:44:01.931+0000] {dag.py:3239} INFO - Sync 1 DAGs
[2025-04-09T06:44:02.025+0000] {logging_mixin.py:190} INFO - [2025-04-09T06:44:02.024+0000] {dag.py:4180} INFO - Setting next_dagrun for extract_raw_data_pipeline to 2025-04-08 07:59:00+00:00, run_after=2025-04-09 07:00:00+00:00
[2025-04-09T06:44:02.081+0000] {processor.py:208} INFO - Processing /opt/airflow/dags/driven_data_pipeline.py took 0.539 seconds
[2025-04-09T06:44:32.529+0000] {processor.py:186} INFO - Started process (PID=482) to work on /opt/airflow/dags/driven_data_pipeline.py
[2025-04-09T06:44:32.531+0000] {processor.py:914} INFO - Processing file /opt/airflow/dags/driven_data_pipeline.py for tasks to queue
[2025-04-09T06:44:32.535+0000] {logging_mixin.py:190} INFO - [2025-04-09T06:44:32.534+0000] {dagbag.py:588} INFO - Filling up the DagBag from /opt/airflow/dags/driven_data_pipeline.py
[2025-04-09T06:44:32.754+0000] {processor.py:925} INFO - DAG(s) 'extract_raw_data_pipeline' retrieved from /opt/airflow/dags/driven_data_pipeline.py
[2025-04-09T06:44:32.784+0000] {logging_mixin.py:190} INFO - [2025-04-09T06:44:32.784+0000] {dag.py:3239} INFO - Sync 1 DAGs
[2025-04-09T06:44:32.818+0000] {logging_mixin.py:190} INFO - [2025-04-09T06:44:32.817+0000] {dag.py:4180} INFO - Setting next_dagrun for extract_raw_data_pipeline to 2025-04-08 07:59:00+00:00, run_after=2025-04-09 07:00:00+00:00
[2025-04-09T06:44:32.842+0000] {processor.py:208} INFO - Processing /opt/airflow/dags/driven_data_pipeline.py took 0.323 seconds
[2025-04-09T06:45:02.916+0000] {processor.py:186} INFO - Started process (PID=485) to work on /opt/airflow/dags/driven_data_pipeline.py
[2025-04-09T06:45:02.918+0000] {processor.py:914} INFO - Processing file /opt/airflow/dags/driven_data_pipeline.py for tasks to queue
[2025-04-09T06:45:02.921+0000] {logging_mixin.py:190} INFO - [2025-04-09T06:45:02.920+0000] {dagbag.py:588} INFO - Filling up the DagBag from /opt/airflow/dags/driven_data_pipeline.py
[2025-04-09T06:45:03.105+0000] {processor.py:925} INFO - DAG(s) 'extract_raw_data_pipeline' retrieved from /opt/airflow/dags/driven_data_pipeline.py
[2025-04-09T06:45:03.131+0000] {logging_mixin.py:190} INFO - [2025-04-09T06:45:03.131+0000] {dag.py:3239} INFO - Sync 1 DAGs
[2025-04-09T06:45:03.157+0000] {logging_mixin.py:190} INFO - [2025-04-09T06:45:03.157+0000] {dag.py:4180} INFO - Setting next_dagrun for extract_raw_data_pipeline to 2025-04-08 07:59:00+00:00, run_after=2025-04-09 07:00:00+00:00
[2025-04-09T06:45:03.181+0000] {processor.py:208} INFO - Processing /opt/airflow/dags/driven_data_pipeline.py took 0.273 seconds
[2025-04-09T06:45:13.168+0000] {processor.py:186} INFO - Started process (PID=487) to work on /opt/airflow/dags/driven_data_pipeline.py
[2025-04-09T06:45:13.169+0000] {processor.py:914} INFO - Processing file /opt/airflow/dags/driven_data_pipeline.py for tasks to queue
[2025-04-09T06:45:13.172+0000] {logging_mixin.py:190} INFO - [2025-04-09T06:45:13.172+0000] {dagbag.py:588} INFO - Filling up the DagBag from /opt/airflow/dags/driven_data_pipeline.py
[2025-04-09T06:45:13.373+0000] {processor.py:925} INFO - DAG(s) 'extract_raw_data_pipeline' retrieved from /opt/airflow/dags/driven_data_pipeline.py
[2025-04-09T06:45:13.491+0000] {logging_mixin.py:190} INFO - [2025-04-09T06:45:13.491+0000] {dag.py:3239} INFO - Sync 1 DAGs
[2025-04-09T06:45:13.514+0000] {logging_mixin.py:190} INFO - [2025-04-09T06:45:13.514+0000] {dag.py:4180} INFO - Setting next_dagrun for extract_raw_data_pipeline to 2025-04-08 07:59:00+00:00, run_after=2025-04-09 07:00:00+00:00
[2025-04-09T06:45:13.541+0000] {processor.py:208} INFO - Processing /opt/airflow/dags/driven_data_pipeline.py took 0.380 seconds
[2025-04-09T06:45:43.765+0000] {processor.py:186} INFO - Started process (PID=490) to work on /opt/airflow/dags/driven_data_pipeline.py
[2025-04-09T06:45:43.767+0000] {processor.py:914} INFO - Processing file /opt/airflow/dags/driven_data_pipeline.py for tasks to queue
[2025-04-09T06:45:43.771+0000] {logging_mixin.py:190} INFO - [2025-04-09T06:45:43.770+0000] {dagbag.py:588} INFO - Filling up the DagBag from /opt/airflow/dags/driven_data_pipeline.py
[2025-04-09T06:45:44.022+0000] {processor.py:925} INFO - DAG(s) 'extract_raw_data_pipeline' retrieved from /opt/airflow/dags/driven_data_pipeline.py
[2025-04-09T06:45:44.053+0000] {logging_mixin.py:190} INFO - [2025-04-09T06:45:44.053+0000] {dag.py:3239} INFO - Sync 1 DAGs
[2025-04-09T06:45:44.083+0000] {logging_mixin.py:190} INFO - [2025-04-09T06:45:44.083+0000] {dag.py:4180} INFO - Setting next_dagrun for extract_raw_data_pipeline to 2025-04-08 07:59:00+00:00, run_after=2025-04-09 07:00:00+00:00
[2025-04-09T06:45:44.107+0000] {processor.py:208} INFO - Processing /opt/airflow/dags/driven_data_pipeline.py took 0.353 seconds
[2025-04-09T06:46:14.462+0000] {processor.py:186} INFO - Started process (PID=497) to work on /opt/airflow/dags/driven_data_pipeline.py
[2025-04-09T06:46:14.464+0000] {processor.py:914} INFO - Processing file /opt/airflow/dags/driven_data_pipeline.py for tasks to queue
[2025-04-09T06:46:14.470+0000] {logging_mixin.py:190} INFO - [2025-04-09T06:46:14.469+0000] {dagbag.py:588} INFO - Filling up the DagBag from /opt/airflow/dags/driven_data_pipeline.py
[2025-04-09T06:46:14.906+0000] {processor.py:925} INFO - DAG(s) 'extract_raw_data_pipeline' retrieved from /opt/airflow/dags/driven_data_pipeline.py
[2025-04-09T06:46:15.000+0000] {logging_mixin.py:190} INFO - [2025-04-09T06:46:14.999+0000] {dag.py:3239} INFO - Sync 1 DAGs
[2025-04-09T06:46:15.057+0000] {logging_mixin.py:190} INFO - [2025-04-09T06:46:15.056+0000] {dag.py:4180} INFO - Setting next_dagrun for extract_raw_data_pipeline to 2025-04-08 07:59:00+00:00, run_after=2025-04-09 07:00:00+00:00
[2025-04-09T06:46:15.095+0000] {processor.py:208} INFO - Processing /opt/airflow/dags/driven_data_pipeline.py took 0.652 seconds
[2025-04-09T06:46:45.361+0000] {processor.py:186} INFO - Started process (PID=504) to work on /opt/airflow/dags/driven_data_pipeline.py
[2025-04-09T06:46:45.363+0000] {processor.py:914} INFO - Processing file /opt/airflow/dags/driven_data_pipeline.py for tasks to queue
[2025-04-09T06:46:45.367+0000] {logging_mixin.py:190} INFO - [2025-04-09T06:46:45.366+0000] {dagbag.py:588} INFO - Filling up the DagBag from /opt/airflow/dags/driven_data_pipeline.py
[2025-04-09T06:46:45.598+0000] {processor.py:925} INFO - DAG(s) 'extract_raw_data_pipeline' retrieved from /opt/airflow/dags/driven_data_pipeline.py
[2025-04-09T06:46:45.636+0000] {logging_mixin.py:190} INFO - [2025-04-09T06:46:45.635+0000] {dag.py:3239} INFO - Sync 1 DAGs
[2025-04-09T06:46:45.667+0000] {logging_mixin.py:190} INFO - [2025-04-09T06:46:45.667+0000] {dag.py:4180} INFO - Setting next_dagrun for extract_raw_data_pipeline to 2025-04-08 07:59:00+00:00, run_after=2025-04-09 07:00:00+00:00
[2025-04-09T06:46:45.694+0000] {processor.py:208} INFO - Processing /opt/airflow/dags/driven_data_pipeline.py took 0.342 seconds
[2025-04-09T06:47:15.956+0000] {processor.py:186} INFO - Started process (PID=507) to work on /opt/airflow/dags/driven_data_pipeline.py
[2025-04-09T06:47:15.958+0000] {processor.py:914} INFO - Processing file /opt/airflow/dags/driven_data_pipeline.py for tasks to queue
[2025-04-09T06:47:15.962+0000] {logging_mixin.py:190} INFO - [2025-04-09T06:47:15.961+0000] {dagbag.py:588} INFO - Filling up the DagBag from /opt/airflow/dags/driven_data_pipeline.py
[2025-04-09T06:47:16.208+0000] {processor.py:925} INFO - DAG(s) 'extract_raw_data_pipeline' retrieved from /opt/airflow/dags/driven_data_pipeline.py
[2025-04-09T06:47:16.242+0000] {logging_mixin.py:190} INFO - [2025-04-09T06:47:16.242+0000] {dag.py:3239} INFO - Sync 1 DAGs
[2025-04-09T06:47:16.276+0000] {logging_mixin.py:190} INFO - [2025-04-09T06:47:16.276+0000] {dag.py:4180} INFO - Setting next_dagrun for extract_raw_data_pipeline to 2025-04-08 07:59:00+00:00, run_after=2025-04-09 07:00:00+00:00
[2025-04-09T06:47:16.306+0000] {processor.py:208} INFO - Processing /opt/airflow/dags/driven_data_pipeline.py took 0.361 seconds
[2025-04-09T06:47:46.606+0000] {processor.py:186} INFO - Started process (PID=510) to work on /opt/airflow/dags/driven_data_pipeline.py
[2025-04-09T06:47:46.607+0000] {processor.py:914} INFO - Processing file /opt/airflow/dags/driven_data_pipeline.py for tasks to queue
[2025-04-09T06:47:46.611+0000] {logging_mixin.py:190} INFO - [2025-04-09T06:47:46.610+0000] {dagbag.py:588} INFO - Filling up the DagBag from /opt/airflow/dags/driven_data_pipeline.py
[2025-04-09T06:47:46.823+0000] {processor.py:925} INFO - DAG(s) 'extract_raw_data_pipeline' retrieved from /opt/airflow/dags/driven_data_pipeline.py
[2025-04-09T06:47:46.861+0000] {logging_mixin.py:190} INFO - [2025-04-09T06:47:46.860+0000] {dag.py:3239} INFO - Sync 1 DAGs
[2025-04-09T06:47:46.905+0000] {logging_mixin.py:190} INFO - [2025-04-09T06:47:46.905+0000] {dag.py:4180} INFO - Setting next_dagrun for extract_raw_data_pipeline to 2025-04-08 07:59:00+00:00, run_after=2025-04-09 07:00:00+00:00
[2025-04-09T06:47:46.932+0000] {processor.py:208} INFO - Processing /opt/airflow/dags/driven_data_pipeline.py took 0.335 seconds
[2025-04-09T06:48:17.057+0000] {processor.py:186} INFO - Started process (PID=513) to work on /opt/airflow/dags/driven_data_pipeline.py
[2025-04-09T06:48:17.059+0000] {processor.py:914} INFO - Processing file /opt/airflow/dags/driven_data_pipeline.py for tasks to queue
[2025-04-09T06:48:17.064+0000] {logging_mixin.py:190} INFO - [2025-04-09T06:48:17.063+0000] {dagbag.py:588} INFO - Filling up the DagBag from /opt/airflow/dags/driven_data_pipeline.py
[2025-04-09T06:48:17.284+0000] {processor.py:925} INFO - DAG(s) 'extract_raw_data_pipeline' retrieved from /opt/airflow/dags/driven_data_pipeline.py
[2025-04-09T06:48:17.322+0000] {logging_mixin.py:190} INFO - [2025-04-09T06:48:17.322+0000] {dag.py:3239} INFO - Sync 1 DAGs
[2025-04-09T06:48:17.354+0000] {logging_mixin.py:190} INFO - [2025-04-09T06:48:17.353+0000] {dag.py:4180} INFO - Setting next_dagrun for extract_raw_data_pipeline to 2025-04-08 07:59:00+00:00, run_after=2025-04-09 07:00:00+00:00
[2025-04-09T06:48:17.386+0000] {processor.py:208} INFO - Processing /opt/airflow/dags/driven_data_pipeline.py took 0.338 seconds
[2025-04-09T06:48:47.792+0000] {processor.py:186} INFO - Started process (PID=516) to work on /opt/airflow/dags/driven_data_pipeline.py
[2025-04-09T06:48:47.794+0000] {processor.py:914} INFO - Processing file /opt/airflow/dags/driven_data_pipeline.py for tasks to queue
[2025-04-09T06:48:47.798+0000] {logging_mixin.py:190} INFO - [2025-04-09T06:48:47.797+0000] {dagbag.py:588} INFO - Filling up the DagBag from /opt/airflow/dags/driven_data_pipeline.py
[2025-04-09T06:48:48.017+0000] {processor.py:925} INFO - DAG(s) 'extract_raw_data_pipeline' retrieved from /opt/airflow/dags/driven_data_pipeline.py
[2025-04-09T06:48:48.059+0000] {logging_mixin.py:190} INFO - [2025-04-09T06:48:48.058+0000] {dag.py:3239} INFO - Sync 1 DAGs
[2025-04-09T06:48:48.106+0000] {logging_mixin.py:190} INFO - [2025-04-09T06:48:48.105+0000] {dag.py:4180} INFO - Setting next_dagrun for extract_raw_data_pipeline to 2025-04-08 07:59:00+00:00, run_after=2025-04-09 07:00:00+00:00
[2025-04-09T06:48:48.138+0000] {processor.py:208} INFO - Processing /opt/airflow/dags/driven_data_pipeline.py took 0.355 seconds
[2025-04-09T06:49:18.435+0000] {processor.py:186} INFO - Started process (PID=523) to work on /opt/airflow/dags/driven_data_pipeline.py
[2025-04-09T06:49:18.438+0000] {processor.py:914} INFO - Processing file /opt/airflow/dags/driven_data_pipeline.py for tasks to queue
[2025-04-09T06:49:18.453+0000] {logging_mixin.py:190} INFO - [2025-04-09T06:49:18.452+0000] {dagbag.py:588} INFO - Filling up the DagBag from /opt/airflow/dags/driven_data_pipeline.py
[2025-04-09T06:49:18.983+0000] {processor.py:925} INFO - DAG(s) 'extract_raw_data_pipeline' retrieved from /opt/airflow/dags/driven_data_pipeline.py
[2025-04-09T06:49:19.025+0000] {logging_mixin.py:190} INFO - [2025-04-09T06:49:19.025+0000] {dag.py:3239} INFO - Sync 1 DAGs
[2025-04-09T06:49:19.066+0000] {logging_mixin.py:190} INFO - [2025-04-09T06:49:19.066+0000] {dag.py:4180} INFO - Setting next_dagrun for extract_raw_data_pipeline to 2025-04-08 07:59:00+00:00, run_after=2025-04-09 07:00:00+00:00
[2025-04-09T06:49:19.104+0000] {processor.py:208} INFO - Processing /opt/airflow/dags/driven_data_pipeline.py took 0.686 seconds
[2025-04-09T06:49:49.281+0000] {processor.py:186} INFO - Started process (PID=526) to work on /opt/airflow/dags/driven_data_pipeline.py
[2025-04-09T06:49:49.283+0000] {processor.py:914} INFO - Processing file /opt/airflow/dags/driven_data_pipeline.py for tasks to queue
[2025-04-09T06:49:49.286+0000] {logging_mixin.py:190} INFO - [2025-04-09T06:49:49.286+0000] {dagbag.py:588} INFO - Filling up the DagBag from /opt/airflow/dags/driven_data_pipeline.py
[2025-04-09T06:49:49.491+0000] {processor.py:925} INFO - DAG(s) 'extract_raw_data_pipeline' retrieved from /opt/airflow/dags/driven_data_pipeline.py
[2025-04-09T06:49:49.526+0000] {logging_mixin.py:190} INFO - [2025-04-09T06:49:49.525+0000] {dag.py:3239} INFO - Sync 1 DAGs
[2025-04-09T06:49:49.560+0000] {logging_mixin.py:190} INFO - [2025-04-09T06:49:49.560+0000] {dag.py:4180} INFO - Setting next_dagrun for extract_raw_data_pipeline to 2025-04-08 07:59:00+00:00, run_after=2025-04-09 07:00:00+00:00
[2025-04-09T06:49:49.591+0000] {processor.py:208} INFO - Processing /opt/airflow/dags/driven_data_pipeline.py took 0.317 seconds
[2025-04-09T06:50:13.537+0000] {processor.py:186} INFO - Started process (PID=533) to work on /opt/airflow/dags/driven_data_pipeline.py
[2025-04-09T06:50:13.538+0000] {processor.py:914} INFO - Processing file /opt/airflow/dags/driven_data_pipeline.py for tasks to queue
[2025-04-09T06:50:13.542+0000] {logging_mixin.py:190} INFO - [2025-04-09T06:50:13.541+0000] {dagbag.py:588} INFO - Filling up the DagBag from /opt/airflow/dags/driven_data_pipeline.py
[2025-04-09T06:50:13.726+0000] {processor.py:925} INFO - DAG(s) 'extract_raw_data_pipeline' retrieved from /opt/airflow/dags/driven_data_pipeline.py
[2025-04-09T06:50:13.871+0000] {logging_mixin.py:190} INFO - [2025-04-09T06:50:13.870+0000] {dag.py:3239} INFO - Sync 1 DAGs
[2025-04-09T06:50:13.919+0000] {logging_mixin.py:190} INFO - [2025-04-09T06:50:13.917+0000] {dag.py:4180} INFO - Setting next_dagrun for extract_raw_data_pipeline to 2025-04-08 07:59:00+00:00, run_after=2025-04-09 07:00:00+00:00
[2025-04-09T06:50:13.968+0000] {processor.py:208} INFO - Processing /opt/airflow/dags/driven_data_pipeline.py took 0.438 seconds
[2025-04-09T06:50:16.151+0000] {processor.py:186} INFO - Started process (PID=535) to work on /opt/airflow/dags/driven_data_pipeline.py
[2025-04-09T06:50:16.154+0000] {processor.py:914} INFO - Processing file /opt/airflow/dags/driven_data_pipeline.py for tasks to queue
[2025-04-09T06:50:16.163+0000] {logging_mixin.py:190} INFO - [2025-04-09T06:50:16.161+0000] {dagbag.py:588} INFO - Filling up the DagBag from /opt/airflow/dags/driven_data_pipeline.py
[2025-04-09T06:50:16.575+0000] {processor.py:925} INFO - DAG(s) 'extract_raw_data_pipeline' retrieved from /opt/airflow/dags/driven_data_pipeline.py
[2025-04-09T06:50:16.609+0000] {logging_mixin.py:190} INFO - [2025-04-09T06:50:16.608+0000] {dag.py:3239} INFO - Sync 1 DAGs
[2025-04-09T06:50:16.657+0000] {logging_mixin.py:190} INFO - [2025-04-09T06:50:16.656+0000] {dag.py:4180} INFO - Setting next_dagrun for extract_raw_data_pipeline to 2025-04-08 07:59:00+00:00, run_after=2025-04-09 07:00:00+00:00
[2025-04-09T06:50:16.694+0000] {processor.py:208} INFO - Processing /opt/airflow/dags/driven_data_pipeline.py took 0.569 seconds
[2025-04-09T06:50:24.723+0000] {processor.py:186} INFO - Started process (PID=542) to work on /opt/airflow/dags/driven_data_pipeline.py
[2025-04-09T06:50:24.724+0000] {processor.py:914} INFO - Processing file /opt/airflow/dags/driven_data_pipeline.py for tasks to queue
[2025-04-09T06:50:24.729+0000] {logging_mixin.py:190} INFO - [2025-04-09T06:50:24.729+0000] {dagbag.py:588} INFO - Filling up the DagBag from /opt/airflow/dags/driven_data_pipeline.py
[2025-04-09T06:50:24.923+0000] {processor.py:925} INFO - DAG(s) 'extract_raw_data_pipeline' retrieved from /opt/airflow/dags/driven_data_pipeline.py
[2025-04-09T06:50:24.937+0000] {logging_mixin.py:190} INFO - [2025-04-09T06:50:24.937+0000] {dag.py:3239} INFO - Sync 1 DAGs
[2025-04-09T06:50:24.973+0000] {logging_mixin.py:190} INFO - [2025-04-09T06:50:24.973+0000] {dag.py:4180} INFO - Setting next_dagrun for extract_raw_data_pipeline to 2025-04-08 07:59:00+00:00, run_after=2025-04-09 07:00:00+00:00
[2025-04-09T06:50:24.998+0000] {processor.py:208} INFO - Processing /opt/airflow/dags/driven_data_pipeline.py took 0.284 seconds
[2025-04-09T06:50:55.224+0000] {processor.py:186} INFO - Started process (PID=545) to work on /opt/airflow/dags/driven_data_pipeline.py
[2025-04-09T06:50:55.226+0000] {processor.py:914} INFO - Processing file /opt/airflow/dags/driven_data_pipeline.py for tasks to queue
[2025-04-09T06:50:55.229+0000] {logging_mixin.py:190} INFO - [2025-04-09T06:50:55.228+0000] {dagbag.py:588} INFO - Filling up the DagBag from /opt/airflow/dags/driven_data_pipeline.py
[2025-04-09T06:50:55.408+0000] {processor.py:925} INFO - DAG(s) 'extract_raw_data_pipeline' retrieved from /opt/airflow/dags/driven_data_pipeline.py
[2025-04-09T06:50:55.438+0000] {logging_mixin.py:190} INFO - [2025-04-09T06:50:55.437+0000] {dag.py:3239} INFO - Sync 1 DAGs
[2025-04-09T06:50:55.464+0000] {logging_mixin.py:190} INFO - [2025-04-09T06:50:55.464+0000] {dag.py:4180} INFO - Setting next_dagrun for extract_raw_data_pipeline to 2025-04-08 07:59:00+00:00, run_after=2025-04-09 07:00:00+00:00
[2025-04-09T06:50:55.486+0000] {processor.py:208} INFO - Processing /opt/airflow/dags/driven_data_pipeline.py took 0.270 seconds
[2025-04-09T06:51:25.748+0000] {processor.py:186} INFO - Started process (PID=548) to work on /opt/airflow/dags/driven_data_pipeline.py
[2025-04-09T06:51:25.753+0000] {processor.py:914} INFO - Processing file /opt/airflow/dags/driven_data_pipeline.py for tasks to queue
[2025-04-09T06:51:25.765+0000] {logging_mixin.py:190} INFO - [2025-04-09T06:51:25.764+0000] {dagbag.py:588} INFO - Filling up the DagBag from /opt/airflow/dags/driven_data_pipeline.py
[2025-04-09T06:51:26.119+0000] {processor.py:925} INFO - DAG(s) 'extract_raw_data_pipeline' retrieved from /opt/airflow/dags/driven_data_pipeline.py
[2025-04-09T06:51:26.175+0000] {logging_mixin.py:190} INFO - [2025-04-09T06:51:26.175+0000] {dag.py:3239} INFO - Sync 1 DAGs
[2025-04-09T06:51:26.229+0000] {logging_mixin.py:190} INFO - [2025-04-09T06:51:26.228+0000] {dag.py:4180} INFO - Setting next_dagrun for extract_raw_data_pipeline to 2025-04-08 07:59:00+00:00, run_after=2025-04-09 07:00:00+00:00
[2025-04-09T06:51:26.266+0000] {processor.py:208} INFO - Processing /opt/airflow/dags/driven_data_pipeline.py took 0.532 seconds
[2025-04-09T06:51:56.626+0000] {processor.py:186} INFO - Started process (PID=551) to work on /opt/airflow/dags/driven_data_pipeline.py
[2025-04-09T06:51:56.628+0000] {processor.py:914} INFO - Processing file /opt/airflow/dags/driven_data_pipeline.py for tasks to queue
[2025-04-09T06:51:56.631+0000] {logging_mixin.py:190} INFO - [2025-04-09T06:51:56.631+0000] {dagbag.py:588} INFO - Filling up the DagBag from /opt/airflow/dags/driven_data_pipeline.py
[2025-04-09T06:51:56.840+0000] {processor.py:925} INFO - DAG(s) 'extract_raw_data_pipeline' retrieved from /opt/airflow/dags/driven_data_pipeline.py
[2025-04-09T06:51:56.871+0000] {logging_mixin.py:190} INFO - [2025-04-09T06:51:56.871+0000] {dag.py:3239} INFO - Sync 1 DAGs
[2025-04-09T06:51:56.904+0000] {logging_mixin.py:190} INFO - [2025-04-09T06:51:56.903+0000] {dag.py:4180} INFO - Setting next_dagrun for extract_raw_data_pipeline to 2025-04-08 07:59:00+00:00, run_after=2025-04-09 07:00:00+00:00
[2025-04-09T06:51:56.928+0000] {processor.py:208} INFO - Processing /opt/airflow/dags/driven_data_pipeline.py took 0.310 seconds
[2025-04-09T06:52:27.151+0000] {processor.py:186} INFO - Started process (PID=554) to work on /opt/airflow/dags/driven_data_pipeline.py
[2025-04-09T06:52:27.153+0000] {processor.py:914} INFO - Processing file /opt/airflow/dags/driven_data_pipeline.py for tasks to queue
[2025-04-09T06:52:27.159+0000] {logging_mixin.py:190} INFO - [2025-04-09T06:52:27.158+0000] {dagbag.py:588} INFO - Filling up the DagBag from /opt/airflow/dags/driven_data_pipeline.py
[2025-04-09T06:52:27.484+0000] {processor.py:925} INFO - DAG(s) 'extract_raw_data_pipeline' retrieved from /opt/airflow/dags/driven_data_pipeline.py
[2025-04-09T06:52:27.566+0000] {logging_mixin.py:190} INFO - [2025-04-09T06:52:27.566+0000] {dag.py:3239} INFO - Sync 1 DAGs
[2025-04-09T06:52:27.633+0000] {logging_mixin.py:190} INFO - [2025-04-09T06:52:27.633+0000] {dag.py:4180} INFO - Setting next_dagrun for extract_raw_data_pipeline to 2025-04-08 07:59:00+00:00, run_after=2025-04-09 07:00:00+00:00
[2025-04-09T06:52:27.696+0000] {processor.py:208} INFO - Processing /opt/airflow/dags/driven_data_pipeline.py took 0.558 seconds
[2025-04-09T06:52:58.039+0000] {processor.py:186} INFO - Started process (PID=561) to work on /opt/airflow/dags/driven_data_pipeline.py
[2025-04-09T06:52:58.042+0000] {processor.py:914} INFO - Processing file /opt/airflow/dags/driven_data_pipeline.py for tasks to queue
[2025-04-09T06:52:58.047+0000] {logging_mixin.py:190} INFO - [2025-04-09T06:52:58.047+0000] {dagbag.py:588} INFO - Filling up the DagBag from /opt/airflow/dags/driven_data_pipeline.py
[2025-04-09T06:52:58.305+0000] {processor.py:925} INFO - DAG(s) 'extract_raw_data_pipeline' retrieved from /opt/airflow/dags/driven_data_pipeline.py
[2025-04-09T06:52:58.344+0000] {logging_mixin.py:190} INFO - [2025-04-09T06:52:58.344+0000] {dag.py:3239} INFO - Sync 1 DAGs
[2025-04-09T06:52:58.381+0000] {logging_mixin.py:190} INFO - [2025-04-09T06:52:58.381+0000] {dag.py:4180} INFO - Setting next_dagrun for extract_raw_data_pipeline to 2025-04-08 07:59:00+00:00, run_after=2025-04-09 07:00:00+00:00
[2025-04-09T06:52:58.410+0000] {processor.py:208} INFO - Processing /opt/airflow/dags/driven_data_pipeline.py took 0.381 seconds
[2025-04-09T06:53:03.393+0000] {processor.py:186} INFO - Started process (PID=563) to work on /opt/airflow/dags/driven_data_pipeline.py
[2025-04-09T06:53:03.394+0000] {processor.py:914} INFO - Processing file /opt/airflow/dags/driven_data_pipeline.py for tasks to queue
[2025-04-09T06:53:03.397+0000] {logging_mixin.py:190} INFO - [2025-04-09T06:53:03.397+0000] {dagbag.py:588} INFO - Filling up the DagBag from /opt/airflow/dags/driven_data_pipeline.py
[2025-04-09T06:53:03.617+0000] {processor.py:925} INFO - DAG(s) 'extract_raw_data_pipeline' retrieved from /opt/airflow/dags/driven_data_pipeline.py
[2025-04-09T06:53:03.748+0000] {logging_mixin.py:190} INFO - [2025-04-09T06:53:03.747+0000] {dag.py:3239} INFO - Sync 1 DAGs
[2025-04-09T06:53:03.777+0000] {logging_mixin.py:190} INFO - [2025-04-09T06:53:03.777+0000] {dag.py:4180} INFO - Setting next_dagrun for extract_raw_data_pipeline to 2025-04-08 07:59:00+00:00, run_after=2025-04-09 07:00:00+00:00
[2025-04-09T06:53:03.809+0000] {processor.py:208} INFO - Processing /opt/airflow/dags/driven_data_pipeline.py took 0.425 seconds
[2025-04-09T06:53:04.545+0000] {processor.py:186} INFO - Started process (PID=565) to work on /opt/airflow/dags/driven_data_pipeline.py
[2025-04-09T06:53:04.547+0000] {processor.py:914} INFO - Processing file /opt/airflow/dags/driven_data_pipeline.py for tasks to queue
[2025-04-09T06:53:04.551+0000] {logging_mixin.py:190} INFO - [2025-04-09T06:53:04.551+0000] {dagbag.py:588} INFO - Filling up the DagBag from /opt/airflow/dags/driven_data_pipeline.py
[2025-04-09T06:53:04.949+0000] {processor.py:925} INFO - DAG(s) 'extract_raw_data_pipeline' retrieved from /opt/airflow/dags/driven_data_pipeline.py
[2025-04-09T06:53:04.987+0000] {logging_mixin.py:190} INFO - [2025-04-09T06:53:04.985+0000] {dag.py:3239} INFO - Sync 1 DAGs
[2025-04-09T06:53:05.044+0000] {logging_mixin.py:190} INFO - [2025-04-09T06:53:05.043+0000] {dag.py:4180} INFO - Setting next_dagrun for extract_raw_data_pipeline to 2025-04-08 07:59:00+00:00, run_after=2025-04-09 07:00:00+00:00
[2025-04-09T06:53:05.088+0000] {processor.py:208} INFO - Processing /opt/airflow/dags/driven_data_pipeline.py took 0.556 seconds
[2025-04-09T06:53:14.077+0000] {processor.py:186} INFO - Started process (PID=571) to work on /opt/airflow/dags/driven_data_pipeline.py
[2025-04-09T06:53:14.081+0000] {processor.py:914} INFO - Processing file /opt/airflow/dags/driven_data_pipeline.py for tasks to queue
[2025-04-09T06:53:14.089+0000] {logging_mixin.py:190} INFO - [2025-04-09T06:53:14.087+0000] {dagbag.py:588} INFO - Filling up the DagBag from /opt/airflow/dags/driven_data_pipeline.py
[2025-04-09T06:53:14.444+0000] {processor.py:925} INFO - DAG(s) 'extract_raw_data_pipeline' retrieved from /opt/airflow/dags/driven_data_pipeline.py
[2025-04-09T06:53:14.464+0000] {logging_mixin.py:190} INFO - [2025-04-09T06:53:14.464+0000] {dag.py:3239} INFO - Sync 1 DAGs
[2025-04-09T06:53:14.511+0000] {logging_mixin.py:190} INFO - [2025-04-09T06:53:14.511+0000] {dag.py:4180} INFO - Setting next_dagrun for extract_raw_data_pipeline to 2025-04-08 07:59:00+00:00, run_after=2025-04-09 07:00:00+00:00
[2025-04-09T06:53:14.561+0000] {processor.py:208} INFO - Processing /opt/airflow/dags/driven_data_pipeline.py took 0.519 seconds
[2025-04-09T06:53:45.117+0000] {processor.py:186} INFO - Started process (PID=578) to work on /opt/airflow/dags/driven_data_pipeline.py
[2025-04-09T06:53:45.129+0000] {processor.py:914} INFO - Processing file /opt/airflow/dags/driven_data_pipeline.py for tasks to queue
[2025-04-09T06:53:45.152+0000] {logging_mixin.py:190} INFO - [2025-04-09T06:53:45.149+0000] {dagbag.py:588} INFO - Filling up the DagBag from /opt/airflow/dags/driven_data_pipeline.py
[2025-04-09T06:53:46.295+0000] {processor.py:925} INFO - DAG(s) 'extract_raw_data_pipeline' retrieved from /opt/airflow/dags/driven_data_pipeline.py
[2025-04-09T06:53:46.425+0000] {logging_mixin.py:190} INFO - [2025-04-09T06:53:46.425+0000] {dag.py:3239} INFO - Sync 1 DAGs
[2025-04-09T06:53:46.574+0000] {logging_mixin.py:190} INFO - [2025-04-09T06:53:46.574+0000] {dag.py:4180} INFO - Setting next_dagrun for extract_raw_data_pipeline to 2025-04-08 07:59:00+00:00, run_after=2025-04-09 07:00:00+00:00
[2025-04-09T06:53:46.664+0000] {processor.py:208} INFO - Processing /opt/airflow/dags/driven_data_pipeline.py took 1.588 seconds
[2025-04-09T06:54:17.056+0000] {processor.py:186} INFO - Started process (PID=581) to work on /opt/airflow/dags/driven_data_pipeline.py
[2025-04-09T06:54:17.057+0000] {processor.py:914} INFO - Processing file /opt/airflow/dags/driven_data_pipeline.py for tasks to queue
[2025-04-09T06:54:17.061+0000] {logging_mixin.py:190} INFO - [2025-04-09T06:54:17.060+0000] {dagbag.py:588} INFO - Filling up the DagBag from /opt/airflow/dags/driven_data_pipeline.py
[2025-04-09T06:54:17.390+0000] {processor.py:925} INFO - DAG(s) 'extract_raw_data_pipeline' retrieved from /opt/airflow/dags/driven_data_pipeline.py
[2025-04-09T06:54:17.426+0000] {logging_mixin.py:190} INFO - [2025-04-09T06:54:17.425+0000] {dag.py:3239} INFO - Sync 1 DAGs
[2025-04-09T06:54:17.455+0000] {logging_mixin.py:190} INFO - [2025-04-09T06:54:17.455+0000] {dag.py:4180} INFO - Setting next_dagrun for extract_raw_data_pipeline to 2025-04-08 07:59:00+00:00, run_after=2025-04-09 07:00:00+00:00
[2025-04-09T06:54:17.523+0000] {processor.py:208} INFO - Processing /opt/airflow/dags/driven_data_pipeline.py took 0.477 seconds
[2025-04-09T06:54:47.612+0000] {processor.py:186} INFO - Started process (PID=584) to work on /opt/airflow/dags/driven_data_pipeline.py
[2025-04-09T06:54:47.614+0000] {processor.py:914} INFO - Processing file /opt/airflow/dags/driven_data_pipeline.py for tasks to queue
[2025-04-09T06:54:47.619+0000] {logging_mixin.py:190} INFO - [2025-04-09T06:54:47.618+0000] {dagbag.py:588} INFO - Filling up the DagBag from /opt/airflow/dags/driven_data_pipeline.py
[2025-04-09T06:54:48.012+0000] {processor.py:925} INFO - DAG(s) 'extract_raw_data_pipeline' retrieved from /opt/airflow/dags/driven_data_pipeline.py
[2025-04-09T06:54:48.064+0000] {logging_mixin.py:190} INFO - [2025-04-09T06:54:48.063+0000] {dag.py:3239} INFO - Sync 1 DAGs
[2025-04-09T06:54:48.113+0000] {logging_mixin.py:190} INFO - [2025-04-09T06:54:48.112+0000] {dag.py:4180} INFO - Setting next_dagrun for extract_raw_data_pipeline to 2025-04-08 07:59:00+00:00, run_after=2025-04-09 07:00:00+00:00
[2025-04-09T06:54:48.139+0000] {processor.py:208} INFO - Processing /opt/airflow/dags/driven_data_pipeline.py took 0.536 seconds
[2025-04-09T06:55:18.207+0000] {processor.py:186} INFO - Started process (PID=591) to work on /opt/airflow/dags/driven_data_pipeline.py
[2025-04-09T06:55:18.210+0000] {processor.py:914} INFO - Processing file /opt/airflow/dags/driven_data_pipeline.py for tasks to queue
[2025-04-09T06:55:18.214+0000] {logging_mixin.py:190} INFO - [2025-04-09T06:55:18.213+0000] {dagbag.py:588} INFO - Filling up the DagBag from /opt/airflow/dags/driven_data_pipeline.py
[2025-04-09T06:55:18.501+0000] {processor.py:925} INFO - DAG(s) 'extract_raw_data_pipeline' retrieved from /opt/airflow/dags/driven_data_pipeline.py
[2025-04-09T06:55:18.538+0000] {logging_mixin.py:190} INFO - [2025-04-09T06:55:18.538+0000] {dag.py:3239} INFO - Sync 1 DAGs
[2025-04-09T06:55:18.575+0000] {logging_mixin.py:190} INFO - [2025-04-09T06:55:18.575+0000] {dag.py:4180} INFO - Setting next_dagrun for extract_raw_data_pipeline to 2025-04-08 07:59:00+00:00, run_after=2025-04-09 07:00:00+00:00
[2025-04-09T06:55:18.603+0000] {processor.py:208} INFO - Processing /opt/airflow/dags/driven_data_pipeline.py took 0.408 seconds
[2025-04-09T06:55:48.825+0000] {processor.py:186} INFO - Started process (PID=594) to work on /opt/airflow/dags/driven_data_pipeline.py
[2025-04-09T06:55:48.827+0000] {processor.py:914} INFO - Processing file /opt/airflow/dags/driven_data_pipeline.py for tasks to queue
[2025-04-09T06:55:48.833+0000] {logging_mixin.py:190} INFO - [2025-04-09T06:55:48.833+0000] {dagbag.py:588} INFO - Filling up the DagBag from /opt/airflow/dags/driven_data_pipeline.py
[2025-04-09T06:55:49.078+0000] {processor.py:925} INFO - DAG(s) 'extract_raw_data_pipeline' retrieved from /opt/airflow/dags/driven_data_pipeline.py
[2025-04-09T06:55:49.113+0000] {logging_mixin.py:190} INFO - [2025-04-09T06:55:49.113+0000] {dag.py:3239} INFO - Sync 1 DAGs
[2025-04-09T06:55:49.149+0000] {logging_mixin.py:190} INFO - [2025-04-09T06:55:49.149+0000] {dag.py:4180} INFO - Setting next_dagrun for extract_raw_data_pipeline to 2025-04-08 07:59:00+00:00, run_after=2025-04-09 07:00:00+00:00
[2025-04-09T06:55:49.177+0000] {processor.py:208} INFO - Processing /opt/airflow/dags/driven_data_pipeline.py took 0.367 seconds
[2025-04-09T06:56:19.262+0000] {processor.py:186} INFO - Started process (PID=601) to work on /opt/airflow/dags/driven_data_pipeline.py
[2025-04-09T06:56:19.264+0000] {processor.py:914} INFO - Processing file /opt/airflow/dags/driven_data_pipeline.py for tasks to queue
[2025-04-09T06:56:19.268+0000] {logging_mixin.py:190} INFO - [2025-04-09T06:56:19.267+0000] {dagbag.py:588} INFO - Filling up the DagBag from /opt/airflow/dags/driven_data_pipeline.py
[2025-04-09T06:56:19.514+0000] {processor.py:925} INFO - DAG(s) 'extract_raw_data_pipeline' retrieved from /opt/airflow/dags/driven_data_pipeline.py
[2025-04-09T06:56:19.557+0000] {logging_mixin.py:190} INFO - [2025-04-09T06:56:19.556+0000] {dag.py:3239} INFO - Sync 1 DAGs
[2025-04-09T06:56:19.590+0000] {logging_mixin.py:190} INFO - [2025-04-09T06:56:19.589+0000] {dag.py:4180} INFO - Setting next_dagrun for extract_raw_data_pipeline to 2025-04-08 07:59:00+00:00, run_after=2025-04-09 07:00:00+00:00
[2025-04-09T06:56:19.619+0000] {processor.py:208} INFO - Processing /opt/airflow/dags/driven_data_pipeline.py took 0.367 seconds
[2025-04-09T06:56:49.833+0000] {processor.py:186} INFO - Started process (PID=605) to work on /opt/airflow/dags/driven_data_pipeline.py
[2025-04-09T06:56:49.834+0000] {processor.py:914} INFO - Processing file /opt/airflow/dags/driven_data_pipeline.py for tasks to queue
[2025-04-09T06:56:49.838+0000] {logging_mixin.py:190} INFO - [2025-04-09T06:56:49.838+0000] {dagbag.py:588} INFO - Filling up the DagBag from /opt/airflow/dags/driven_data_pipeline.py
[2025-04-09T06:56:50.033+0000] {processor.py:925} INFO - DAG(s) 'extract_raw_data_pipeline' retrieved from /opt/airflow/dags/driven_data_pipeline.py
[2025-04-09T06:56:50.064+0000] {logging_mixin.py:190} INFO - [2025-04-09T06:56:50.063+0000] {dag.py:3239} INFO - Sync 1 DAGs
[2025-04-09T06:56:50.101+0000] {logging_mixin.py:190} INFO - [2025-04-09T06:56:50.100+0000] {dag.py:4180} INFO - Setting next_dagrun for extract_raw_data_pipeline to 2025-04-08 07:59:00+00:00, run_after=2025-04-09 07:00:00+00:00
[2025-04-09T06:56:50.130+0000] {processor.py:208} INFO - Processing /opt/airflow/dags/driven_data_pipeline.py took 0.306 seconds
[2025-04-09T06:57:20.211+0000] {processor.py:186} INFO - Started process (PID=608) to work on /opt/airflow/dags/driven_data_pipeline.py
[2025-04-09T06:57:20.213+0000] {processor.py:914} INFO - Processing file /opt/airflow/dags/driven_data_pipeline.py for tasks to queue
[2025-04-09T06:57:20.218+0000] {logging_mixin.py:190} INFO - [2025-04-09T06:57:20.217+0000] {dagbag.py:588} INFO - Filling up the DagBag from /opt/airflow/dags/driven_data_pipeline.py
[2025-04-09T06:57:20.462+0000] {processor.py:925} INFO - DAG(s) 'extract_raw_data_pipeline' retrieved from /opt/airflow/dags/driven_data_pipeline.py
[2025-04-09T06:57:20.494+0000] {logging_mixin.py:190} INFO - [2025-04-09T06:57:20.494+0000] {dag.py:3239} INFO - Sync 1 DAGs
[2025-04-09T06:57:20.527+0000] {logging_mixin.py:190} INFO - [2025-04-09T06:57:20.526+0000] {dag.py:4180} INFO - Setting next_dagrun for extract_raw_data_pipeline to 2025-04-08 07:59:00+00:00, run_after=2025-04-09 07:00:00+00:00
[2025-04-09T06:57:20.554+0000] {processor.py:208} INFO - Processing /opt/airflow/dags/driven_data_pipeline.py took 0.357 seconds
[2025-04-09T06:57:50.709+0000] {processor.py:186} INFO - Started process (PID=611) to work on /opt/airflow/dags/driven_data_pipeline.py
[2025-04-09T06:57:50.710+0000] {processor.py:914} INFO - Processing file /opt/airflow/dags/driven_data_pipeline.py for tasks to queue
[2025-04-09T06:57:50.713+0000] {logging_mixin.py:190} INFO - [2025-04-09T06:57:50.713+0000] {dagbag.py:588} INFO - Filling up the DagBag from /opt/airflow/dags/driven_data_pipeline.py
[2025-04-09T06:57:50.878+0000] {processor.py:925} INFO - DAG(s) 'extract_raw_data_pipeline' retrieved from /opt/airflow/dags/driven_data_pipeline.py
[2025-04-09T06:57:50.904+0000] {logging_mixin.py:190} INFO - [2025-04-09T06:57:50.904+0000] {dag.py:3239} INFO - Sync 1 DAGs
[2025-04-09T06:57:50.929+0000] {logging_mixin.py:190} INFO - [2025-04-09T06:57:50.929+0000] {dag.py:4180} INFO - Setting next_dagrun for extract_raw_data_pipeline to 2025-04-08 07:59:00+00:00, run_after=2025-04-09 07:00:00+00:00
[2025-04-09T06:57:50.955+0000] {processor.py:208} INFO - Processing /opt/airflow/dags/driven_data_pipeline.py took 0.253 seconds
[2025-04-09T06:58:21.005+0000] {processor.py:186} INFO - Started process (PID=614) to work on /opt/airflow/dags/driven_data_pipeline.py
[2025-04-09T06:58:21.007+0000] {processor.py:914} INFO - Processing file /opt/airflow/dags/driven_data_pipeline.py for tasks to queue
[2025-04-09T06:58:21.011+0000] {logging_mixin.py:190} INFO - [2025-04-09T06:58:21.010+0000] {dagbag.py:588} INFO - Filling up the DagBag from /opt/airflow/dags/driven_data_pipeline.py
[2025-04-09T06:58:21.177+0000] {processor.py:925} INFO - DAG(s) 'extract_raw_data_pipeline' retrieved from /opt/airflow/dags/driven_data_pipeline.py
[2025-04-09T06:58:21.203+0000] {logging_mixin.py:190} INFO - [2025-04-09T06:58:21.203+0000] {dag.py:3239} INFO - Sync 1 DAGs
[2025-04-09T06:58:21.225+0000] {logging_mixin.py:190} INFO - [2025-04-09T06:58:21.224+0000] {dag.py:4180} INFO - Setting next_dagrun for extract_raw_data_pipeline to 2025-04-08 07:59:00+00:00, run_after=2025-04-09 07:00:00+00:00
[2025-04-09T06:58:21.243+0000] {processor.py:208} INFO - Processing /opt/airflow/dags/driven_data_pipeline.py took 0.245 seconds
[2025-04-09T06:58:51.346+0000] {processor.py:186} INFO - Started process (PID=617) to work on /opt/airflow/dags/driven_data_pipeline.py
[2025-04-09T06:58:51.348+0000] {processor.py:914} INFO - Processing file /opt/airflow/dags/driven_data_pipeline.py for tasks to queue
[2025-04-09T06:58:51.352+0000] {logging_mixin.py:190} INFO - [2025-04-09T06:58:51.352+0000] {dagbag.py:588} INFO - Filling up the DagBag from /opt/airflow/dags/driven_data_pipeline.py
[2025-04-09T06:58:51.554+0000] {processor.py:925} INFO - DAG(s) 'extract_raw_data_pipeline' retrieved from /opt/airflow/dags/driven_data_pipeline.py
[2025-04-09T06:58:51.585+0000] {logging_mixin.py:190} INFO - [2025-04-09T06:58:51.585+0000] {dag.py:3239} INFO - Sync 1 DAGs
[2025-04-09T06:58:51.615+0000] {logging_mixin.py:190} INFO - [2025-04-09T06:58:51.615+0000] {dag.py:4180} INFO - Setting next_dagrun for extract_raw_data_pipeline to 2025-04-08 07:59:00+00:00, run_after=2025-04-09 07:00:00+00:00
[2025-04-09T06:58:51.641+0000] {processor.py:208} INFO - Processing /opt/airflow/dags/driven_data_pipeline.py took 0.304 seconds
[2025-04-09T06:59:21.792+0000] {processor.py:186} INFO - Started process (PID=620) to work on /opt/airflow/dags/driven_data_pipeline.py
[2025-04-09T06:59:21.794+0000] {processor.py:914} INFO - Processing file /opt/airflow/dags/driven_data_pipeline.py for tasks to queue
[2025-04-09T06:59:21.799+0000] {logging_mixin.py:190} INFO - [2025-04-09T06:59:21.798+0000] {dagbag.py:588} INFO - Filling up the DagBag from /opt/airflow/dags/driven_data_pipeline.py
[2025-04-09T06:59:22.015+0000] {processor.py:925} INFO - DAG(s) 'extract_raw_data_pipeline' retrieved from /opt/airflow/dags/driven_data_pipeline.py
[2025-04-09T06:59:22.051+0000] {logging_mixin.py:190} INFO - [2025-04-09T06:59:22.051+0000] {dag.py:3239} INFO - Sync 1 DAGs
[2025-04-09T06:59:22.083+0000] {logging_mixin.py:190} INFO - [2025-04-09T06:59:22.083+0000] {dag.py:4180} INFO - Setting next_dagrun for extract_raw_data_pipeline to 2025-04-08 07:59:00+00:00, run_after=2025-04-09 07:00:00+00:00
[2025-04-09T06:59:22.115+0000] {processor.py:208} INFO - Processing /opt/airflow/dags/driven_data_pipeline.py took 0.333 seconds
[2025-04-09T06:59:52.295+0000] {processor.py:186} INFO - Started process (PID=623) to work on /opt/airflow/dags/driven_data_pipeline.py
[2025-04-09T06:59:52.296+0000] {processor.py:914} INFO - Processing file /opt/airflow/dags/driven_data_pipeline.py for tasks to queue
[2025-04-09T06:59:52.299+0000] {logging_mixin.py:190} INFO - [2025-04-09T06:59:52.299+0000] {dagbag.py:588} INFO - Filling up the DagBag from /opt/airflow/dags/driven_data_pipeline.py
[2025-04-09T06:59:52.470+0000] {processor.py:925} INFO - DAG(s) 'extract_raw_data_pipeline' retrieved from /opt/airflow/dags/driven_data_pipeline.py
[2025-04-09T06:59:52.498+0000] {logging_mixin.py:190} INFO - [2025-04-09T06:59:52.497+0000] {dag.py:3239} INFO - Sync 1 DAGs
[2025-04-09T06:59:52.525+0000] {logging_mixin.py:190} INFO - [2025-04-09T06:59:52.525+0000] {dag.py:4180} INFO - Setting next_dagrun for extract_raw_data_pipeline to 2025-04-08 07:59:00+00:00, run_after=2025-04-09 07:00:00+00:00
[2025-04-09T06:59:52.555+0000] {processor.py:208} INFO - Processing /opt/airflow/dags/driven_data_pipeline.py took 0.267 seconds
[2025-04-09T07:00:19.485+0000] {processor.py:186} INFO - Started process (PID=630) to work on /opt/airflow/dags/driven_data_pipeline.py
[2025-04-09T07:00:19.486+0000] {processor.py:914} INFO - Processing file /opt/airflow/dags/driven_data_pipeline.py for tasks to queue
[2025-04-09T07:00:19.490+0000] {logging_mixin.py:190} INFO - [2025-04-09T07:00:19.489+0000] {dagbag.py:588} INFO - Filling up the DagBag from /opt/airflow/dags/driven_data_pipeline.py
[2025-04-09T07:00:19.747+0000] {processor.py:925} INFO - DAG(s) 'extract_raw_data_pipeline' retrieved from /opt/airflow/dags/driven_data_pipeline.py
[2025-04-09T07:00:19.784+0000] {logging_mixin.py:190} INFO - [2025-04-09T07:00:19.783+0000] {dag.py:3239} INFO - Sync 1 DAGs
[2025-04-09T07:00:19.816+0000] {logging_mixin.py:190} INFO - [2025-04-09T07:00:19.816+0000] {dag.py:4180} INFO - Setting next_dagrun for extract_raw_data_pipeline to 2025-04-09 07:00:00+00:00, run_after=2025-04-09 07:01:00+00:00
[2025-04-09T07:00:19.848+0000] {processor.py:208} INFO - Processing /opt/airflow/dags/driven_data_pipeline.py took 0.373 seconds
[2025-04-09T07:00:47.947+0000] {processor.py:186} INFO - Started process (PID=637) to work on /opt/airflow/dags/driven_data_pipeline.py
[2025-04-09T07:00:47.949+0000] {processor.py:914} INFO - Processing file /opt/airflow/dags/driven_data_pipeline.py for tasks to queue
[2025-04-09T07:00:47.953+0000] {logging_mixin.py:190} INFO - [2025-04-09T07:00:47.952+0000] {dagbag.py:588} INFO - Filling up the DagBag from /opt/airflow/dags/driven_data_pipeline.py
[2025-04-09T07:00:48.379+0000] {processor.py:925} INFO - DAG(s) 'extract_raw_data_pipeline' retrieved from /opt/airflow/dags/driven_data_pipeline.py
[2025-04-09T07:00:48.459+0000] {logging_mixin.py:190} INFO - [2025-04-09T07:00:48.459+0000] {dag.py:3239} INFO - Sync 1 DAGs
[2025-04-09T07:00:48.503+0000] {logging_mixin.py:190} INFO - [2025-04-09T07:00:48.503+0000] {dag.py:4180} INFO - Setting next_dagrun for extract_raw_data_pipeline to 2025-04-09 07:00:00+00:00, run_after=2025-04-09 07:01:00+00:00
[2025-04-09T07:00:48.537+0000] {processor.py:208} INFO - Processing /opt/airflow/dags/driven_data_pipeline.py took 0.603 seconds
[2025-04-09T07:01:18.894+0000] {processor.py:186} INFO - Started process (PID=648) to work on /opt/airflow/dags/driven_data_pipeline.py
[2025-04-09T07:01:18.896+0000] {processor.py:914} INFO - Processing file /opt/airflow/dags/driven_data_pipeline.py for tasks to queue
[2025-04-09T07:01:18.899+0000] {logging_mixin.py:190} INFO - [2025-04-09T07:01:18.898+0000] {dagbag.py:588} INFO - Filling up the DagBag from /opt/airflow/dags/driven_data_pipeline.py
[2025-04-09T07:01:19.108+0000] {processor.py:925} INFO - DAG(s) 'extract_raw_data_pipeline' retrieved from /opt/airflow/dags/driven_data_pipeline.py
[2025-04-09T07:01:19.141+0000] {logging_mixin.py:190} INFO - [2025-04-09T07:01:19.140+0000] {dag.py:3239} INFO - Sync 1 DAGs
[2025-04-09T07:01:19.172+0000] {logging_mixin.py:190} INFO - [2025-04-09T07:01:19.171+0000] {dag.py:4180} INFO - Setting next_dagrun for extract_raw_data_pipeline to 2025-04-09 07:01:00+00:00, run_after=2025-04-09 07:02:00+00:00
[2025-04-09T07:01:19.199+0000] {processor.py:208} INFO - Processing /opt/airflow/dags/driven_data_pipeline.py took 0.313 seconds
[2025-04-09T07:01:49.413+0000] {processor.py:186} INFO - Started process (PID=651) to work on /opt/airflow/dags/driven_data_pipeline.py
[2025-04-09T07:01:49.418+0000] {processor.py:914} INFO - Processing file /opt/airflow/dags/driven_data_pipeline.py for tasks to queue
[2025-04-09T07:01:49.431+0000] {logging_mixin.py:190} INFO - [2025-04-09T07:01:49.428+0000] {dagbag.py:588} INFO - Filling up the DagBag from /opt/airflow/dags/driven_data_pipeline.py
[2025-04-09T07:01:49.717+0000] {processor.py:925} INFO - DAG(s) 'extract_raw_data_pipeline' retrieved from /opt/airflow/dags/driven_data_pipeline.py
[2025-04-09T07:01:49.755+0000] {logging_mixin.py:190} INFO - [2025-04-09T07:01:49.754+0000] {dag.py:3239} INFO - Sync 1 DAGs
[2025-04-09T07:01:49.789+0000] {logging_mixin.py:190} INFO - [2025-04-09T07:01:49.788+0000] {dag.py:4180} INFO - Setting next_dagrun for extract_raw_data_pipeline to 2025-04-09 07:01:00+00:00, run_after=2025-04-09 07:02:00+00:00
[2025-04-09T07:01:49.813+0000] {processor.py:208} INFO - Processing /opt/airflow/dags/driven_data_pipeline.py took 0.415 seconds
[2025-04-09T07:02:07.066+0000] {processor.py:186} INFO - Started process (PID=657) to work on /opt/airflow/dags/driven_data_pipeline.py
[2025-04-09T07:02:07.068+0000] {processor.py:914} INFO - Processing file /opt/airflow/dags/driven_data_pipeline.py for tasks to queue
[2025-04-09T07:02:07.072+0000] {logging_mixin.py:190} INFO - [2025-04-09T07:02:07.071+0000] {dagbag.py:588} INFO - Filling up the DagBag from /opt/airflow/dags/driven_data_pipeline.py
[2025-04-09T07:02:07.350+0000] {processor.py:925} INFO - DAG(s) 'extract_raw_data_pipeline' retrieved from /opt/airflow/dags/driven_data_pipeline.py
[2025-04-09T07:02:07.386+0000] {logging_mixin.py:190} INFO - [2025-04-09T07:02:07.385+0000] {dag.py:3239} INFO - Sync 1 DAGs
[2025-04-09T07:02:07.423+0000] {logging_mixin.py:190} INFO - [2025-04-09T07:02:07.422+0000] {dag.py:4180} INFO - Setting next_dagrun for extract_raw_data_pipeline to 2025-04-09 07:02:00+00:00, run_after=2025-04-09 07:03:00+00:00
[2025-04-09T07:02:07.451+0000] {processor.py:208} INFO - Processing /opt/airflow/dags/driven_data_pipeline.py took 0.397 seconds
[2025-04-09T07:02:37.709+0000] {processor.py:186} INFO - Started process (PID=664) to work on /opt/airflow/dags/driven_data_pipeline.py
[2025-04-09T07:02:37.711+0000] {processor.py:914} INFO - Processing file /opt/airflow/dags/driven_data_pipeline.py for tasks to queue
[2025-04-09T07:02:37.715+0000] {logging_mixin.py:190} INFO - [2025-04-09T07:02:37.714+0000] {dagbag.py:588} INFO - Filling up the DagBag from /opt/airflow/dags/driven_data_pipeline.py
[2025-04-09T07:02:37.900+0000] {processor.py:925} INFO - DAG(s) 'extract_raw_data_pipeline' retrieved from /opt/airflow/dags/driven_data_pipeline.py
[2025-04-09T07:02:37.927+0000] {logging_mixin.py:190} INFO - [2025-04-09T07:02:37.927+0000] {dag.py:3239} INFO - Sync 1 DAGs
[2025-04-09T07:02:37.950+0000] {logging_mixin.py:190} INFO - [2025-04-09T07:02:37.950+0000] {dag.py:4180} INFO - Setting next_dagrun for extract_raw_data_pipeline to 2025-04-09 07:02:00+00:00, run_after=2025-04-09 07:03:00+00:00
[2025-04-09T07:02:37.968+0000] {processor.py:208} INFO - Processing /opt/airflow/dags/driven_data_pipeline.py took 0.267 seconds
[2025-04-09T07:03:08.133+0000] {processor.py:186} INFO - Started process (PID=671) to work on /opt/airflow/dags/driven_data_pipeline.py
[2025-04-09T07:03:08.135+0000] {processor.py:914} INFO - Processing file /opt/airflow/dags/driven_data_pipeline.py for tasks to queue
[2025-04-09T07:03:08.138+0000] {logging_mixin.py:190} INFO - [2025-04-09T07:03:08.138+0000] {dagbag.py:588} INFO - Filling up the DagBag from /opt/airflow/dags/driven_data_pipeline.py
[2025-04-09T07:03:08.320+0000] {processor.py:925} INFO - DAG(s) 'extract_raw_data_pipeline' retrieved from /opt/airflow/dags/driven_data_pipeline.py
[2025-04-09T07:03:08.347+0000] {logging_mixin.py:190} INFO - [2025-04-09T07:03:08.347+0000] {dag.py:3239} INFO - Sync 1 DAGs
[2025-04-09T07:03:08.371+0000] {logging_mixin.py:190} INFO - [2025-04-09T07:03:08.370+0000] {dag.py:4180} INFO - Setting next_dagrun for extract_raw_data_pipeline to 2025-04-09 07:03:00+00:00, run_after=2025-04-09 07:04:00+00:00
[2025-04-09T07:03:08.392+0000] {processor.py:208} INFO - Processing /opt/airflow/dags/driven_data_pipeline.py took 0.267 seconds
[2025-04-09T07:03:13.225+0000] {processor.py:186} INFO - Started process (PID=673) to work on /opt/airflow/dags/driven_data_pipeline.py
[2025-04-09T07:03:13.226+0000] {processor.py:914} INFO - Processing file /opt/airflow/dags/driven_data_pipeline.py for tasks to queue
[2025-04-09T07:03:13.231+0000] {logging_mixin.py:190} INFO - [2025-04-09T07:03:13.230+0000] {dagbag.py:588} INFO - Filling up the DagBag from /opt/airflow/dags/driven_data_pipeline.py
[2025-04-09T07:03:13.500+0000] {processor.py:925} INFO - DAG(s) 'extract_raw_data_pipeline' retrieved from /opt/airflow/dags/driven_data_pipeline.py
[2025-04-09T07:03:13.534+0000] {logging_mixin.py:190} INFO - [2025-04-09T07:03:13.533+0000] {dag.py:3239} INFO - Sync 1 DAGs
[2025-04-09T07:03:13.564+0000] {logging_mixin.py:190} INFO - [2025-04-09T07:03:13.563+0000] {dag.py:4180} INFO - Setting next_dagrun for extract_raw_data_pipeline to 2025-04-09 07:03:00+00:00, run_after=2025-04-09 07:04:00+00:00
[2025-04-09T07:03:13.598+0000] {processor.py:208} INFO - Processing /opt/airflow/dags/driven_data_pipeline.py took 0.382 seconds
[2025-04-09T07:03:14.661+0000] {processor.py:186} INFO - Started process (PID=675) to work on /opt/airflow/dags/driven_data_pipeline.py
[2025-04-09T07:03:14.663+0000] {processor.py:914} INFO - Processing file /opt/airflow/dags/driven_data_pipeline.py for tasks to queue
[2025-04-09T07:03:14.667+0000] {logging_mixin.py:190} INFO - [2025-04-09T07:03:14.666+0000] {dagbag.py:588} INFO - Filling up the DagBag from /opt/airflow/dags/driven_data_pipeline.py
[2025-04-09T07:03:14.985+0000] {processor.py:925} INFO - DAG(s) 'extract_raw_data_pipeline' retrieved from /opt/airflow/dags/driven_data_pipeline.py
[2025-04-09T07:03:15.101+0000] {logging_mixin.py:190} INFO - [2025-04-09T07:03:15.096+0000] {dag.py:3239} INFO - Sync 1 DAGs
[2025-04-09T07:03:15.171+0000] {logging_mixin.py:190} INFO - [2025-04-09T07:03:15.170+0000] {dag.py:4180} INFO - Setting next_dagrun for extract_raw_data_pipeline to 2025-04-09 07:03:00+00:00, run_after=2025-04-09 07:04:00+00:00
[2025-04-09T07:03:15.225+0000] {processor.py:208} INFO - Processing /opt/airflow/dags/driven_data_pipeline.py took 0.574 seconds
[2025-04-09T07:03:45.452+0000] {processor.py:186} INFO - Started process (PID=682) to work on /opt/airflow/dags/driven_data_pipeline.py
[2025-04-09T07:03:45.453+0000] {processor.py:914} INFO - Processing file /opt/airflow/dags/driven_data_pipeline.py for tasks to queue
[2025-04-09T07:03:45.456+0000] {logging_mixin.py:190} INFO - [2025-04-09T07:03:45.456+0000] {dagbag.py:588} INFO - Filling up the DagBag from /opt/airflow/dags/driven_data_pipeline.py
[2025-04-09T07:03:45.648+0000] {processor.py:925} INFO - DAG(s) 'extract_raw_data_pipeline' retrieved from /opt/airflow/dags/driven_data_pipeline.py
[2025-04-09T07:03:45.687+0000] {logging_mixin.py:190} INFO - [2025-04-09T07:03:45.687+0000] {dag.py:3239} INFO - Sync 1 DAGs
[2025-04-09T07:03:45.719+0000] {logging_mixin.py:190} INFO - [2025-04-09T07:03:45.719+0000] {dag.py:4180} INFO - Setting next_dagrun for extract_raw_data_pipeline to 2025-04-09 07:03:00+00:00, run_after=2025-04-09 07:04:00+00:00
[2025-04-09T07:03:45.743+0000] {processor.py:208} INFO - Processing /opt/airflow/dags/driven_data_pipeline.py took 0.299 seconds
[2025-04-09T07:04:15.934+0000] {processor.py:186} INFO - Started process (PID=689) to work on /opt/airflow/dags/driven_data_pipeline.py
[2025-04-09T07:04:15.936+0000] {processor.py:914} INFO - Processing file /opt/airflow/dags/driven_data_pipeline.py for tasks to queue
[2025-04-09T07:04:15.940+0000] {logging_mixin.py:190} INFO - [2025-04-09T07:04:15.940+0000] {dagbag.py:588} INFO - Filling up the DagBag from /opt/airflow/dags/driven_data_pipeline.py
[2025-04-09T07:04:16.173+0000] {processor.py:925} INFO - DAG(s) 'extract_raw_data_pipeline' retrieved from /opt/airflow/dags/driven_data_pipeline.py
[2025-04-09T07:04:16.206+0000] {logging_mixin.py:190} INFO - [2025-04-09T07:04:16.206+0000] {dag.py:3239} INFO - Sync 1 DAGs
[2025-04-09T07:04:16.236+0000] {logging_mixin.py:190} INFO - [2025-04-09T07:04:16.236+0000] {dag.py:4180} INFO - Setting next_dagrun for extract_raw_data_pipeline to 2025-04-09 07:04:00+00:00, run_after=2025-04-09 07:05:00+00:00
[2025-04-09T07:04:16.263+0000] {processor.py:208} INFO - Processing /opt/airflow/dags/driven_data_pipeline.py took 0.339 seconds
[2025-04-09T07:04:43.489+0000] {processor.py:186} INFO - Started process (PID=692) to work on /opt/airflow/dags/driven_data_pipeline.py
[2025-04-09T07:04:43.491+0000] {processor.py:914} INFO - Processing file /opt/airflow/dags/driven_data_pipeline.py for tasks to queue
[2025-04-09T07:04:43.495+0000] {logging_mixin.py:190} INFO - [2025-04-09T07:04:43.495+0000] {dagbag.py:588} INFO - Filling up the DagBag from /opt/airflow/dags/driven_data_pipeline.py
[2025-04-09T07:04:43.725+0000] {processor.py:925} INFO - DAG(s) 'extract_raw_data_pipeline' retrieved from /opt/airflow/dags/driven_data_pipeline.py
[2025-04-09T07:04:43.759+0000] {logging_mixin.py:190} INFO - [2025-04-09T07:04:43.759+0000] {dag.py:3239} INFO - Sync 1 DAGs
[2025-04-09T07:04:43.790+0000] {logging_mixin.py:190} INFO - [2025-04-09T07:04:43.789+0000] {dag.py:4180} INFO - Setting next_dagrun for extract_raw_data_pipeline to 2025-04-09 07:04:00+00:00, run_after=2025-04-09 07:05:00+00:00
[2025-04-09T07:04:43.818+0000] {processor.py:208} INFO - Processing /opt/airflow/dags/driven_data_pipeline.py took 0.338 seconds
[2025-04-09T07:05:10.628+0000] {processor.py:186} INFO - Started process (PID=703) to work on /opt/airflow/dags/driven_data_pipeline.py
[2025-04-09T07:05:10.630+0000] {processor.py:914} INFO - Processing file /opt/airflow/dags/driven_data_pipeline.py for tasks to queue
[2025-04-09T07:05:10.636+0000] {logging_mixin.py:190} INFO - [2025-04-09T07:05:10.635+0000] {dagbag.py:588} INFO - Filling up the DagBag from /opt/airflow/dags/driven_data_pipeline.py
[2025-04-09T07:05:10.890+0000] {processor.py:925} INFO - DAG(s) 'extract_raw_data_pipeline' retrieved from /opt/airflow/dags/driven_data_pipeline.py
[2025-04-09T07:05:10.920+0000] {logging_mixin.py:190} INFO - [2025-04-09T07:05:10.920+0000] {dag.py:3239} INFO - Sync 1 DAGs
[2025-04-09T07:05:10.944+0000] {logging_mixin.py:190} INFO - [2025-04-09T07:05:10.944+0000] {dag.py:4180} INFO - Setting next_dagrun for extract_raw_data_pipeline to 2025-04-09 07:05:00+00:00, run_after=2025-04-09 07:06:00+00:00
[2025-04-09T07:05:10.967+0000] {processor.py:208} INFO - Processing /opt/airflow/dags/driven_data_pipeline.py took 0.348 seconds
[2025-04-09T07:05:41.200+0000] {processor.py:186} INFO - Started process (PID=706) to work on /opt/airflow/dags/driven_data_pipeline.py
[2025-04-09T07:05:41.201+0000] {processor.py:914} INFO - Processing file /opt/airflow/dags/driven_data_pipeline.py for tasks to queue
[2025-04-09T07:05:41.204+0000] {logging_mixin.py:190} INFO - [2025-04-09T07:05:41.204+0000] {dagbag.py:588} INFO - Filling up the DagBag from /opt/airflow/dags/driven_data_pipeline.py
[2025-04-09T07:05:41.385+0000] {processor.py:925} INFO - DAG(s) 'extract_raw_data_pipeline' retrieved from /opt/airflow/dags/driven_data_pipeline.py
[2025-04-09T07:05:41.414+0000] {logging_mixin.py:190} INFO - [2025-04-09T07:05:41.414+0000] {dag.py:3239} INFO - Sync 1 DAGs
[2025-04-09T07:05:41.441+0000] {logging_mixin.py:190} INFO - [2025-04-09T07:05:41.441+0000] {dag.py:4180} INFO - Setting next_dagrun for extract_raw_data_pipeline to 2025-04-09 07:05:00+00:00, run_after=2025-04-09 07:06:00+00:00
[2025-04-09T07:05:41.467+0000] {processor.py:208} INFO - Processing /opt/airflow/dags/driven_data_pipeline.py took 0.276 seconds
[2025-04-09T07:06:11.646+0000] {processor.py:186} INFO - Started process (PID=713) to work on /opt/airflow/dags/driven_data_pipeline.py
[2025-04-09T07:06:11.647+0000] {processor.py:914} INFO - Processing file /opt/airflow/dags/driven_data_pipeline.py for tasks to queue
[2025-04-09T07:06:11.652+0000] {logging_mixin.py:190} INFO - [2025-04-09T07:06:11.651+0000] {dagbag.py:588} INFO - Filling up the DagBag from /opt/airflow/dags/driven_data_pipeline.py
[2025-04-09T07:06:11.830+0000] {processor.py:925} INFO - DAG(s) 'extract_raw_data_pipeline' retrieved from /opt/airflow/dags/driven_data_pipeline.py
[2025-04-09T07:06:11.862+0000] {logging_mixin.py:190} INFO - [2025-04-09T07:06:11.862+0000] {dag.py:3239} INFO - Sync 1 DAGs
[2025-04-09T07:06:11.888+0000] {logging_mixin.py:190} INFO - [2025-04-09T07:06:11.888+0000] {dag.py:4180} INFO - Setting next_dagrun for extract_raw_data_pipeline to 2025-04-09 07:06:00+00:00, run_after=2025-04-09 07:07:00+00:00
[2025-04-09T07:06:11.915+0000] {processor.py:208} INFO - Processing /opt/airflow/dags/driven_data_pipeline.py took 0.276 seconds
[2025-04-09T07:06:42.067+0000] {processor.py:186} INFO - Started process (PID=716) to work on /opt/airflow/dags/driven_data_pipeline.py
[2025-04-09T07:06:42.069+0000] {processor.py:914} INFO - Processing file /opt/airflow/dags/driven_data_pipeline.py for tasks to queue
[2025-04-09T07:06:42.072+0000] {logging_mixin.py:190} INFO - [2025-04-09T07:06:42.071+0000] {dagbag.py:588} INFO - Filling up the DagBag from /opt/airflow/dags/driven_data_pipeline.py
[2025-04-09T07:06:42.256+0000] {processor.py:925} INFO - DAG(s) 'extract_raw_data_pipeline' retrieved from /opt/airflow/dags/driven_data_pipeline.py
[2025-04-09T07:06:42.288+0000] {logging_mixin.py:190} INFO - [2025-04-09T07:06:42.288+0000] {dag.py:3239} INFO - Sync 1 DAGs
[2025-04-09T07:06:42.317+0000] {logging_mixin.py:190} INFO - [2025-04-09T07:06:42.317+0000] {dag.py:4180} INFO - Setting next_dagrun for extract_raw_data_pipeline to 2025-04-09 07:06:00+00:00, run_after=2025-04-09 07:07:00+00:00
[2025-04-09T07:06:42.343+0000] {processor.py:208} INFO - Processing /opt/airflow/dags/driven_data_pipeline.py took 0.283 seconds
[2025-04-09T07:07:12.516+0000] {processor.py:186} INFO - Started process (PID=723) to work on /opt/airflow/dags/driven_data_pipeline.py
[2025-04-09T07:07:12.517+0000] {processor.py:914} INFO - Processing file /opt/airflow/dags/driven_data_pipeline.py for tasks to queue
[2025-04-09T07:07:12.520+0000] {logging_mixin.py:190} INFO - [2025-04-09T07:07:12.520+0000] {dagbag.py:588} INFO - Filling up the DagBag from /opt/airflow/dags/driven_data_pipeline.py
[2025-04-09T07:07:12.684+0000] {processor.py:925} INFO - DAG(s) 'extract_raw_data_pipeline' retrieved from /opt/airflow/dags/driven_data_pipeline.py
[2025-04-09T07:07:12.709+0000] {logging_mixin.py:190} INFO - [2025-04-09T07:07:12.709+0000] {dag.py:3239} INFO - Sync 1 DAGs
[2025-04-09T07:07:12.732+0000] {logging_mixin.py:190} INFO - [2025-04-09T07:07:12.732+0000] {dag.py:4180} INFO - Setting next_dagrun for extract_raw_data_pipeline to 2025-04-09 07:07:00+00:00, run_after=2025-04-09 07:08:00+00:00
[2025-04-09T07:07:12.759+0000] {processor.py:208} INFO - Processing /opt/airflow/dags/driven_data_pipeline.py took 0.252 seconds
[2025-04-09T07:07:16.876+0000] {processor.py:186} INFO - Started process (PID=726) to work on /opt/airflow/dags/driven_data_pipeline.py
[2025-04-09T07:07:16.878+0000] {processor.py:914} INFO - Processing file /opt/airflow/dags/driven_data_pipeline.py for tasks to queue
[2025-04-09T07:07:16.882+0000] {logging_mixin.py:190} INFO - [2025-04-09T07:07:16.882+0000] {dagbag.py:588} INFO - Filling up the DagBag from /opt/airflow/dags/driven_data_pipeline.py
[2025-04-09T07:07:17.101+0000] {processor.py:925} INFO - DAG(s) 'extract_raw_data_pipeline' retrieved from /opt/airflow/dags/driven_data_pipeline.py
[2025-04-09T07:07:17.132+0000] {logging_mixin.py:190} INFO - [2025-04-09T07:07:17.132+0000] {dag.py:3239} INFO - Sync 1 DAGs
[2025-04-09T07:07:17.166+0000] {logging_mixin.py:190} INFO - [2025-04-09T07:07:17.165+0000] {dag.py:4180} INFO - Setting next_dagrun for extract_raw_data_pipeline to 2025-04-09 07:07:00+00:00, run_after=2025-04-09 07:08:00+00:00
[2025-04-09T07:07:17.199+0000] {processor.py:208} INFO - Processing /opt/airflow/dags/driven_data_pipeline.py took 0.332 seconds
[2025-04-09T07:07:17.909+0000] {processor.py:186} INFO - Started process (PID=728) to work on /opt/airflow/dags/driven_data_pipeline.py
[2025-04-09T07:07:17.912+0000] {processor.py:914} INFO - Processing file /opt/airflow/dags/driven_data_pipeline.py for tasks to queue
[2025-04-09T07:07:17.918+0000] {logging_mixin.py:190} INFO - [2025-04-09T07:07:17.917+0000] {dagbag.py:588} INFO - Filling up the DagBag from /opt/airflow/dags/driven_data_pipeline.py
[2025-04-09T07:07:18.242+0000] {processor.py:925} INFO - DAG(s) 'extract_raw_data_pipeline' retrieved from /opt/airflow/dags/driven_data_pipeline.py
[2025-04-09T07:07:18.281+0000] {logging_mixin.py:190} INFO - [2025-04-09T07:07:18.281+0000] {dag.py:3239} INFO - Sync 1 DAGs
[2025-04-09T07:07:18.315+0000] {logging_mixin.py:190} INFO - [2025-04-09T07:07:18.314+0000] {dag.py:4180} INFO - Setting next_dagrun for extract_raw_data_pipeline to 2025-04-09 07:07:00+00:00, run_after=2025-04-09 07:08:00+00:00
[2025-04-09T07:07:18.351+0000] {processor.py:208} INFO - Processing /opt/airflow/dags/driven_data_pipeline.py took 0.458 seconds
[2025-04-09T07:07:25.377+0000] {processor.py:186} INFO - Started process (PID=730) to work on /opt/airflow/dags/driven_data_pipeline.py
[2025-04-09T07:07:25.380+0000] {processor.py:914} INFO - Processing file /opt/airflow/dags/driven_data_pipeline.py for tasks to queue
[2025-04-09T07:07:25.390+0000] {logging_mixin.py:190} INFO - [2025-04-09T07:07:25.389+0000] {dagbag.py:588} INFO - Filling up the DagBag from /opt/airflow/dags/driven_data_pipeline.py
[2025-04-09T07:07:25.741+0000] {processor.py:925} INFO - DAG(s) 'extract_raw_data_pipeline' retrieved from /opt/airflow/dags/driven_data_pipeline.py
[2025-04-09T07:07:25.792+0000] {logging_mixin.py:190} INFO - [2025-04-09T07:07:25.792+0000] {dag.py:3239} INFO - Sync 1 DAGs
[2025-04-09T07:07:25.830+0000] {logging_mixin.py:190} INFO - [2025-04-09T07:07:25.830+0000] {dag.py:4180} INFO - Setting next_dagrun for extract_raw_data_pipeline to 2025-04-09 07:07:00+00:00, run_after=2025-04-09 07:08:00+00:00
[2025-04-09T07:07:25.866+0000] {processor.py:208} INFO - Processing /opt/airflow/dags/driven_data_pipeline.py took 0.506 seconds
[2025-04-09T07:07:55.054+0000] {processor.py:186} INFO - Started process (PID=737) to work on /opt/airflow/dags/driven_data_pipeline.py
[2025-04-09T07:07:55.055+0000] {processor.py:914} INFO - Processing file /opt/airflow/dags/driven_data_pipeline.py for tasks to queue
[2025-04-09T07:07:55.058+0000] {logging_mixin.py:190} INFO - [2025-04-09T07:07:55.058+0000] {dagbag.py:588} INFO - Filling up the DagBag from /opt/airflow/dags/driven_data_pipeline.py
[2025-04-09T07:07:55.262+0000] {processor.py:925} INFO - DAG(s) 'extract_raw_data_pipeline' retrieved from /opt/airflow/dags/driven_data_pipeline.py
[2025-04-09T07:07:55.295+0000] {logging_mixin.py:190} INFO - [2025-04-09T07:07:55.294+0000] {dag.py:3239} INFO - Sync 1 DAGs
[2025-04-09T07:07:55.326+0000] {logging_mixin.py:190} INFO - [2025-04-09T07:07:55.326+0000] {dag.py:4180} INFO - Setting next_dagrun for extract_raw_data_pipeline to 2025-04-09 07:07:00+00:00, run_after=2025-04-09 07:08:00+00:00
[2025-04-09T07:07:55.355+0000] {processor.py:208} INFO - Processing /opt/airflow/dags/driven_data_pipeline.py took 0.310 seconds
[2025-04-09T07:07:57.975+0000] {processor.py:186} INFO - Started process (PID=739) to work on /opt/airflow/dags/driven_data_pipeline.py
[2025-04-09T07:07:57.977+0000] {processor.py:914} INFO - Processing file /opt/airflow/dags/driven_data_pipeline.py for tasks to queue
[2025-04-09T07:07:57.986+0000] {logging_mixin.py:190} INFO - [2025-04-09T07:07:57.984+0000] {dagbag.py:588} INFO - Filling up the DagBag from /opt/airflow/dags/driven_data_pipeline.py
[2025-04-09T07:07:58.511+0000] {processor.py:925} INFO - DAG(s) 'extract_raw_data_pipeline' retrieved from /opt/airflow/dags/driven_data_pipeline.py
[2025-04-09T07:07:58.660+0000] {logging_mixin.py:190} INFO - [2025-04-09T07:07:58.657+0000] {dag.py:3239} INFO - Sync 1 DAGs
[2025-04-09T07:07:58.799+0000] {logging_mixin.py:190} INFO - [2025-04-09T07:07:58.798+0000] {dag.py:4180} INFO - Setting next_dagrun for extract_raw_data_pipeline to 2025-04-09 07:07:00+00:00, run_after=2025-04-09 07:08:00+00:00
[2025-04-09T07:07:58.857+0000] {processor.py:208} INFO - Processing /opt/airflow/dags/driven_data_pipeline.py took 0.904 seconds
[2025-04-09T07:08:29.296+0000] {processor.py:186} INFO - Started process (PID=750) to work on /opt/airflow/dags/driven_data_pipeline.py
[2025-04-09T07:08:29.298+0000] {processor.py:914} INFO - Processing file /opt/airflow/dags/driven_data_pipeline.py for tasks to queue
[2025-04-09T07:08:29.302+0000] {logging_mixin.py:190} INFO - [2025-04-09T07:08:29.301+0000] {dagbag.py:588} INFO - Filling up the DagBag from /opt/airflow/dags/driven_data_pipeline.py
[2025-04-09T07:08:29.521+0000] {processor.py:925} INFO - DAG(s) 'extract_raw_data_pipeline' retrieved from /opt/airflow/dags/driven_data_pipeline.py
[2025-04-09T07:08:29.555+0000] {logging_mixin.py:190} INFO - [2025-04-09T07:08:29.554+0000] {dag.py:3239} INFO - Sync 1 DAGs
[2025-04-09T07:08:29.578+0000] {logging_mixin.py:190} INFO - [2025-04-09T07:08:29.578+0000] {dag.py:4180} INFO - Setting next_dagrun for extract_raw_data_pipeline to 2025-04-09 07:08:00+00:00, run_after=2025-04-09 07:09:00+00:00
[2025-04-09T07:08:29.602+0000] {processor.py:208} INFO - Processing /opt/airflow/dags/driven_data_pipeline.py took 0.314 seconds
[2025-04-09T07:08:59.796+0000] {processor.py:186} INFO - Started process (PID=757) to work on /opt/airflow/dags/driven_data_pipeline.py
[2025-04-09T07:08:59.798+0000] {processor.py:914} INFO - Processing file /opt/airflow/dags/driven_data_pipeline.py for tasks to queue
[2025-04-09T07:08:59.802+0000] {logging_mixin.py:190} INFO - [2025-04-09T07:08:59.801+0000] {dagbag.py:588} INFO - Filling up the DagBag from /opt/airflow/dags/driven_data_pipeline.py
[2025-04-09T07:08:59.999+0000] {processor.py:925} INFO - DAG(s) 'extract_raw_data_pipeline' retrieved from /opt/airflow/dags/driven_data_pipeline.py
[2025-04-09T07:09:00.047+0000] {logging_mixin.py:190} INFO - [2025-04-09T07:09:00.045+0000] {dag.py:3239} INFO - Sync 1 DAGs
[2025-04-09T07:09:00.097+0000] {logging_mixin.py:190} INFO - [2025-04-09T07:09:00.096+0000] {dag.py:4180} INFO - Setting next_dagrun for extract_raw_data_pipeline to 2025-04-09 07:08:00+00:00, run_after=2025-04-09 07:09:00+00:00
[2025-04-09T07:09:00.135+0000] {processor.py:208} INFO - Processing /opt/airflow/dags/driven_data_pipeline.py took 0.347 seconds
[2025-04-09T07:09:30.328+0000] {processor.py:186} INFO - Started process (PID=764) to work on /opt/airflow/dags/driven_data_pipeline.py
[2025-04-09T07:09:30.330+0000] {processor.py:914} INFO - Processing file /opt/airflow/dags/driven_data_pipeline.py for tasks to queue
[2025-04-09T07:09:30.333+0000] {logging_mixin.py:190} INFO - [2025-04-09T07:09:30.333+0000] {dagbag.py:588} INFO - Filling up the DagBag from /opt/airflow/dags/driven_data_pipeline.py
[2025-04-09T07:09:30.555+0000] {processor.py:925} INFO - DAG(s) 'extract_raw_data_pipeline' retrieved from /opt/airflow/dags/driven_data_pipeline.py
[2025-04-09T07:09:30.591+0000] {logging_mixin.py:190} INFO - [2025-04-09T07:09:30.591+0000] {dag.py:3239} INFO - Sync 1 DAGs
[2025-04-09T07:09:30.623+0000] {logging_mixin.py:190} INFO - [2025-04-09T07:09:30.623+0000] {dag.py:4180} INFO - Setting next_dagrun for extract_raw_data_pipeline to 2025-04-09 07:09:00+00:00, run_after=2025-04-09 07:10:00+00:00
[2025-04-09T07:09:30.648+0000] {processor.py:208} INFO - Processing /opt/airflow/dags/driven_data_pipeline.py took 0.328 seconds
[2025-04-09T07:10:00.995+0000] {processor.py:186} INFO - Started process (PID=771) to work on /opt/airflow/dags/driven_data_pipeline.py
[2025-04-09T07:10:00.997+0000] {processor.py:914} INFO - Processing file /opt/airflow/dags/driven_data_pipeline.py for tasks to queue
[2025-04-09T07:10:01.013+0000] {logging_mixin.py:190} INFO - [2025-04-09T07:10:01.012+0000] {dagbag.py:588} INFO - Filling up the DagBag from /opt/airflow/dags/driven_data_pipeline.py
[2025-04-09T07:10:01.377+0000] {processor.py:925} INFO - DAG(s) 'extract_raw_data_pipeline' retrieved from /opt/airflow/dags/driven_data_pipeline.py
[2025-04-09T07:10:01.428+0000] {logging_mixin.py:190} INFO - [2025-04-09T07:10:01.427+0000] {dag.py:3239} INFO - Sync 1 DAGs
[2025-04-09T07:10:01.476+0000] {logging_mixin.py:190} INFO - [2025-04-09T07:10:01.476+0000] {dag.py:4180} INFO - Setting next_dagrun for extract_raw_data_pipeline to 2025-04-09 07:10:00+00:00, run_after=2025-04-09 07:11:00+00:00
[2025-04-09T07:10:01.508+0000] {processor.py:208} INFO - Processing /opt/airflow/dags/driven_data_pipeline.py took 0.542 seconds
[2025-04-09T07:10:25.596+0000] {processor.py:186} INFO - Started process (PID=782) to work on /opt/airflow/dags/driven_data_pipeline.py
[2025-04-09T07:10:25.598+0000] {processor.py:914} INFO - Processing file /opt/airflow/dags/driven_data_pipeline.py for tasks to queue
[2025-04-09T07:10:25.602+0000] {logging_mixin.py:190} INFO - [2025-04-09T07:10:25.601+0000] {dagbag.py:588} INFO - Filling up the DagBag from /opt/airflow/dags/driven_data_pipeline.py
[2025-04-09T07:10:25.830+0000] {processor.py:925} INFO - DAG(s) 'extract_raw_data_pipeline' retrieved from /opt/airflow/dags/driven_data_pipeline.py
[2025-04-09T07:10:25.864+0000] {logging_mixin.py:190} INFO - [2025-04-09T07:10:25.863+0000] {dag.py:3239} INFO - Sync 1 DAGs
[2025-04-09T07:10:25.894+0000] {logging_mixin.py:190} INFO - [2025-04-09T07:10:25.894+0000] {dag.py:4180} INFO - Setting next_dagrun for extract_raw_data_pipeline to 2025-04-09 07:10:00+00:00, run_after=2025-04-09 07:11:00+00:00
[2025-04-09T07:10:25.919+0000] {processor.py:208} INFO - Processing /opt/airflow/dags/driven_data_pipeline.py took 0.332 seconds
[2025-04-09T07:10:56.094+0000] {processor.py:186} INFO - Started process (PID=789) to work on /opt/airflow/dags/driven_data_pipeline.py
[2025-04-09T07:10:56.096+0000] {processor.py:914} INFO - Processing file /opt/airflow/dags/driven_data_pipeline.py for tasks to queue
[2025-04-09T07:10:56.100+0000] {logging_mixin.py:190} INFO - [2025-04-09T07:10:56.100+0000] {dagbag.py:588} INFO - Filling up the DagBag from /opt/airflow/dags/driven_data_pipeline.py
[2025-04-09T07:10:56.307+0000] {processor.py:925} INFO - DAG(s) 'extract_raw_data_pipeline' retrieved from /opt/airflow/dags/driven_data_pipeline.py
[2025-04-09T07:10:56.355+0000] {logging_mixin.py:190} INFO - [2025-04-09T07:10:56.355+0000] {dag.py:3239} INFO - Sync 1 DAGs
[2025-04-09T07:10:56.403+0000] {logging_mixin.py:190} INFO - [2025-04-09T07:10:56.403+0000] {dag.py:4180} INFO - Setting next_dagrun for extract_raw_data_pipeline to 2025-04-09 07:10:00+00:00, run_after=2025-04-09 07:11:00+00:00
[2025-04-09T07:10:56.434+0000] {processor.py:208} INFO - Processing /opt/airflow/dags/driven_data_pipeline.py took 0.352 seconds
[2025-04-09T07:11:26.709+0000] {processor.py:186} INFO - Started process (PID=800) to work on /opt/airflow/dags/driven_data_pipeline.py
[2025-04-09T07:11:26.711+0000] {processor.py:914} INFO - Processing file /opt/airflow/dags/driven_data_pipeline.py for tasks to queue
[2025-04-09T07:11:26.716+0000] {logging_mixin.py:190} INFO - [2025-04-09T07:11:26.715+0000] {dagbag.py:588} INFO - Filling up the DagBag from /opt/airflow/dags/driven_data_pipeline.py
[2025-04-09T07:11:26.947+0000] {processor.py:925} INFO - DAG(s) 'extract_raw_data_pipeline' retrieved from /opt/airflow/dags/driven_data_pipeline.py
[2025-04-09T07:11:26.979+0000] {logging_mixin.py:190} INFO - [2025-04-09T07:11:26.979+0000] {dag.py:3239} INFO - Sync 1 DAGs
[2025-04-09T07:11:27.010+0000] {logging_mixin.py:190} INFO - [2025-04-09T07:11:27.009+0000] {dag.py:4180} INFO - Setting next_dagrun for extract_raw_data_pipeline to 2025-04-09 07:11:00+00:00, run_after=2025-04-09 07:12:00+00:00
[2025-04-09T07:11:27.035+0000] {processor.py:208} INFO - Processing /opt/airflow/dags/driven_data_pipeline.py took 0.340 seconds
[2025-04-09T07:11:57.233+0000] {processor.py:186} INFO - Started process (PID=803) to work on /opt/airflow/dags/driven_data_pipeline.py
[2025-04-09T07:11:57.234+0000] {processor.py:914} INFO - Processing file /opt/airflow/dags/driven_data_pipeline.py for tasks to queue
[2025-04-09T07:11:57.238+0000] {logging_mixin.py:190} INFO - [2025-04-09T07:11:57.237+0000] {dagbag.py:588} INFO - Filling up the DagBag from /opt/airflow/dags/driven_data_pipeline.py
[2025-04-09T07:11:57.398+0000] {processor.py:925} INFO - DAG(s) 'extract_raw_data_pipeline' retrieved from /opt/airflow/dags/driven_data_pipeline.py
[2025-04-09T07:11:57.424+0000] {logging_mixin.py:190} INFO - [2025-04-09T07:11:57.424+0000] {dag.py:3239} INFO - Sync 1 DAGs
[2025-04-09T07:11:57.449+0000] {logging_mixin.py:190} INFO - [2025-04-09T07:11:57.449+0000] {dag.py:4180} INFO - Setting next_dagrun for extract_raw_data_pipeline to 2025-04-09 07:11:00+00:00, run_after=2025-04-09 07:12:00+00:00
[2025-04-09T07:11:57.470+0000] {processor.py:208} INFO - Processing /opt/airflow/dags/driven_data_pipeline.py took 0.245 seconds
[2025-04-09T07:12:27.708+0000] {processor.py:186} INFO - Started process (PID=810) to work on /opt/airflow/dags/driven_data_pipeline.py
[2025-04-09T07:12:27.710+0000] {processor.py:914} INFO - Processing file /opt/airflow/dags/driven_data_pipeline.py for tasks to queue
[2025-04-09T07:12:27.715+0000] {logging_mixin.py:190} INFO - [2025-04-09T07:12:27.714+0000] {dagbag.py:588} INFO - Filling up the DagBag from /opt/airflow/dags/driven_data_pipeline.py
[2025-04-09T07:12:27.965+0000] {processor.py:925} INFO - DAG(s) 'extract_raw_data_pipeline' retrieved from /opt/airflow/dags/driven_data_pipeline.py
[2025-04-09T07:12:28.000+0000] {logging_mixin.py:190} INFO - [2025-04-09T07:12:27.999+0000] {dag.py:3239} INFO - Sync 1 DAGs
[2025-04-09T07:12:28.027+0000] {logging_mixin.py:190} INFO - [2025-04-09T07:12:28.027+0000] {dag.py:4180} INFO - Setting next_dagrun for extract_raw_data_pipeline to 2025-04-09 07:12:00+00:00, run_after=2025-04-09 07:13:00+00:00
[2025-04-09T07:12:28.049+0000] {processor.py:208} INFO - Processing /opt/airflow/dags/driven_data_pipeline.py took 0.349 seconds
[2025-04-09T07:12:58.207+0000] {processor.py:186} INFO - Started process (PID=813) to work on /opt/airflow/dags/driven_data_pipeline.py
[2025-04-09T07:12:58.209+0000] {processor.py:914} INFO - Processing file /opt/airflow/dags/driven_data_pipeline.py for tasks to queue
[2025-04-09T07:12:58.212+0000] {logging_mixin.py:190} INFO - [2025-04-09T07:12:58.212+0000] {dagbag.py:588} INFO - Filling up the DagBag from /opt/airflow/dags/driven_data_pipeline.py
[2025-04-09T07:12:58.489+0000] {processor.py:925} INFO - DAG(s) 'extract_raw_data_pipeline' retrieved from /opt/airflow/dags/driven_data_pipeline.py
[2025-04-09T07:12:58.539+0000] {logging_mixin.py:190} INFO - [2025-04-09T07:12:58.539+0000] {dag.py:3239} INFO - Sync 1 DAGs
[2025-04-09T07:12:58.587+0000] {logging_mixin.py:190} INFO - [2025-04-09T07:12:58.587+0000] {dag.py:4180} INFO - Setting next_dagrun for extract_raw_data_pipeline to 2025-04-09 07:12:00+00:00, run_after=2025-04-09 07:13:00+00:00
[2025-04-09T07:12:58.615+0000] {processor.py:208} INFO - Processing /opt/airflow/dags/driven_data_pipeline.py took 0.419 seconds
[2025-04-09T07:13:28.785+0000] {processor.py:186} INFO - Started process (PID=820) to work on /opt/airflow/dags/driven_data_pipeline.py
[2025-04-09T07:13:28.786+0000] {processor.py:914} INFO - Processing file /opt/airflow/dags/driven_data_pipeline.py for tasks to queue
[2025-04-09T07:13:28.790+0000] {logging_mixin.py:190} INFO - [2025-04-09T07:13:28.790+0000] {dagbag.py:588} INFO - Filling up the DagBag from /opt/airflow/dags/driven_data_pipeline.py
[2025-04-09T07:13:29.042+0000] {processor.py:925} INFO - DAG(s) 'extract_raw_data_pipeline' retrieved from /opt/airflow/dags/driven_data_pipeline.py
[2025-04-09T07:13:29.082+0000] {logging_mixin.py:190} INFO - [2025-04-09T07:13:29.082+0000] {dag.py:3239} INFO - Sync 1 DAGs
[2025-04-09T07:13:29.118+0000] {logging_mixin.py:190} INFO - [2025-04-09T07:13:29.118+0000] {dag.py:4180} INFO - Setting next_dagrun for extract_raw_data_pipeline to 2025-04-09 07:13:00+00:00, run_after=2025-04-09 07:14:00+00:00
[2025-04-09T07:13:29.147+0000] {processor.py:208} INFO - Processing /opt/airflow/dags/driven_data_pipeline.py took 0.374 seconds
[2025-04-09T07:13:59.330+0000] {processor.py:186} INFO - Started process (PID=823) to work on /opt/airflow/dags/driven_data_pipeline.py
[2025-04-09T07:13:59.332+0000] {processor.py:914} INFO - Processing file /opt/airflow/dags/driven_data_pipeline.py for tasks to queue
[2025-04-09T07:13:59.334+0000] {logging_mixin.py:190} INFO - [2025-04-09T07:13:59.334+0000] {dagbag.py:588} INFO - Filling up the DagBag from /opt/airflow/dags/driven_data_pipeline.py
[2025-04-09T07:13:59.506+0000] {processor.py:925} INFO - DAG(s) 'extract_raw_data_pipeline' retrieved from /opt/airflow/dags/driven_data_pipeline.py
[2025-04-09T07:13:59.532+0000] {logging_mixin.py:190} INFO - [2025-04-09T07:13:59.532+0000] {dag.py:3239} INFO - Sync 1 DAGs
[2025-04-09T07:13:59.560+0000] {logging_mixin.py:190} INFO - [2025-04-09T07:13:59.559+0000] {dag.py:4180} INFO - Setting next_dagrun for extract_raw_data_pipeline to 2025-04-09 07:13:00+00:00, run_after=2025-04-09 07:14:00+00:00
[2025-04-09T07:13:59.586+0000] {processor.py:208} INFO - Processing /opt/airflow/dags/driven_data_pipeline.py took 0.263 seconds
[2025-04-09T07:14:29.784+0000] {processor.py:186} INFO - Started process (PID=830) to work on /opt/airflow/dags/driven_data_pipeline.py
[2025-04-09T07:14:29.786+0000] {processor.py:914} INFO - Processing file /opt/airflow/dags/driven_data_pipeline.py for tasks to queue
[2025-04-09T07:14:29.789+0000] {logging_mixin.py:190} INFO - [2025-04-09T07:14:29.789+0000] {dagbag.py:588} INFO - Filling up the DagBag from /opt/airflow/dags/driven_data_pipeline.py
[2025-04-09T07:14:29.965+0000] {processor.py:925} INFO - DAG(s) 'extract_raw_data_pipeline' retrieved from /opt/airflow/dags/driven_data_pipeline.py
[2025-04-09T07:14:29.991+0000] {logging_mixin.py:190} INFO - [2025-04-09T07:14:29.991+0000] {dag.py:3239} INFO - Sync 1 DAGs
[2025-04-09T07:14:30.015+0000] {logging_mixin.py:190} INFO - [2025-04-09T07:14:30.015+0000] {dag.py:4180} INFO - Setting next_dagrun for extract_raw_data_pipeline to 2025-04-09 07:14:00+00:00, run_after=2025-04-09 07:15:00+00:00
[2025-04-09T07:14:30.039+0000] {processor.py:208} INFO - Processing /opt/airflow/dags/driven_data_pipeline.py took 0.263 seconds
[2025-04-09T07:15:00.224+0000] {processor.py:186} INFO - Started process (PID=833) to work on /opt/airflow/dags/driven_data_pipeline.py
[2025-04-09T07:15:00.226+0000] {processor.py:914} INFO - Processing file /opt/airflow/dags/driven_data_pipeline.py for tasks to queue
[2025-04-09T07:15:00.230+0000] {logging_mixin.py:190} INFO - [2025-04-09T07:15:00.229+0000] {dagbag.py:588} INFO - Filling up the DagBag from /opt/airflow/dags/driven_data_pipeline.py
[2025-04-09T07:15:00.478+0000] {processor.py:925} INFO - DAG(s) 'extract_raw_data_pipeline' retrieved from /opt/airflow/dags/driven_data_pipeline.py
[2025-04-09T07:15:00.513+0000] {logging_mixin.py:190} INFO - [2025-04-09T07:15:00.513+0000] {dag.py:3239} INFO - Sync 1 DAGs
[2025-04-09T07:15:00.545+0000] {logging_mixin.py:190} INFO - [2025-04-09T07:15:00.544+0000] {dag.py:4180} INFO - Setting next_dagrun for extract_raw_data_pipeline to 2025-04-09 07:14:00+00:00, run_after=2025-04-09 07:15:00+00:00
[2025-04-09T07:15:00.573+0000] {processor.py:208} INFO - Processing /opt/airflow/dags/driven_data_pipeline.py took 0.360 seconds
[2025-04-09T07:15:30.792+0000] {processor.py:186} INFO - Started process (PID=840) to work on /opt/airflow/dags/driven_data_pipeline.py
[2025-04-09T07:15:30.794+0000] {processor.py:914} INFO - Processing file /opt/airflow/dags/driven_data_pipeline.py for tasks to queue
[2025-04-09T07:15:30.797+0000] {logging_mixin.py:190} INFO - [2025-04-09T07:15:30.797+0000] {dagbag.py:588} INFO - Filling up the DagBag from /opt/airflow/dags/driven_data_pipeline.py
[2025-04-09T07:15:30.979+0000] {processor.py:925} INFO - DAG(s) 'extract_raw_data_pipeline' retrieved from /opt/airflow/dags/driven_data_pipeline.py
[2025-04-09T07:15:31.008+0000] {logging_mixin.py:190} INFO - [2025-04-09T07:15:31.008+0000] {dag.py:3239} INFO - Sync 1 DAGs
[2025-04-09T07:15:31.042+0000] {logging_mixin.py:190} INFO - [2025-04-09T07:15:31.042+0000] {dag.py:4180} INFO - Setting next_dagrun for extract_raw_data_pipeline to 2025-04-09 07:15:00+00:00, run_after=2025-04-09 07:16:00+00:00
[2025-04-09T07:15:31.070+0000] {processor.py:208} INFO - Processing /opt/airflow/dags/driven_data_pipeline.py took 0.288 seconds
[2025-04-09T07:16:01.260+0000] {processor.py:186} INFO - Started process (PID=847) to work on /opt/airflow/dags/driven_data_pipeline.py
[2025-04-09T07:16:01.262+0000] {processor.py:914} INFO - Processing file /opt/airflow/dags/driven_data_pipeline.py for tasks to queue
[2025-04-09T07:16:01.265+0000] {logging_mixin.py:190} INFO - [2025-04-09T07:16:01.265+0000] {dagbag.py:588} INFO - Filling up the DagBag from /opt/airflow/dags/driven_data_pipeline.py
[2025-04-09T07:16:01.531+0000] {processor.py:925} INFO - DAG(s) 'extract_raw_data_pipeline' retrieved from /opt/airflow/dags/driven_data_pipeline.py
[2025-04-09T07:16:01.569+0000] {logging_mixin.py:190} INFO - [2025-04-09T07:16:01.568+0000] {dag.py:3239} INFO - Sync 1 DAGs
[2025-04-09T07:16:01.613+0000] {logging_mixin.py:190} INFO - [2025-04-09T07:16:01.613+0000] {dag.py:4180} INFO - Setting next_dagrun for extract_raw_data_pipeline to 2025-04-09 07:16:00+00:00, run_after=2025-04-09 07:17:00+00:00
[2025-04-09T07:16:01.643+0000] {processor.py:208} INFO - Processing /opt/airflow/dags/driven_data_pipeline.py took 0.393 seconds
[2025-04-09T07:16:31.905+0000] {processor.py:186} INFO - Started process (PID=850) to work on /opt/airflow/dags/driven_data_pipeline.py
[2025-04-09T07:16:31.907+0000] {processor.py:914} INFO - Processing file /opt/airflow/dags/driven_data_pipeline.py for tasks to queue
[2025-04-09T07:16:31.912+0000] {logging_mixin.py:190} INFO - [2025-04-09T07:16:31.911+0000] {dagbag.py:588} INFO - Filling up the DagBag from /opt/airflow/dags/driven_data_pipeline.py
[2025-04-09T07:16:32.123+0000] {processor.py:925} INFO - DAG(s) 'extract_raw_data_pipeline' retrieved from /opt/airflow/dags/driven_data_pipeline.py
[2025-04-09T07:16:32.153+0000] {logging_mixin.py:190} INFO - [2025-04-09T07:16:32.153+0000] {dag.py:3239} INFO - Sync 1 DAGs
[2025-04-09T07:16:32.177+0000] {logging_mixin.py:190} INFO - [2025-04-09T07:16:32.177+0000] {dag.py:4180} INFO - Setting next_dagrun for extract_raw_data_pipeline to 2025-04-09 07:16:00+00:00, run_after=2025-04-09 07:17:00+00:00
[2025-04-09T07:16:32.198+0000] {processor.py:208} INFO - Processing /opt/airflow/dags/driven_data_pipeline.py took 0.302 seconds
[2025-04-09T07:17:02.402+0000] {processor.py:186} INFO - Started process (PID=857) to work on /opt/airflow/dags/driven_data_pipeline.py
[2025-04-09T07:17:02.405+0000] {processor.py:914} INFO - Processing file /opt/airflow/dags/driven_data_pipeline.py for tasks to queue
[2025-04-09T07:17:02.416+0000] {logging_mixin.py:190} INFO - [2025-04-09T07:17:02.414+0000] {dagbag.py:588} INFO - Filling up the DagBag from /opt/airflow/dags/driven_data_pipeline.py
[2025-04-09T07:17:02.719+0000] {processor.py:925} INFO - DAG(s) 'extract_raw_data_pipeline' retrieved from /opt/airflow/dags/driven_data_pipeline.py
[2025-04-09T07:17:02.754+0000] {logging_mixin.py:190} INFO - [2025-04-09T07:17:02.753+0000] {dag.py:3239} INFO - Sync 1 DAGs
[2025-04-09T07:17:02.787+0000] {logging_mixin.py:190} INFO - [2025-04-09T07:17:02.786+0000] {dag.py:4180} INFO - Setting next_dagrun for extract_raw_data_pipeline to 2025-04-09 07:17:00+00:00, run_after=2025-04-09 07:18:00+00:00
[2025-04-09T07:17:02.814+0000] {processor.py:208} INFO - Processing /opt/airflow/dags/driven_data_pipeline.py took 0.434 seconds
[2025-04-09T07:17:32.960+0000] {processor.py:186} INFO - Started process (PID=860) to work on /opt/airflow/dags/driven_data_pipeline.py
[2025-04-09T07:17:32.961+0000] {processor.py:914} INFO - Processing file /opt/airflow/dags/driven_data_pipeline.py for tasks to queue
[2025-04-09T07:17:32.966+0000] {logging_mixin.py:190} INFO - [2025-04-09T07:17:32.965+0000] {dagbag.py:588} INFO - Filling up the DagBag from /opt/airflow/dags/driven_data_pipeline.py
[2025-04-09T07:17:33.170+0000] {processor.py:925} INFO - DAG(s) 'extract_raw_data_pipeline' retrieved from /opt/airflow/dags/driven_data_pipeline.py
[2025-04-09T07:17:33.204+0000] {logging_mixin.py:190} INFO - [2025-04-09T07:17:33.203+0000] {dag.py:3239} INFO - Sync 1 DAGs
[2025-04-09T07:17:33.237+0000] {logging_mixin.py:190} INFO - [2025-04-09T07:17:33.236+0000] {dag.py:4180} INFO - Setting next_dagrun for extract_raw_data_pipeline to 2025-04-09 07:17:00+00:00, run_after=2025-04-09 07:18:00+00:00
[2025-04-09T07:17:33.264+0000] {processor.py:208} INFO - Processing /opt/airflow/dags/driven_data_pipeline.py took 0.314 seconds
[2025-04-09T07:18:03.440+0000] {processor.py:186} INFO - Started process (PID=867) to work on /opt/airflow/dags/driven_data_pipeline.py
[2025-04-09T07:18:03.441+0000] {processor.py:914} INFO - Processing file /opt/airflow/dags/driven_data_pipeline.py for tasks to queue
[2025-04-09T07:18:03.445+0000] {logging_mixin.py:190} INFO - [2025-04-09T07:18:03.445+0000] {dagbag.py:588} INFO - Filling up the DagBag from /opt/airflow/dags/driven_data_pipeline.py
[2025-04-09T07:18:03.716+0000] {processor.py:925} INFO - DAG(s) 'extract_raw_data_pipeline' retrieved from /opt/airflow/dags/driven_data_pipeline.py
[2025-04-09T07:18:03.767+0000] {logging_mixin.py:190} INFO - [2025-04-09T07:18:03.767+0000] {dag.py:3239} INFO - Sync 1 DAGs
[2025-04-09T07:18:03.822+0000] {logging_mixin.py:190} INFO - [2025-04-09T07:18:03.822+0000] {dag.py:4180} INFO - Setting next_dagrun for extract_raw_data_pipeline to 2025-04-09 07:18:00+00:00, run_after=2025-04-09 07:19:00+00:00
[2025-04-09T07:18:03.872+0000] {processor.py:208} INFO - Processing /opt/airflow/dags/driven_data_pipeline.py took 0.445 seconds
[2025-04-09T07:18:34.019+0000] {processor.py:186} INFO - Started process (PID=870) to work on /opt/airflow/dags/driven_data_pipeline.py
[2025-04-09T07:18:34.021+0000] {processor.py:914} INFO - Processing file /opt/airflow/dags/driven_data_pipeline.py for tasks to queue
[2025-04-09T07:18:34.026+0000] {logging_mixin.py:190} INFO - [2025-04-09T07:18:34.025+0000] {dagbag.py:588} INFO - Filling up the DagBag from /opt/airflow/dags/driven_data_pipeline.py
[2025-04-09T07:18:34.279+0000] {processor.py:925} INFO - DAG(s) 'extract_raw_data_pipeline' retrieved from /opt/airflow/dags/driven_data_pipeline.py
[2025-04-09T07:18:34.323+0000] {logging_mixin.py:190} INFO - [2025-04-09T07:18:34.323+0000] {dag.py:3239} INFO - Sync 1 DAGs
[2025-04-09T07:18:34.364+0000] {logging_mixin.py:190} INFO - [2025-04-09T07:18:34.364+0000] {dag.py:4180} INFO - Setting next_dagrun for extract_raw_data_pipeline to 2025-04-09 07:18:00+00:00, run_after=2025-04-09 07:19:00+00:00
[2025-04-09T07:18:34.396+0000] {processor.py:208} INFO - Processing /opt/airflow/dags/driven_data_pipeline.py took 0.385 seconds
[2025-04-09T07:19:04.624+0000] {processor.py:186} INFO - Started process (PID=877) to work on /opt/airflow/dags/driven_data_pipeline.py
[2025-04-09T07:19:04.643+0000] {processor.py:914} INFO - Processing file /opt/airflow/dags/driven_data_pipeline.py for tasks to queue
[2025-04-09T07:19:04.651+0000] {logging_mixin.py:190} INFO - [2025-04-09T07:19:04.649+0000] {dagbag.py:588} INFO - Filling up the DagBag from /opt/airflow/dags/driven_data_pipeline.py
[2025-04-09T07:19:04.991+0000] {processor.py:925} INFO - DAG(s) 'extract_raw_data_pipeline' retrieved from /opt/airflow/dags/driven_data_pipeline.py
[2025-04-09T07:19:05.049+0000] {logging_mixin.py:190} INFO - [2025-04-09T07:19:05.048+0000] {dag.py:3239} INFO - Sync 1 DAGs
[2025-04-09T07:19:05.102+0000] {logging_mixin.py:190} INFO - [2025-04-09T07:19:05.101+0000] {dag.py:4180} INFO - Setting next_dagrun for extract_raw_data_pipeline to 2025-04-09 07:19:00+00:00, run_after=2025-04-09 07:20:00+00:00
[2025-04-09T07:19:05.144+0000] {processor.py:208} INFO - Processing /opt/airflow/dags/driven_data_pipeline.py took 0.551 seconds
[2025-04-09T07:19:35.304+0000] {processor.py:186} INFO - Started process (PID=880) to work on /opt/airflow/dags/driven_data_pipeline.py
[2025-04-09T07:19:35.306+0000] {processor.py:914} INFO - Processing file /opt/airflow/dags/driven_data_pipeline.py for tasks to queue
[2025-04-09T07:19:35.311+0000] {logging_mixin.py:190} INFO - [2025-04-09T07:19:35.310+0000] {dagbag.py:588} INFO - Filling up the DagBag from /opt/airflow/dags/driven_data_pipeline.py
[2025-04-09T07:19:35.606+0000] {processor.py:925} INFO - DAG(s) 'extract_raw_data_pipeline' retrieved from /opt/airflow/dags/driven_data_pipeline.py
[2025-04-09T07:19:35.641+0000] {logging_mixin.py:190} INFO - [2025-04-09T07:19:35.641+0000] {dag.py:3239} INFO - Sync 1 DAGs
[2025-04-09T07:19:35.677+0000] {logging_mixin.py:190} INFO - [2025-04-09T07:19:35.676+0000] {dag.py:4180} INFO - Setting next_dagrun for extract_raw_data_pipeline to 2025-04-09 07:19:00+00:00, run_after=2025-04-09 07:20:00+00:00
[2025-04-09T07:19:35.711+0000] {processor.py:208} INFO - Processing /opt/airflow/dags/driven_data_pipeline.py took 0.420 seconds
[2025-04-09T07:20:05.809+0000] {processor.py:186} INFO - Started process (PID=888) to work on /opt/airflow/dags/driven_data_pipeline.py
[2025-04-09T07:20:05.811+0000] {processor.py:914} INFO - Processing file /opt/airflow/dags/driven_data_pipeline.py for tasks to queue
[2025-04-09T07:20:05.818+0000] {logging_mixin.py:190} INFO - [2025-04-09T07:20:05.817+0000] {dagbag.py:588} INFO - Filling up the DagBag from /opt/airflow/dags/driven_data_pipeline.py
[2025-04-09T07:20:06.159+0000] {processor.py:925} INFO - DAG(s) 'extract_raw_data_pipeline' retrieved from /opt/airflow/dags/driven_data_pipeline.py
[2025-04-09T07:20:06.216+0000] {logging_mixin.py:190} INFO - [2025-04-09T07:20:06.215+0000] {dag.py:3239} INFO - Sync 1 DAGs
[2025-04-09T07:20:06.278+0000] {logging_mixin.py:190} INFO - [2025-04-09T07:20:06.277+0000] {dag.py:4180} INFO - Setting next_dagrun for extract_raw_data_pipeline to 2025-04-09 07:20:00+00:00, run_after=2025-04-09 07:21:00+00:00
[2025-04-09T07:20:06.331+0000] {processor.py:208} INFO - Processing /opt/airflow/dags/driven_data_pipeline.py took 0.536 seconds
[2025-04-09T07:20:36.477+0000] {processor.py:186} INFO - Started process (PID=891) to work on /opt/airflow/dags/driven_data_pipeline.py
[2025-04-09T07:20:36.479+0000] {processor.py:914} INFO - Processing file /opt/airflow/dags/driven_data_pipeline.py for tasks to queue
[2025-04-09T07:20:36.482+0000] {logging_mixin.py:190} INFO - [2025-04-09T07:20:36.482+0000] {dagbag.py:588} INFO - Filling up the DagBag from /opt/airflow/dags/driven_data_pipeline.py
[2025-04-09T07:20:36.737+0000] {processor.py:925} INFO - DAG(s) 'extract_raw_data_pipeline' retrieved from /opt/airflow/dags/driven_data_pipeline.py
[2025-04-09T07:20:36.769+0000] {logging_mixin.py:190} INFO - [2025-04-09T07:20:36.768+0000] {dag.py:3239} INFO - Sync 1 DAGs
[2025-04-09T07:20:36.798+0000] {logging_mixin.py:190} INFO - [2025-04-09T07:20:36.797+0000] {dag.py:4180} INFO - Setting next_dagrun for extract_raw_data_pipeline to 2025-04-09 07:20:00+00:00, run_after=2025-04-09 07:21:00+00:00
[2025-04-09T07:20:36.833+0000] {processor.py:208} INFO - Processing /opt/airflow/dags/driven_data_pipeline.py took 0.364 seconds
[2025-04-09T07:21:07.000+0000] {processor.py:186} INFO - Started process (PID=898) to work on /opt/airflow/dags/driven_data_pipeline.py
[2025-04-09T07:21:07.001+0000] {processor.py:914} INFO - Processing file /opt/airflow/dags/driven_data_pipeline.py for tasks to queue
[2025-04-09T07:21:07.005+0000] {logging_mixin.py:190} INFO - [2025-04-09T07:21:07.005+0000] {dagbag.py:588} INFO - Filling up the DagBag from /opt/airflow/dags/driven_data_pipeline.py
[2025-04-09T07:21:07.271+0000] {processor.py:925} INFO - DAG(s) 'extract_raw_data_pipeline' retrieved from /opt/airflow/dags/driven_data_pipeline.py
[2025-04-09T07:21:07.306+0000] {logging_mixin.py:190} INFO - [2025-04-09T07:21:07.306+0000] {dag.py:3239} INFO - Sync 1 DAGs
[2025-04-09T07:21:07.339+0000] {logging_mixin.py:190} INFO - [2025-04-09T07:21:07.339+0000] {dag.py:4180} INFO - Setting next_dagrun for extract_raw_data_pipeline to 2025-04-09 07:21:00+00:00, run_after=2025-04-09 07:22:00+00:00
[2025-04-09T07:21:07.362+0000] {processor.py:208} INFO - Processing /opt/airflow/dags/driven_data_pipeline.py took 0.371 seconds
[2025-04-09T07:21:37.526+0000] {processor.py:186} INFO - Started process (PID=901) to work on /opt/airflow/dags/driven_data_pipeline.py
[2025-04-09T07:21:37.528+0000] {processor.py:914} INFO - Processing file /opt/airflow/dags/driven_data_pipeline.py for tasks to queue
[2025-04-09T07:21:37.532+0000] {logging_mixin.py:190} INFO - [2025-04-09T07:21:37.531+0000] {dagbag.py:588} INFO - Filling up the DagBag from /opt/airflow/dags/driven_data_pipeline.py
[2025-04-09T07:21:37.805+0000] {processor.py:925} INFO - DAG(s) 'extract_raw_data_pipeline' retrieved from /opt/airflow/dags/driven_data_pipeline.py
[2025-04-09T07:21:37.843+0000] {logging_mixin.py:190} INFO - [2025-04-09T07:21:37.842+0000] {dag.py:3239} INFO - Sync 1 DAGs
[2025-04-09T07:21:37.875+0000] {logging_mixin.py:190} INFO - [2025-04-09T07:21:37.875+0000] {dag.py:4180} INFO - Setting next_dagrun for extract_raw_data_pipeline to 2025-04-09 07:21:00+00:00, run_after=2025-04-09 07:22:00+00:00
[2025-04-09T07:21:37.899+0000] {processor.py:208} INFO - Processing /opt/airflow/dags/driven_data_pipeline.py took 0.385 seconds
[2025-04-09T07:22:08.058+0000] {processor.py:186} INFO - Started process (PID=908) to work on /opt/airflow/dags/driven_data_pipeline.py
[2025-04-09T07:22:08.060+0000] {processor.py:914} INFO - Processing file /opt/airflow/dags/driven_data_pipeline.py for tasks to queue
[2025-04-09T07:22:08.065+0000] {logging_mixin.py:190} INFO - [2025-04-09T07:22:08.064+0000] {dagbag.py:588} INFO - Filling up the DagBag from /opt/airflow/dags/driven_data_pipeline.py
[2025-04-09T07:22:08.431+0000] {processor.py:925} INFO - DAG(s) 'extract_raw_data_pipeline' retrieved from /opt/airflow/dags/driven_data_pipeline.py
[2025-04-09T07:22:08.467+0000] {logging_mixin.py:190} INFO - [2025-04-09T07:22:08.467+0000] {dag.py:3239} INFO - Sync 1 DAGs
[2025-04-09T07:22:08.511+0000] {logging_mixin.py:190} INFO - [2025-04-09T07:22:08.511+0000] {dag.py:4180} INFO - Setting next_dagrun for extract_raw_data_pipeline to 2025-04-09 07:22:00+00:00, run_after=2025-04-09 07:23:00+00:00
[2025-04-09T07:22:08.555+0000] {processor.py:208} INFO - Processing /opt/airflow/dags/driven_data_pipeline.py took 0.508 seconds
[2025-04-09T07:22:38.728+0000] {processor.py:186} INFO - Started process (PID=911) to work on /opt/airflow/dags/driven_data_pipeline.py
[2025-04-09T07:22:38.730+0000] {processor.py:914} INFO - Processing file /opt/airflow/dags/driven_data_pipeline.py for tasks to queue
[2025-04-09T07:22:38.733+0000] {logging_mixin.py:190} INFO - [2025-04-09T07:22:38.733+0000] {dagbag.py:588} INFO - Filling up the DagBag from /opt/airflow/dags/driven_data_pipeline.py
[2025-04-09T07:22:38.926+0000] {processor.py:925} INFO - DAG(s) 'extract_raw_data_pipeline' retrieved from /opt/airflow/dags/driven_data_pipeline.py
[2025-04-09T07:22:38.951+0000] {logging_mixin.py:190} INFO - [2025-04-09T07:22:38.951+0000] {dag.py:3239} INFO - Sync 1 DAGs
[2025-04-09T07:22:38.984+0000] {logging_mixin.py:190} INFO - [2025-04-09T07:22:38.984+0000] {dag.py:4180} INFO - Setting next_dagrun for extract_raw_data_pipeline to 2025-04-09 07:22:00+00:00, run_after=2025-04-09 07:23:00+00:00
[2025-04-09T07:22:39.025+0000] {processor.py:208} INFO - Processing /opt/airflow/dags/driven_data_pipeline.py took 0.306 seconds
[2025-04-09T07:23:09.143+0000] {processor.py:186} INFO - Started process (PID=918) to work on /opt/airflow/dags/driven_data_pipeline.py
[2025-04-09T07:23:09.145+0000] {processor.py:914} INFO - Processing file /opt/airflow/dags/driven_data_pipeline.py for tasks to queue
[2025-04-09T07:23:09.150+0000] {logging_mixin.py:190} INFO - [2025-04-09T07:23:09.149+0000] {dagbag.py:588} INFO - Filling up the DagBag from /opt/airflow/dags/driven_data_pipeline.py
[2025-04-09T07:23:09.343+0000] {processor.py:925} INFO - DAG(s) 'extract_raw_data_pipeline' retrieved from /opt/airflow/dags/driven_data_pipeline.py
[2025-04-09T07:23:09.377+0000] {logging_mixin.py:190} INFO - [2025-04-09T07:23:09.376+0000] {dag.py:3239} INFO - Sync 1 DAGs
[2025-04-09T07:23:09.407+0000] {logging_mixin.py:190} INFO - [2025-04-09T07:23:09.406+0000] {dag.py:4180} INFO - Setting next_dagrun for extract_raw_data_pipeline to 2025-04-09 07:23:00+00:00, run_after=2025-04-09 07:24:00+00:00
[2025-04-09T07:23:09.434+0000] {processor.py:208} INFO - Processing /opt/airflow/dags/driven_data_pipeline.py took 0.301 seconds
[2025-04-09T07:23:39.537+0000] {processor.py:186} INFO - Started process (PID=921) to work on /opt/airflow/dags/driven_data_pipeline.py
[2025-04-09T07:23:39.539+0000] {processor.py:914} INFO - Processing file /opt/airflow/dags/driven_data_pipeline.py for tasks to queue
[2025-04-09T07:23:39.542+0000] {logging_mixin.py:190} INFO - [2025-04-09T07:23:39.542+0000] {dagbag.py:588} INFO - Filling up the DagBag from /opt/airflow/dags/driven_data_pipeline.py
[2025-04-09T07:23:39.744+0000] {processor.py:925} INFO - DAG(s) 'extract_raw_data_pipeline' retrieved from /opt/airflow/dags/driven_data_pipeline.py
[2025-04-09T07:23:39.773+0000] {logging_mixin.py:190} INFO - [2025-04-09T07:23:39.773+0000] {dag.py:3239} INFO - Sync 1 DAGs
[2025-04-09T07:23:39.800+0000] {logging_mixin.py:190} INFO - [2025-04-09T07:23:39.800+0000] {dag.py:4180} INFO - Setting next_dagrun for extract_raw_data_pipeline to 2025-04-09 07:23:00+00:00, run_after=2025-04-09 07:24:00+00:00
[2025-04-09T07:23:39.828+0000] {processor.py:208} INFO - Processing /opt/airflow/dags/driven_data_pipeline.py took 0.299 seconds
[2025-04-09T07:24:09.929+0000] {processor.py:186} INFO - Started process (PID=928) to work on /opt/airflow/dags/driven_data_pipeline.py
[2025-04-09T07:24:09.932+0000] {processor.py:914} INFO - Processing file /opt/airflow/dags/driven_data_pipeline.py for tasks to queue
[2025-04-09T07:24:09.937+0000] {logging_mixin.py:190} INFO - [2025-04-09T07:24:09.937+0000] {dagbag.py:588} INFO - Filling up the DagBag from /opt/airflow/dags/driven_data_pipeline.py
[2025-04-09T07:24:10.262+0000] {processor.py:925} INFO - DAG(s) 'extract_raw_data_pipeline' retrieved from /opt/airflow/dags/driven_data_pipeline.py
[2025-04-09T07:24:10.302+0000] {logging_mixin.py:190} INFO - [2025-04-09T07:24:10.302+0000] {dag.py:3239} INFO - Sync 1 DAGs
[2025-04-09T07:24:10.341+0000] {logging_mixin.py:190} INFO - [2025-04-09T07:24:10.341+0000] {dag.py:4180} INFO - Setting next_dagrun for extract_raw_data_pipeline to 2025-04-09 07:24:00+00:00, run_after=2025-04-09 07:25:00+00:00
[2025-04-09T07:24:10.367+0000] {processor.py:208} INFO - Processing /opt/airflow/dags/driven_data_pipeline.py took 0.453 seconds
[2025-04-09T07:24:40.529+0000] {processor.py:186} INFO - Started process (PID=931) to work on /opt/airflow/dags/driven_data_pipeline.py
[2025-04-09T07:24:40.531+0000] {processor.py:914} INFO - Processing file /opt/airflow/dags/driven_data_pipeline.py for tasks to queue
[2025-04-09T07:24:40.535+0000] {logging_mixin.py:190} INFO - [2025-04-09T07:24:40.535+0000] {dagbag.py:588} INFO - Filling up the DagBag from /opt/airflow/dags/driven_data_pipeline.py
[2025-04-09T07:24:40.817+0000] {processor.py:925} INFO - DAG(s) 'extract_raw_data_pipeline' retrieved from /opt/airflow/dags/driven_data_pipeline.py
[2025-04-09T07:24:40.855+0000] {logging_mixin.py:190} INFO - [2025-04-09T07:24:40.854+0000] {dag.py:3239} INFO - Sync 1 DAGs
[2025-04-09T07:24:40.890+0000] {logging_mixin.py:190} INFO - [2025-04-09T07:24:40.890+0000] {dag.py:4180} INFO - Setting next_dagrun for extract_raw_data_pipeline to 2025-04-09 07:24:00+00:00, run_after=2025-04-09 07:25:00+00:00
[2025-04-09T07:24:40.916+0000] {processor.py:208} INFO - Processing /opt/airflow/dags/driven_data_pipeline.py took 0.397 seconds
[2025-04-09T07:25:11.075+0000] {processor.py:186} INFO - Started process (PID=938) to work on /opt/airflow/dags/driven_data_pipeline.py
[2025-04-09T07:25:11.077+0000] {processor.py:914} INFO - Processing file /opt/airflow/dags/driven_data_pipeline.py for tasks to queue
[2025-04-09T07:25:11.081+0000] {logging_mixin.py:190} INFO - [2025-04-09T07:25:11.080+0000] {dagbag.py:588} INFO - Filling up the DagBag from /opt/airflow/dags/driven_data_pipeline.py
[2025-04-09T07:25:11.316+0000] {processor.py:925} INFO - DAG(s) 'extract_raw_data_pipeline' retrieved from /opt/airflow/dags/driven_data_pipeline.py
[2025-04-09T07:25:11.354+0000] {logging_mixin.py:190} INFO - [2025-04-09T07:25:11.354+0000] {dag.py:3239} INFO - Sync 1 DAGs
[2025-04-09T07:25:11.391+0000] {logging_mixin.py:190} INFO - [2025-04-09T07:25:11.391+0000] {dag.py:4180} INFO - Setting next_dagrun for extract_raw_data_pipeline to 2025-04-09 07:25:00+00:00, run_after=2025-04-09 07:26:00+00:00
[2025-04-09T07:25:11.444+0000] {processor.py:208} INFO - Processing /opt/airflow/dags/driven_data_pipeline.py took 0.380 seconds
[2025-04-09T07:25:41.695+0000] {processor.py:186} INFO - Started process (PID=941) to work on /opt/airflow/dags/driven_data_pipeline.py
[2025-04-09T07:25:41.697+0000] {processor.py:914} INFO - Processing file /opt/airflow/dags/driven_data_pipeline.py for tasks to queue
[2025-04-09T07:25:41.702+0000] {logging_mixin.py:190} INFO - [2025-04-09T07:25:41.701+0000] {dagbag.py:588} INFO - Filling up the DagBag from /opt/airflow/dags/driven_data_pipeline.py
[2025-04-09T07:25:41.971+0000] {processor.py:925} INFO - DAG(s) 'extract_raw_data_pipeline' retrieved from /opt/airflow/dags/driven_data_pipeline.py
[2025-04-09T07:25:42.011+0000] {logging_mixin.py:190} INFO - [2025-04-09T07:25:42.010+0000] {dag.py:3239} INFO - Sync 1 DAGs
[2025-04-09T07:25:42.056+0000] {logging_mixin.py:190} INFO - [2025-04-09T07:25:42.056+0000] {dag.py:4180} INFO - Setting next_dagrun for extract_raw_data_pipeline to 2025-04-09 07:25:00+00:00, run_after=2025-04-09 07:26:00+00:00
[2025-04-09T07:25:42.085+0000] {processor.py:208} INFO - Processing /opt/airflow/dags/driven_data_pipeline.py took 0.402 seconds
[2025-04-09T07:26:12.319+0000] {processor.py:186} INFO - Started process (PID=948) to work on /opt/airflow/dags/driven_data_pipeline.py
[2025-04-09T07:26:12.321+0000] {processor.py:914} INFO - Processing file /opt/airflow/dags/driven_data_pipeline.py for tasks to queue
[2025-04-09T07:26:12.325+0000] {logging_mixin.py:190} INFO - [2025-04-09T07:26:12.325+0000] {dagbag.py:588} INFO - Filling up the DagBag from /opt/airflow/dags/driven_data_pipeline.py
[2025-04-09T07:26:12.717+0000] {processor.py:925} INFO - DAG(s) 'extract_raw_data_pipeline' retrieved from /opt/airflow/dags/driven_data_pipeline.py
[2025-04-09T07:26:12.853+0000] {logging_mixin.py:190} INFO - [2025-04-09T07:26:12.851+0000] {dag.py:3239} INFO - Sync 1 DAGs
[2025-04-09T07:26:13.039+0000] {logging_mixin.py:190} INFO - [2025-04-09T07:26:13.038+0000] {dag.py:4180} INFO - Setting next_dagrun for extract_raw_data_pipeline to 2025-04-09 07:26:00+00:00, run_after=2025-04-09 07:27:00+00:00
[2025-04-09T07:26:13.074+0000] {processor.py:208} INFO - Processing /opt/airflow/dags/driven_data_pipeline.py took 0.768 seconds
[2025-04-09T07:26:43.251+0000] {processor.py:186} INFO - Started process (PID=951) to work on /opt/airflow/dags/driven_data_pipeline.py
[2025-04-09T07:26:43.252+0000] {processor.py:914} INFO - Processing file /opt/airflow/dags/driven_data_pipeline.py for tasks to queue
[2025-04-09T07:26:43.255+0000] {logging_mixin.py:190} INFO - [2025-04-09T07:26:43.255+0000] {dagbag.py:588} INFO - Filling up the DagBag from /opt/airflow/dags/driven_data_pipeline.py
[2025-04-09T07:26:43.472+0000] {processor.py:925} INFO - DAG(s) 'extract_raw_data_pipeline' retrieved from /opt/airflow/dags/driven_data_pipeline.py
[2025-04-09T07:26:43.510+0000] {logging_mixin.py:190} INFO - [2025-04-09T07:26:43.509+0000] {dag.py:3239} INFO - Sync 1 DAGs
[2025-04-09T07:26:43.545+0000] {logging_mixin.py:190} INFO - [2025-04-09T07:26:43.545+0000] {dag.py:4180} INFO - Setting next_dagrun for extract_raw_data_pipeline to 2025-04-09 07:26:00+00:00, run_after=2025-04-09 07:27:00+00:00
[2025-04-09T07:26:43.571+0000] {processor.py:208} INFO - Processing /opt/airflow/dags/driven_data_pipeline.py took 0.328 seconds
[2025-04-09T07:27:13.689+0000] {processor.py:186} INFO - Started process (PID=958) to work on /opt/airflow/dags/driven_data_pipeline.py
[2025-04-09T07:27:13.691+0000] {processor.py:914} INFO - Processing file /opt/airflow/dags/driven_data_pipeline.py for tasks to queue
[2025-04-09T07:27:13.697+0000] {logging_mixin.py:190} INFO - [2025-04-09T07:27:13.696+0000] {dagbag.py:588} INFO - Filling up the DagBag from /opt/airflow/dags/driven_data_pipeline.py
[2025-04-09T07:27:14.059+0000] {processor.py:925} INFO - DAG(s) 'extract_raw_data_pipeline' retrieved from /opt/airflow/dags/driven_data_pipeline.py
[2025-04-09T07:27:14.118+0000] {logging_mixin.py:190} INFO - [2025-04-09T07:27:14.116+0000] {dag.py:3239} INFO - Sync 1 DAGs
[2025-04-09T07:27:14.170+0000] {logging_mixin.py:190} INFO - [2025-04-09T07:27:14.169+0000] {dag.py:4180} INFO - Setting next_dagrun for extract_raw_data_pipeline to 2025-04-09 07:27:00+00:00, run_after=2025-04-09 07:28:00+00:00
[2025-04-09T07:27:14.207+0000] {processor.py:208} INFO - Processing /opt/airflow/dags/driven_data_pipeline.py took 0.533 seconds
[2025-04-09T07:27:44.365+0000] {processor.py:186} INFO - Started process (PID=961) to work on /opt/airflow/dags/driven_data_pipeline.py
[2025-04-09T07:27:44.367+0000] {processor.py:914} INFO - Processing file /opt/airflow/dags/driven_data_pipeline.py for tasks to queue
[2025-04-09T07:27:44.375+0000] {logging_mixin.py:190} INFO - [2025-04-09T07:27:44.374+0000] {dagbag.py:588} INFO - Filling up the DagBag from /opt/airflow/dags/driven_data_pipeline.py
[2025-04-09T07:27:44.917+0000] {processor.py:925} INFO - DAG(s) 'extract_raw_data_pipeline' retrieved from /opt/airflow/dags/driven_data_pipeline.py
[2025-04-09T07:27:45.005+0000] {logging_mixin.py:190} INFO - [2025-04-09T07:27:45.004+0000] {dag.py:3239} INFO - Sync 1 DAGs
[2025-04-09T07:27:45.074+0000] {logging_mixin.py:190} INFO - [2025-04-09T07:27:45.074+0000] {dag.py:4180} INFO - Setting next_dagrun for extract_raw_data_pipeline to 2025-04-09 07:27:00+00:00, run_after=2025-04-09 07:28:00+00:00
[2025-04-09T07:27:45.130+0000] {processor.py:208} INFO - Processing /opt/airflow/dags/driven_data_pipeline.py took 0.788 seconds
[2025-04-09T07:28:12.372+0000] {processor.py:186} INFO - Started process (PID=968) to work on /opt/airflow/dags/driven_data_pipeline.py
[2025-04-09T07:28:12.374+0000] {processor.py:914} INFO - Processing file /opt/airflow/dags/driven_data_pipeline.py for tasks to queue
[2025-04-09T07:28:12.379+0000] {logging_mixin.py:190} INFO - [2025-04-09T07:28:12.378+0000] {dagbag.py:588} INFO - Filling up the DagBag from /opt/airflow/dags/driven_data_pipeline.py
[2025-04-09T07:28:12.782+0000] {processor.py:925} INFO - DAG(s) 'extract_raw_data_pipeline' retrieved from /opt/airflow/dags/driven_data_pipeline.py
[2025-04-09T07:28:12.846+0000] {logging_mixin.py:190} INFO - [2025-04-09T07:28:12.845+0000] {dag.py:3239} INFO - Sync 1 DAGs
[2025-04-09T07:28:12.911+0000] {logging_mixin.py:190} INFO - [2025-04-09T07:28:12.910+0000] {dag.py:4180} INFO - Setting next_dagrun for extract_raw_data_pipeline to 2025-04-09 07:28:00+00:00, run_after=2025-04-09 07:29:00+00:00
[2025-04-09T07:28:12.953+0000] {processor.py:208} INFO - Processing /opt/airflow/dags/driven_data_pipeline.py took 0.594 seconds
[2025-04-09T07:28:43.086+0000] {processor.py:186} INFO - Started process (PID=975) to work on /opt/airflow/dags/driven_data_pipeline.py
[2025-04-09T07:28:43.089+0000] {processor.py:914} INFO - Processing file /opt/airflow/dags/driven_data_pipeline.py for tasks to queue
[2025-04-09T07:28:43.100+0000] {logging_mixin.py:190} INFO - [2025-04-09T07:28:43.099+0000] {dagbag.py:588} INFO - Filling up the DagBag from /opt/airflow/dags/driven_data_pipeline.py
[2025-04-09T07:28:43.411+0000] {processor.py:925} INFO - DAG(s) 'extract_raw_data_pipeline' retrieved from /opt/airflow/dags/driven_data_pipeline.py
[2025-04-09T07:28:43.448+0000] {logging_mixin.py:190} INFO - [2025-04-09T07:28:43.448+0000] {dag.py:3239} INFO - Sync 1 DAGs
[2025-04-09T07:28:43.485+0000] {logging_mixin.py:190} INFO - [2025-04-09T07:28:43.484+0000] {dag.py:4180} INFO - Setting next_dagrun for extract_raw_data_pipeline to 2025-04-09 07:28:00+00:00, run_after=2025-04-09 07:29:00+00:00
[2025-04-09T07:28:43.514+0000] {processor.py:208} INFO - Processing /opt/airflow/dags/driven_data_pipeline.py took 0.449 seconds
[2025-04-09T07:29:13.805+0000] {processor.py:186} INFO - Started process (PID=986) to work on /opt/airflow/dags/driven_data_pipeline.py
[2025-04-09T07:29:13.807+0000] {processor.py:914} INFO - Processing file /opt/airflow/dags/driven_data_pipeline.py for tasks to queue
[2025-04-09T07:29:13.814+0000] {logging_mixin.py:190} INFO - [2025-04-09T07:29:13.813+0000] {dagbag.py:588} INFO - Filling up the DagBag from /opt/airflow/dags/driven_data_pipeline.py
[2025-04-09T07:29:14.183+0000] {processor.py:925} INFO - DAG(s) 'extract_raw_data_pipeline' retrieved from /opt/airflow/dags/driven_data_pipeline.py
[2025-04-09T07:29:14.268+0000] {logging_mixin.py:190} INFO - [2025-04-09T07:29:14.267+0000] {dag.py:3239} INFO - Sync 1 DAGs
[2025-04-09T07:29:14.325+0000] {logging_mixin.py:190} INFO - [2025-04-09T07:29:14.324+0000] {dag.py:4180} INFO - Setting next_dagrun for extract_raw_data_pipeline to 2025-04-09 07:29:00+00:00, run_after=2025-04-09 07:30:00+00:00
[2025-04-09T07:29:14.367+0000] {processor.py:208} INFO - Processing /opt/airflow/dags/driven_data_pipeline.py took 0.579 seconds
[2025-04-09T07:29:44.483+0000] {processor.py:186} INFO - Started process (PID=993) to work on /opt/airflow/dags/driven_data_pipeline.py
[2025-04-09T07:29:44.485+0000] {processor.py:914} INFO - Processing file /opt/airflow/dags/driven_data_pipeline.py for tasks to queue
[2025-04-09T07:29:44.490+0000] {logging_mixin.py:190} INFO - [2025-04-09T07:29:44.490+0000] {dagbag.py:588} INFO - Filling up the DagBag from /opt/airflow/dags/driven_data_pipeline.py
[2025-04-09T07:29:44.734+0000] {processor.py:925} INFO - DAG(s) 'extract_raw_data_pipeline' retrieved from /opt/airflow/dags/driven_data_pipeline.py
[2025-04-09T07:29:44.780+0000] {logging_mixin.py:190} INFO - [2025-04-09T07:29:44.779+0000] {dag.py:3239} INFO - Sync 1 DAGs
[2025-04-09T07:29:44.827+0000] {logging_mixin.py:190} INFO - [2025-04-09T07:29:44.826+0000] {dag.py:4180} INFO - Setting next_dagrun for extract_raw_data_pipeline to 2025-04-09 07:29:00+00:00, run_after=2025-04-09 07:30:00+00:00
[2025-04-09T07:29:44.866+0000] {processor.py:208} INFO - Processing /opt/airflow/dags/driven_data_pipeline.py took 0.392 seconds
[2025-04-09T07:30:15.062+0000] {processor.py:186} INFO - Started process (PID=1004) to work on /opt/airflow/dags/driven_data_pipeline.py
[2025-04-09T07:30:15.064+0000] {processor.py:914} INFO - Processing file /opt/airflow/dags/driven_data_pipeline.py for tasks to queue
[2025-04-09T07:30:15.068+0000] {logging_mixin.py:190} INFO - [2025-04-09T07:30:15.067+0000] {dagbag.py:588} INFO - Filling up the DagBag from /opt/airflow/dags/driven_data_pipeline.py
[2025-04-09T07:30:15.328+0000] {processor.py:925} INFO - DAG(s) 'extract_raw_data_pipeline' retrieved from /opt/airflow/dags/driven_data_pipeline.py
[2025-04-09T07:30:15.369+0000] {logging_mixin.py:190} INFO - [2025-04-09T07:30:15.369+0000] {dag.py:3239} INFO - Sync 1 DAGs
[2025-04-09T07:30:15.409+0000] {logging_mixin.py:190} INFO - [2025-04-09T07:30:15.408+0000] {dag.py:4180} INFO - Setting next_dagrun for extract_raw_data_pipeline to 2025-04-09 07:30:00+00:00, run_after=2025-04-09 07:31:00+00:00
[2025-04-09T07:30:15.439+0000] {processor.py:208} INFO - Processing /opt/airflow/dags/driven_data_pipeline.py took 0.389 seconds
[2025-04-09T07:30:45.654+0000] {processor.py:186} INFO - Started process (PID=1007) to work on /opt/airflow/dags/driven_data_pipeline.py
[2025-04-09T07:30:45.655+0000] {processor.py:914} INFO - Processing file /opt/airflow/dags/driven_data_pipeline.py for tasks to queue
[2025-04-09T07:30:45.659+0000] {logging_mixin.py:190} INFO - [2025-04-09T07:30:45.658+0000] {dagbag.py:588} INFO - Filling up the DagBag from /opt/airflow/dags/driven_data_pipeline.py
[2025-04-09T07:30:45.874+0000] {processor.py:925} INFO - DAG(s) 'extract_raw_data_pipeline' retrieved from /opt/airflow/dags/driven_data_pipeline.py
[2025-04-09T07:30:45.912+0000] {logging_mixin.py:190} INFO - [2025-04-09T07:30:45.911+0000] {dag.py:3239} INFO - Sync 1 DAGs
[2025-04-09T07:30:45.943+0000] {logging_mixin.py:190} INFO - [2025-04-09T07:30:45.943+0000] {dag.py:4180} INFO - Setting next_dagrun for extract_raw_data_pipeline to 2025-04-09 07:30:00+00:00, run_after=2025-04-09 07:31:00+00:00
[2025-04-09T07:30:45.970+0000] {processor.py:208} INFO - Processing /opt/airflow/dags/driven_data_pipeline.py took 0.349 seconds
[2025-04-09T07:31:16.126+0000] {processor.py:186} INFO - Started process (PID=1014) to work on /opt/airflow/dags/driven_data_pipeline.py
[2025-04-09T07:31:16.128+0000] {processor.py:914} INFO - Processing file /opt/airflow/dags/driven_data_pipeline.py for tasks to queue
[2025-04-09T07:31:16.133+0000] {logging_mixin.py:190} INFO - [2025-04-09T07:31:16.132+0000] {dagbag.py:588} INFO - Filling up the DagBag from /opt/airflow/dags/driven_data_pipeline.py
[2025-04-09T07:31:16.340+0000] {processor.py:925} INFO - DAG(s) 'extract_raw_data_pipeline' retrieved from /opt/airflow/dags/driven_data_pipeline.py
[2025-04-09T07:31:16.372+0000] {logging_mixin.py:190} INFO - [2025-04-09T07:31:16.372+0000] {dag.py:3239} INFO - Sync 1 DAGs
[2025-04-09T07:31:16.405+0000] {logging_mixin.py:190} INFO - [2025-04-09T07:31:16.405+0000] {dag.py:4180} INFO - Setting next_dagrun for extract_raw_data_pipeline to 2025-04-09 07:31:00+00:00, run_after=2025-04-09 07:32:00+00:00
[2025-04-09T07:31:16.429+0000] {processor.py:208} INFO - Processing /opt/airflow/dags/driven_data_pipeline.py took 0.312 seconds
[2025-04-09T07:31:46.859+0000] {processor.py:186} INFO - Started process (PID=1017) to work on /opt/airflow/dags/driven_data_pipeline.py
[2025-04-09T07:31:46.860+0000] {processor.py:914} INFO - Processing file /opt/airflow/dags/driven_data_pipeline.py for tasks to queue
[2025-04-09T07:31:46.864+0000] {logging_mixin.py:190} INFO - [2025-04-09T07:31:46.864+0000] {dagbag.py:588} INFO - Filling up the DagBag from /opt/airflow/dags/driven_data_pipeline.py
[2025-04-09T07:31:45.847+0000] {processor.py:925} INFO - DAG(s) 'extract_raw_data_pipeline' retrieved from /opt/airflow/dags/driven_data_pipeline.py
[2025-04-09T07:31:45.884+0000] {logging_mixin.py:190} INFO - [2025-04-09T07:31:45.884+0000] {dag.py:3239} INFO - Sync 1 DAGs
[2025-04-09T07:31:45.917+0000] {logging_mixin.py:190} INFO - [2025-04-09T07:31:45.917+0000] {dag.py:4180} INFO - Setting next_dagrun for extract_raw_data_pipeline to 2025-04-09 07:31:00+00:00, run_after=2025-04-09 07:32:00+00:00
[2025-04-09T07:31:45.946+0000] {processor.py:208} INFO - Processing /opt/airflow/dags/driven_data_pipeline.py took 0.298 seconds
[2025-04-09T07:32:16.028+0000] {processor.py:186} INFO - Started process (PID=1024) to work on /opt/airflow/dags/driven_data_pipeline.py
[2025-04-09T07:32:16.030+0000] {processor.py:914} INFO - Processing file /opt/airflow/dags/driven_data_pipeline.py for tasks to queue
[2025-04-09T07:32:16.033+0000] {logging_mixin.py:190} INFO - [2025-04-09T07:32:16.033+0000] {dagbag.py:588} INFO - Filling up the DagBag from /opt/airflow/dags/driven_data_pipeline.py
[2025-04-09T07:32:16.206+0000] {processor.py:925} INFO - DAG(s) 'extract_raw_data_pipeline' retrieved from /opt/airflow/dags/driven_data_pipeline.py
[2025-04-09T07:32:16.233+0000] {logging_mixin.py:190} INFO - [2025-04-09T07:32:16.233+0000] {dag.py:3239} INFO - Sync 1 DAGs
[2025-04-09T07:32:16.258+0000] {logging_mixin.py:190} INFO - [2025-04-09T07:32:16.258+0000] {dag.py:4180} INFO - Setting next_dagrun for extract_raw_data_pipeline to 2025-04-09 07:32:00+00:00, run_after=2025-04-09 07:33:00+00:00
[2025-04-09T07:32:16.279+0000] {processor.py:208} INFO - Processing /opt/airflow/dags/driven_data_pipeline.py took 0.259 seconds
[2025-04-09T07:32:46.461+0000] {processor.py:186} INFO - Started process (PID=1027) to work on /opt/airflow/dags/driven_data_pipeline.py
[2025-04-09T07:32:46.463+0000] {processor.py:914} INFO - Processing file /opt/airflow/dags/driven_data_pipeline.py for tasks to queue
[2025-04-09T07:32:46.466+0000] {logging_mixin.py:190} INFO - [2025-04-09T07:32:46.466+0000] {dagbag.py:588} INFO - Filling up the DagBag from /opt/airflow/dags/driven_data_pipeline.py
[2025-04-09T07:32:46.640+0000] {processor.py:925} INFO - DAG(s) 'extract_raw_data_pipeline' retrieved from /opt/airflow/dags/driven_data_pipeline.py
[2025-04-09T07:32:46.665+0000] {logging_mixin.py:190} INFO - [2025-04-09T07:32:46.665+0000] {dag.py:3239} INFO - Sync 1 DAGs
[2025-04-09T07:32:46.689+0000] {logging_mixin.py:190} INFO - [2025-04-09T07:32:46.688+0000] {dag.py:4180} INFO - Setting next_dagrun for extract_raw_data_pipeline to 2025-04-09 07:32:00+00:00, run_after=2025-04-09 07:33:00+00:00
[2025-04-09T07:32:46.717+0000] {processor.py:208} INFO - Processing /opt/airflow/dags/driven_data_pipeline.py took 0.264 seconds
[2025-04-09T07:33:16.794+0000] {processor.py:186} INFO - Started process (PID=1034) to work on /opt/airflow/dags/driven_data_pipeline.py
[2025-04-09T07:33:16.796+0000] {processor.py:914} INFO - Processing file /opt/airflow/dags/driven_data_pipeline.py for tasks to queue
[2025-04-09T07:33:16.799+0000] {logging_mixin.py:190} INFO - [2025-04-09T07:33:16.799+0000] {dagbag.py:588} INFO - Filling up the DagBag from /opt/airflow/dags/driven_data_pipeline.py
[2025-04-09T07:33:16.978+0000] {processor.py:925} INFO - DAG(s) 'extract_raw_data_pipeline' retrieved from /opt/airflow/dags/driven_data_pipeline.py
[2025-04-09T07:33:17.007+0000] {logging_mixin.py:190} INFO - [2025-04-09T07:33:17.007+0000] {dag.py:3239} INFO - Sync 1 DAGs
[2025-04-09T07:33:17.034+0000] {logging_mixin.py:190} INFO - [2025-04-09T07:33:17.034+0000] {dag.py:4180} INFO - Setting next_dagrun for extract_raw_data_pipeline to 2025-04-09 07:33:00+00:00, run_after=2025-04-09 07:34:00+00:00
[2025-04-09T07:33:17.064+0000] {processor.py:208} INFO - Processing /opt/airflow/dags/driven_data_pipeline.py took 0.277 seconds
[2025-04-09T07:33:47.147+0000] {processor.py:186} INFO - Started process (PID=1037) to work on /opt/airflow/dags/driven_data_pipeline.py
[2025-04-09T07:33:47.149+0000] {processor.py:914} INFO - Processing file /opt/airflow/dags/driven_data_pipeline.py for tasks to queue
[2025-04-09T07:33:47.154+0000] {logging_mixin.py:190} INFO - [2025-04-09T07:33:47.153+0000] {dagbag.py:588} INFO - Filling up the DagBag from /opt/airflow/dags/driven_data_pipeline.py
[2025-04-09T07:33:47.386+0000] {processor.py:925} INFO - DAG(s) 'extract_raw_data_pipeline' retrieved from /opt/airflow/dags/driven_data_pipeline.py
[2025-04-09T07:33:47.416+0000] {logging_mixin.py:190} INFO - [2025-04-09T07:33:47.416+0000] {dag.py:3239} INFO - Sync 1 DAGs
[2025-04-09T07:33:47.446+0000] {logging_mixin.py:190} INFO - [2025-04-09T07:33:47.446+0000] {dag.py:4180} INFO - Setting next_dagrun for extract_raw_data_pipeline to 2025-04-09 07:33:00+00:00, run_after=2025-04-09 07:34:00+00:00
[2025-04-09T07:33:47.469+0000] {processor.py:208} INFO - Processing /opt/airflow/dags/driven_data_pipeline.py took 0.333 seconds
[2025-04-09T07:34:17.561+0000] {processor.py:186} INFO - Started process (PID=1044) to work on /opt/airflow/dags/driven_data_pipeline.py
[2025-04-09T07:34:17.563+0000] {processor.py:914} INFO - Processing file /opt/airflow/dags/driven_data_pipeline.py for tasks to queue
[2025-04-09T07:34:17.566+0000] {logging_mixin.py:190} INFO - [2025-04-09T07:34:17.566+0000] {dagbag.py:588} INFO - Filling up the DagBag from /opt/airflow/dags/driven_data_pipeline.py
[2025-04-09T07:34:17.754+0000] {processor.py:925} INFO - DAG(s) 'extract_raw_data_pipeline' retrieved from /opt/airflow/dags/driven_data_pipeline.py
[2025-04-09T07:34:17.781+0000] {logging_mixin.py:190} INFO - [2025-04-09T07:34:17.781+0000] {dag.py:3239} INFO - Sync 1 DAGs
[2025-04-09T07:34:17.808+0000] {logging_mixin.py:190} INFO - [2025-04-09T07:34:17.808+0000] {dag.py:4180} INFO - Setting next_dagrun for extract_raw_data_pipeline to 2025-04-09 07:34:00+00:00, run_after=2025-04-09 07:35:00+00:00
[2025-04-09T07:34:17.837+0000] {processor.py:208} INFO - Processing /opt/airflow/dags/driven_data_pipeline.py took 0.284 seconds
[2025-04-09T07:34:47.936+0000] {processor.py:186} INFO - Started process (PID=1047) to work on /opt/airflow/dags/driven_data_pipeline.py
[2025-04-09T07:34:47.938+0000] {processor.py:914} INFO - Processing file /opt/airflow/dags/driven_data_pipeline.py for tasks to queue
[2025-04-09T07:34:47.943+0000] {logging_mixin.py:190} INFO - [2025-04-09T07:34:47.942+0000] {dagbag.py:588} INFO - Filling up the DagBag from /opt/airflow/dags/driven_data_pipeline.py
[2025-04-09T07:34:48.237+0000] {processor.py:925} INFO - DAG(s) 'extract_raw_data_pipeline' retrieved from /opt/airflow/dags/driven_data_pipeline.py
[2025-04-09T07:34:48.286+0000] {logging_mixin.py:190} INFO - [2025-04-09T07:34:48.285+0000] {dag.py:3239} INFO - Sync 1 DAGs
[2025-04-09T07:34:48.320+0000] {logging_mixin.py:190} INFO - [2025-04-09T07:34:48.320+0000] {dag.py:4180} INFO - Setting next_dagrun for extract_raw_data_pipeline to 2025-04-09 07:34:00+00:00, run_after=2025-04-09 07:35:00+00:00
[2025-04-09T07:34:48.348+0000] {processor.py:208} INFO - Processing /opt/airflow/dags/driven_data_pipeline.py took 0.425 seconds
[2025-04-09T07:34:55.283+0000] {processor.py:186} INFO - Started process (PID=1050) to work on /opt/airflow/dags/driven_data_pipeline.py
[2025-04-09T07:34:55.285+0000] {processor.py:914} INFO - Processing file /opt/airflow/dags/driven_data_pipeline.py for tasks to queue
[2025-04-09T07:34:55.289+0000] {logging_mixin.py:190} INFO - [2025-04-09T07:34:55.288+0000] {dagbag.py:588} INFO - Filling up the DagBag from /opt/airflow/dags/driven_data_pipeline.py
[2025-04-09T07:34:55.596+0000] {processor.py:925} INFO - DAG(s) 'extract_raw_data_pipeline' retrieved from /opt/airflow/dags/driven_data_pipeline.py
[2025-04-09T07:34:55.667+0000] {logging_mixin.py:190} INFO - [2025-04-09T07:34:55.667+0000] {dag.py:3239} INFO - Sync 1 DAGs
[2025-04-09T07:34:55.712+0000] {logging_mixin.py:190} INFO - [2025-04-09T07:34:55.711+0000] {dag.py:4180} INFO - Setting next_dagrun for extract_raw_data_pipeline to 2025-04-09 07:34:00+00:00, run_after=2025-04-09 07:35:00+00:00
[2025-04-09T07:34:55.752+0000] {processor.py:208} INFO - Processing /opt/airflow/dags/driven_data_pipeline.py took 0.478 seconds
[2025-04-09T07:34:55.820+0000] {processor.py:186} INFO - Started process (PID=1052) to work on /opt/airflow/dags/driven_data_pipeline.py
[2025-04-09T07:34:55.822+0000] {processor.py:914} INFO - Processing file /opt/airflow/dags/driven_data_pipeline.py for tasks to queue
[2025-04-09T07:34:55.827+0000] {logging_mixin.py:190} INFO - [2025-04-09T07:34:55.826+0000] {dagbag.py:588} INFO - Filling up the DagBag from /opt/airflow/dags/driven_data_pipeline.py
[2025-04-09T07:34:56.333+0000] {processor.py:925} INFO - DAG(s) 'extract_raw_data_pipeline' retrieved from /opt/airflow/dags/driven_data_pipeline.py
[2025-04-09T07:34:56.378+0000] {logging_mixin.py:190} INFO - [2025-04-09T07:34:56.378+0000] {dag.py:3239} INFO - Sync 1 DAGs
[2025-04-09T07:34:56.417+0000] {logging_mixin.py:190} INFO - [2025-04-09T07:34:56.417+0000] {dag.py:4180} INFO - Setting next_dagrun for extract_raw_data_pipeline to 2025-04-09 07:34:00+00:00, run_after=2025-04-09 07:35:00+00:00
[2025-04-09T07:34:56.467+0000] {processor.py:208} INFO - Processing /opt/airflow/dags/driven_data_pipeline.py took 0.660 seconds
[2025-04-09T07:35:26.720+0000] {processor.py:186} INFO - Started process (PID=1063) to work on /opt/airflow/dags/driven_data_pipeline.py
[2025-04-09T07:35:26.725+0000] {processor.py:914} INFO - Processing file /opt/airflow/dags/driven_data_pipeline.py for tasks to queue
[2025-04-09T07:35:26.730+0000] {logging_mixin.py:190} INFO - [2025-04-09T07:35:26.729+0000] {dagbag.py:588} INFO - Filling up the DagBag from /opt/airflow/dags/driven_data_pipeline.py
[2025-04-09T07:35:27.014+0000] {processor.py:925} INFO - DAG(s) 'extract_raw_data_pipeline' retrieved from /opt/airflow/dags/driven_data_pipeline.py
[2025-04-09T07:35:27.062+0000] {logging_mixin.py:190} INFO - [2025-04-09T07:35:27.062+0000] {dag.py:3239} INFO - Sync 1 DAGs
[2025-04-09T07:35:27.096+0000] {logging_mixin.py:190} INFO - [2025-04-09T07:35:27.096+0000] {dag.py:4180} INFO - Setting next_dagrun for extract_raw_data_pipeline to 2025-04-09 07:35:00+00:00, run_after=2025-04-09 07:36:00+00:00
[2025-04-09T07:35:27.127+0000] {processor.py:208} INFO - Processing /opt/airflow/dags/driven_data_pipeline.py took 0.417 seconds
[2025-04-09T07:35:57.252+0000] {processor.py:186} INFO - Started process (PID=1066) to work on /opt/airflow/dags/driven_data_pipeline.py
[2025-04-09T07:35:57.256+0000] {processor.py:914} INFO - Processing file /opt/airflow/dags/driven_data_pipeline.py for tasks to queue
[2025-04-09T07:35:57.261+0000] {logging_mixin.py:190} INFO - [2025-04-09T07:35:57.261+0000] {dagbag.py:588} INFO - Filling up the DagBag from /opt/airflow/dags/driven_data_pipeline.py
[2025-04-09T07:35:57.527+0000] {processor.py:925} INFO - DAG(s) 'extract_raw_data_pipeline' retrieved from /opt/airflow/dags/driven_data_pipeline.py
[2025-04-09T07:35:57.565+0000] {logging_mixin.py:190} INFO - [2025-04-09T07:35:57.565+0000] {dag.py:3239} INFO - Sync 1 DAGs
[2025-04-09T07:35:57.601+0000] {logging_mixin.py:190} INFO - [2025-04-09T07:35:57.600+0000] {dag.py:4180} INFO - Setting next_dagrun for extract_raw_data_pipeline to 2025-04-09 07:35:00+00:00, run_after=2025-04-09 07:36:00+00:00
[2025-04-09T07:35:57.630+0000] {processor.py:208} INFO - Processing /opt/airflow/dags/driven_data_pipeline.py took 0.390 seconds
[2025-04-09T07:36:28.559+0000] {processor.py:186} INFO - Started process (PID=1073) to work on /opt/airflow/dags/driven_data_pipeline.py
[2025-04-09T07:36:28.560+0000] {processor.py:914} INFO - Processing file /opt/airflow/dags/driven_data_pipeline.py for tasks to queue
[2025-04-09T07:36:28.566+0000] {logging_mixin.py:190} INFO - [2025-04-09T07:36:28.565+0000] {dagbag.py:588} INFO - Filling up the DagBag from /opt/airflow/dags/driven_data_pipeline.py
[2025-04-09T07:36:28.908+0000] {processor.py:925} INFO - DAG(s) 'extract_raw_data_pipeline' retrieved from /opt/airflow/dags/driven_data_pipeline.py
[2025-04-09T07:36:28.960+0000] {logging_mixin.py:190} INFO - [2025-04-09T07:36:28.960+0000] {dag.py:3239} INFO - Sync 1 DAGs
[2025-04-09T07:36:29.012+0000] {logging_mixin.py:190} INFO - [2025-04-09T07:36:29.011+0000] {dag.py:4180} INFO - Setting next_dagrun for extract_raw_data_pipeline to 2025-04-09 07:36:00+00:00, run_after=2025-04-09 07:37:00+00:00
[2025-04-09T07:36:29.048+0000] {processor.py:208} INFO - Processing /opt/airflow/dags/driven_data_pipeline.py took 0.501 seconds
[2025-04-09T07:36:59.353+0000] {processor.py:186} INFO - Started process (PID=1076) to work on /opt/airflow/dags/driven_data_pipeline.py
[2025-04-09T07:36:59.355+0000] {processor.py:914} INFO - Processing file /opt/airflow/dags/driven_data_pipeline.py for tasks to queue
[2025-04-09T07:36:59.358+0000] {logging_mixin.py:190} INFO - [2025-04-09T07:36:59.358+0000] {dagbag.py:588} INFO - Filling up the DagBag from /opt/airflow/dags/driven_data_pipeline.py
[2025-04-09T07:36:59.587+0000] {processor.py:925} INFO - DAG(s) 'extract_raw_data_pipeline' retrieved from /opt/airflow/dags/driven_data_pipeline.py
[2025-04-09T07:36:59.625+0000] {logging_mixin.py:190} INFO - [2025-04-09T07:36:59.624+0000] {dag.py:3239} INFO - Sync 1 DAGs
[2025-04-09T07:36:59.672+0000] {logging_mixin.py:190} INFO - [2025-04-09T07:36:59.672+0000] {dag.py:4180} INFO - Setting next_dagrun for extract_raw_data_pipeline to 2025-04-09 07:36:00+00:00, run_after=2025-04-09 07:37:00+00:00
[2025-04-09T07:36:59.711+0000] {processor.py:208} INFO - Processing /opt/airflow/dags/driven_data_pipeline.py took 0.366 seconds
[2025-04-09T07:37:29.953+0000] {processor.py:186} INFO - Started process (PID=1083) to work on /opt/airflow/dags/driven_data_pipeline.py
[2025-04-09T07:37:29.954+0000] {processor.py:914} INFO - Processing file /opt/airflow/dags/driven_data_pipeline.py for tasks to queue
[2025-04-09T07:37:29.958+0000] {logging_mixin.py:190} INFO - [2025-04-09T07:37:29.957+0000] {dagbag.py:588} INFO - Filling up the DagBag from /opt/airflow/dags/driven_data_pipeline.py
[2025-04-09T07:37:30.151+0000] {processor.py:925} INFO - DAG(s) 'extract_raw_data_pipeline' retrieved from /opt/airflow/dags/driven_data_pipeline.py
[2025-04-09T07:37:30.183+0000] {logging_mixin.py:190} INFO - [2025-04-09T07:37:30.183+0000] {dag.py:3239} INFO - Sync 1 DAGs
[2025-04-09T07:37:30.214+0000] {logging_mixin.py:190} INFO - [2025-04-09T07:37:30.214+0000] {dag.py:4180} INFO - Setting next_dagrun for extract_raw_data_pipeline to 2025-04-09 07:37:00+00:00, run_after=2025-04-09 07:38:00+00:00
[2025-04-09T07:37:30.241+0000] {processor.py:208} INFO - Processing /opt/airflow/dags/driven_data_pipeline.py took 0.297 seconds
[2025-04-09T07:38:00.520+0000] {processor.py:186} INFO - Started process (PID=1086) to work on /opt/airflow/dags/driven_data_pipeline.py
[2025-04-09T07:38:00.522+0000] {processor.py:914} INFO - Processing file /opt/airflow/dags/driven_data_pipeline.py for tasks to queue
[2025-04-09T07:38:00.527+0000] {logging_mixin.py:190} INFO - [2025-04-09T07:38:00.526+0000] {dagbag.py:588} INFO - Filling up the DagBag from /opt/airflow/dags/driven_data_pipeline.py
[2025-04-09T07:38:00.938+0000] {processor.py:925} INFO - DAG(s) 'extract_raw_data_pipeline' retrieved from /opt/airflow/dags/driven_data_pipeline.py
[2025-04-09T07:38:01.014+0000] {logging_mixin.py:190} INFO - [2025-04-09T07:38:01.013+0000] {dag.py:3239} INFO - Sync 1 DAGs
[2025-04-09T07:38:01.088+0000] {logging_mixin.py:190} INFO - [2025-04-09T07:38:01.087+0000] {dag.py:4180} INFO - Setting next_dagrun for extract_raw_data_pipeline to 2025-04-09 07:38:00+00:00, run_after=2025-04-09 07:39:00+00:00
[2025-04-09T07:38:01.147+0000] {processor.py:208} INFO - Processing /opt/airflow/dags/driven_data_pipeline.py took 0.640 seconds
[2025-04-09T07:38:31.324+0000] {processor.py:186} INFO - Started process (PID=1093) to work on /opt/airflow/dags/driven_data_pipeline.py
[2025-04-09T07:38:31.326+0000] {processor.py:914} INFO - Processing file /opt/airflow/dags/driven_data_pipeline.py for tasks to queue
[2025-04-09T07:38:31.333+0000] {logging_mixin.py:190} INFO - [2025-04-09T07:38:31.332+0000] {dagbag.py:588} INFO - Filling up the DagBag from /opt/airflow/dags/driven_data_pipeline.py
[2025-04-09T07:38:31.597+0000] {processor.py:925} INFO - DAG(s) 'extract_raw_data_pipeline' retrieved from /opt/airflow/dags/driven_data_pipeline.py
[2025-04-09T07:38:31.655+0000] {logging_mixin.py:190} INFO - [2025-04-09T07:38:31.655+0000] {dag.py:3239} INFO - Sync 1 DAGs
[2025-04-09T07:38:31.709+0000] {logging_mixin.py:190} INFO - [2025-04-09T07:38:31.709+0000] {dag.py:4180} INFO - Setting next_dagrun for extract_raw_data_pipeline to 2025-04-09 07:38:00+00:00, run_after=2025-04-09 07:39:00+00:00
[2025-04-09T07:38:31.751+0000] {processor.py:208} INFO - Processing /opt/airflow/dags/driven_data_pipeline.py took 0.439 seconds
[2025-04-09T07:39:02.152+0000] {processor.py:186} INFO - Started process (PID=1100) to work on /opt/airflow/dags/driven_data_pipeline.py
[2025-04-09T07:39:02.154+0000] {processor.py:914} INFO - Processing file /opt/airflow/dags/driven_data_pipeline.py for tasks to queue
[2025-04-09T07:39:02.159+0000] {logging_mixin.py:190} INFO - [2025-04-09T07:39:02.158+0000] {dagbag.py:588} INFO - Filling up the DagBag from /opt/airflow/dags/driven_data_pipeline.py
[2025-04-09T07:39:02.387+0000] {processor.py:925} INFO - DAG(s) 'extract_raw_data_pipeline' retrieved from /opt/airflow/dags/driven_data_pipeline.py
[2025-04-09T07:39:02.430+0000] {logging_mixin.py:190} INFO - [2025-04-09T07:39:02.429+0000] {dag.py:3239} INFO - Sync 1 DAGs
[2025-04-09T07:39:02.477+0000] {logging_mixin.py:190} INFO - [2025-04-09T07:39:02.476+0000] {dag.py:4180} INFO - Setting next_dagrun for extract_raw_data_pipeline to 2025-04-09 07:39:00+00:00, run_after=2025-04-09 07:40:00+00:00
[2025-04-09T07:39:02.510+0000] {processor.py:208} INFO - Processing /opt/airflow/dags/driven_data_pipeline.py took 0.372 seconds
[2025-04-09T07:39:32.714+0000] {processor.py:186} INFO - Started process (PID=1103) to work on /opt/airflow/dags/driven_data_pipeline.py
[2025-04-09T07:39:32.715+0000] {processor.py:914} INFO - Processing file /opt/airflow/dags/driven_data_pipeline.py for tasks to queue
[2025-04-09T07:39:32.719+0000] {logging_mixin.py:190} INFO - [2025-04-09T07:39:32.718+0000] {dagbag.py:588} INFO - Filling up the DagBag from /opt/airflow/dags/driven_data_pipeline.py
[2025-04-09T07:39:32.899+0000] {processor.py:925} INFO - DAG(s) 'extract_raw_data_pipeline' retrieved from /opt/airflow/dags/driven_data_pipeline.py
[2025-04-09T07:39:32.932+0000] {logging_mixin.py:190} INFO - [2025-04-09T07:39:32.932+0000] {dag.py:3239} INFO - Sync 1 DAGs
[2025-04-09T07:39:32.962+0000] {logging_mixin.py:190} INFO - [2025-04-09T07:39:32.961+0000] {dag.py:4180} INFO - Setting next_dagrun for extract_raw_data_pipeline to 2025-04-09 07:39:00+00:00, run_after=2025-04-09 07:40:00+00:00
[2025-04-09T07:39:32.984+0000] {processor.py:208} INFO - Processing /opt/airflow/dags/driven_data_pipeline.py took 0.278 seconds
[2025-04-09T07:40:03.258+0000] {processor.py:186} INFO - Started process (PID=1110) to work on /opt/airflow/dags/driven_data_pipeline.py
[2025-04-09T07:40:03.259+0000] {processor.py:914} INFO - Processing file /opt/airflow/dags/driven_data_pipeline.py for tasks to queue
[2025-04-09T07:40:03.264+0000] {logging_mixin.py:190} INFO - [2025-04-09T07:40:03.264+0000] {dagbag.py:588} INFO - Filling up the DagBag from /opt/airflow/dags/driven_data_pipeline.py
[2025-04-09T07:40:03.478+0000] {processor.py:925} INFO - DAG(s) 'extract_raw_data_pipeline' retrieved from /opt/airflow/dags/driven_data_pipeline.py
[2025-04-09T07:40:03.510+0000] {logging_mixin.py:190} INFO - [2025-04-09T07:40:03.510+0000] {dag.py:3239} INFO - Sync 1 DAGs
[2025-04-09T07:40:03.552+0000] {logging_mixin.py:190} INFO - [2025-04-09T07:40:03.552+0000] {dag.py:4180} INFO - Setting next_dagrun for extract_raw_data_pipeline to 2025-04-09 07:40:00+00:00, run_after=2025-04-09 07:41:00+00:00
[2025-04-09T07:40:03.579+0000] {processor.py:208} INFO - Processing /opt/airflow/dags/driven_data_pipeline.py took 0.333 seconds
[2025-04-09T07:40:34.075+0000] {processor.py:186} INFO - Started process (PID=1113) to work on /opt/airflow/dags/driven_data_pipeline.py
[2025-04-09T07:40:34.076+0000] {processor.py:914} INFO - Processing file /opt/airflow/dags/driven_data_pipeline.py for tasks to queue
[2025-04-09T07:40:34.079+0000] {logging_mixin.py:190} INFO - [2025-04-09T07:40:34.079+0000] {dagbag.py:588} INFO - Filling up the DagBag from /opt/airflow/dags/driven_data_pipeline.py
[2025-04-09T07:40:34.254+0000] {processor.py:925} INFO - DAG(s) 'extract_raw_data_pipeline' retrieved from /opt/airflow/dags/driven_data_pipeline.py
[2025-04-09T07:40:34.289+0000] {logging_mixin.py:190} INFO - [2025-04-09T07:40:34.289+0000] {dag.py:3239} INFO - Sync 1 DAGs
[2025-04-09T07:40:34.321+0000] {logging_mixin.py:190} INFO - [2025-04-09T07:40:34.321+0000] {dag.py:4180} INFO - Setting next_dagrun for extract_raw_data_pipeline to 2025-04-09 07:40:00+00:00, run_after=2025-04-09 07:41:00+00:00
[2025-04-09T07:40:34.346+0000] {processor.py:208} INFO - Processing /opt/airflow/dags/driven_data_pipeline.py took 0.278 seconds
[2025-04-09T07:41:04.745+0000] {processor.py:186} INFO - Started process (PID=1120) to work on /opt/airflow/dags/driven_data_pipeline.py
[2025-04-09T07:41:04.747+0000] {processor.py:914} INFO - Processing file /opt/airflow/dags/driven_data_pipeline.py for tasks to queue
[2025-04-09T07:41:04.752+0000] {logging_mixin.py:190} INFO - [2025-04-09T07:41:04.751+0000] {dagbag.py:588} INFO - Filling up the DagBag from /opt/airflow/dags/driven_data_pipeline.py
[2025-04-09T07:41:04.960+0000] {processor.py:925} INFO - DAG(s) 'extract_raw_data_pipeline' retrieved from /opt/airflow/dags/driven_data_pipeline.py
[2025-04-09T07:41:04.989+0000] {logging_mixin.py:190} INFO - [2025-04-09T07:41:04.988+0000] {dag.py:3239} INFO - Sync 1 DAGs
[2025-04-09T07:41:05.017+0000] {logging_mixin.py:190} INFO - [2025-04-09T07:41:05.017+0000] {dag.py:4180} INFO - Setting next_dagrun for extract_raw_data_pipeline to 2025-04-09 07:41:00+00:00, run_after=2025-04-09 07:42:00+00:00
[2025-04-09T07:41:05.045+0000] {processor.py:208} INFO - Processing /opt/airflow/dags/driven_data_pipeline.py took 0.309 seconds
[2025-04-09T07:41:35.812+0000] {processor.py:186} INFO - Started process (PID=1123) to work on /opt/airflow/dags/driven_data_pipeline.py
[2025-04-09T07:41:35.817+0000] {processor.py:914} INFO - Processing file /opt/airflow/dags/driven_data_pipeline.py for tasks to queue
[2025-04-09T07:41:35.828+0000] {logging_mixin.py:190} INFO - [2025-04-09T07:41:35.827+0000] {dagbag.py:588} INFO - Filling up the DagBag from /opt/airflow/dags/driven_data_pipeline.py
[2025-04-09T07:41:36.328+0000] {processor.py:925} INFO - DAG(s) 'extract_raw_data_pipeline' retrieved from /opt/airflow/dags/driven_data_pipeline.py
[2025-04-09T07:41:36.421+0000] {logging_mixin.py:190} INFO - [2025-04-09T07:41:36.420+0000] {dag.py:3239} INFO - Sync 1 DAGs
[2025-04-09T07:41:36.522+0000] {logging_mixin.py:190} INFO - [2025-04-09T07:41:36.521+0000] {dag.py:4180} INFO - Setting next_dagrun for extract_raw_data_pipeline to 2025-04-09 07:41:00+00:00, run_after=2025-04-09 07:42:00+00:00
[2025-04-09T07:41:36.587+0000] {processor.py:208} INFO - Processing /opt/airflow/dags/driven_data_pipeline.py took 0.801 seconds
[2025-04-09T07:42:07.186+0000] {processor.py:186} INFO - Started process (PID=1130) to work on /opt/airflow/dags/driven_data_pipeline.py
[2025-04-09T07:42:07.188+0000] {processor.py:914} INFO - Processing file /opt/airflow/dags/driven_data_pipeline.py for tasks to queue
[2025-04-09T07:42:07.192+0000] {logging_mixin.py:190} INFO - [2025-04-09T07:42:07.191+0000] {dagbag.py:588} INFO - Filling up the DagBag from /opt/airflow/dags/driven_data_pipeline.py
[2025-04-09T07:42:07.447+0000] {processor.py:925} INFO - DAG(s) 'extract_raw_data_pipeline' retrieved from /opt/airflow/dags/driven_data_pipeline.py
[2025-04-09T07:42:07.486+0000] {logging_mixin.py:190} INFO - [2025-04-09T07:42:07.486+0000] {dag.py:3239} INFO - Sync 1 DAGs
[2025-04-09T07:42:07.528+0000] {logging_mixin.py:190} INFO - [2025-04-09T07:42:07.528+0000] {dag.py:4180} INFO - Setting next_dagrun for extract_raw_data_pipeline to 2025-04-09 07:42:00+00:00, run_after=2025-04-09 07:43:00+00:00
[2025-04-09T07:42:07.559+0000] {processor.py:208} INFO - Processing /opt/airflow/dags/driven_data_pipeline.py took 0.384 seconds
[2025-04-09T07:42:37.843+0000] {processor.py:186} INFO - Started process (PID=1133) to work on /opt/airflow/dags/driven_data_pipeline.py
[2025-04-09T07:42:37.845+0000] {processor.py:914} INFO - Processing file /opt/airflow/dags/driven_data_pipeline.py for tasks to queue
[2025-04-09T07:42:37.848+0000] {logging_mixin.py:190} INFO - [2025-04-09T07:42:37.848+0000] {dagbag.py:588} INFO - Filling up the DagBag from /opt/airflow/dags/driven_data_pipeline.py
[2025-04-09T07:42:38.072+0000] {processor.py:925} INFO - DAG(s) 'extract_raw_data_pipeline' retrieved from /opt/airflow/dags/driven_data_pipeline.py
[2025-04-09T07:42:38.111+0000] {logging_mixin.py:190} INFO - [2025-04-09T07:42:38.111+0000] {dag.py:3239} INFO - Sync 1 DAGs
[2025-04-09T07:42:38.150+0000] {logging_mixin.py:190} INFO - [2025-04-09T07:42:38.149+0000] {dag.py:4180} INFO - Setting next_dagrun for extract_raw_data_pipeline to 2025-04-09 07:42:00+00:00, run_after=2025-04-09 07:43:00+00:00
[2025-04-09T07:42:38.181+0000] {processor.py:208} INFO - Processing /opt/airflow/dags/driven_data_pipeline.py took 0.348 seconds
[2025-04-09T07:43:08.736+0000] {processor.py:186} INFO - Started process (PID=1140) to work on /opt/airflow/dags/driven_data_pipeline.py
[2025-04-09T07:43:08.738+0000] {processor.py:914} INFO - Processing file /opt/airflow/dags/driven_data_pipeline.py for tasks to queue
[2025-04-09T07:43:08.742+0000] {logging_mixin.py:190} INFO - [2025-04-09T07:43:08.741+0000] {dagbag.py:588} INFO - Filling up the DagBag from /opt/airflow/dags/driven_data_pipeline.py
[2025-04-09T07:43:08.983+0000] {processor.py:925} INFO - DAG(s) 'extract_raw_data_pipeline' retrieved from /opt/airflow/dags/driven_data_pipeline.py
[2025-04-09T07:43:09.017+0000] {logging_mixin.py:190} INFO - [2025-04-09T07:43:09.017+0000] {dag.py:3239} INFO - Sync 1 DAGs
[2025-04-09T07:43:09.049+0000] {logging_mixin.py:190} INFO - [2025-04-09T07:43:09.048+0000] {dag.py:4180} INFO - Setting next_dagrun for extract_raw_data_pipeline to 2025-04-09 07:43:00+00:00, run_after=2025-04-09 07:44:00+00:00
[2025-04-09T07:43:09.072+0000] {processor.py:208} INFO - Processing /opt/airflow/dags/driven_data_pipeline.py took 0.345 seconds
[2025-04-09T07:43:39.329+0000] {processor.py:186} INFO - Started process (PID=1143) to work on /opt/airflow/dags/driven_data_pipeline.py
[2025-04-09T07:43:39.332+0000] {processor.py:914} INFO - Processing file /opt/airflow/dags/driven_data_pipeline.py for tasks to queue
[2025-04-09T07:43:39.338+0000] {logging_mixin.py:190} INFO - [2025-04-09T07:43:39.337+0000] {dagbag.py:588} INFO - Filling up the DagBag from /opt/airflow/dags/driven_data_pipeline.py
[2025-04-09T07:43:39.653+0000] {processor.py:925} INFO - DAG(s) 'extract_raw_data_pipeline' retrieved from /opt/airflow/dags/driven_data_pipeline.py
[2025-04-09T07:43:39.685+0000] {logging_mixin.py:190} INFO - [2025-04-09T07:43:39.685+0000] {dag.py:3239} INFO - Sync 1 DAGs
[2025-04-09T07:43:39.718+0000] {logging_mixin.py:190} INFO - [2025-04-09T07:43:39.718+0000] {dag.py:4180} INFO - Setting next_dagrun for extract_raw_data_pipeline to 2025-04-09 07:43:00+00:00, run_after=2025-04-09 07:44:00+00:00
[2025-04-09T07:43:39.743+0000] {processor.py:208} INFO - Processing /opt/airflow/dags/driven_data_pipeline.py took 0.433 seconds
[2025-04-09T07:44:10.050+0000] {processor.py:186} INFO - Started process (PID=1150) to work on /opt/airflow/dags/driven_data_pipeline.py
[2025-04-09T07:44:10.051+0000] {processor.py:914} INFO - Processing file /opt/airflow/dags/driven_data_pipeline.py for tasks to queue
[2025-04-09T07:44:10.055+0000] {logging_mixin.py:190} INFO - [2025-04-09T07:44:10.054+0000] {dagbag.py:588} INFO - Filling up the DagBag from /opt/airflow/dags/driven_data_pipeline.py
[2025-04-09T07:44:10.222+0000] {processor.py:925} INFO - DAG(s) 'extract_raw_data_pipeline' retrieved from /opt/airflow/dags/driven_data_pipeline.py
[2025-04-09T07:44:10.247+0000] {logging_mixin.py:190} INFO - [2025-04-09T07:44:10.246+0000] {dag.py:3239} INFO - Sync 1 DAGs
[2025-04-09T07:44:10.270+0000] {logging_mixin.py:190} INFO - [2025-04-09T07:44:10.270+0000] {dag.py:4180} INFO - Setting next_dagrun for extract_raw_data_pipeline to 2025-04-09 07:44:00+00:00, run_after=2025-04-09 07:45:00+00:00
[2025-04-09T07:44:10.291+0000] {processor.py:208} INFO - Processing /opt/airflow/dags/driven_data_pipeline.py took 0.248 seconds
[2025-04-09T07:44:40.723+0000] {processor.py:186} INFO - Started process (PID=1153) to work on /opt/airflow/dags/driven_data_pipeline.py
[2025-04-09T07:44:40.725+0000] {processor.py:914} INFO - Processing file /opt/airflow/dags/driven_data_pipeline.py for tasks to queue
[2025-04-09T07:44:40.729+0000] {logging_mixin.py:190} INFO - [2025-04-09T07:44:40.728+0000] {dagbag.py:588} INFO - Filling up the DagBag from /opt/airflow/dags/driven_data_pipeline.py
[2025-04-09T07:44:40.951+0000] {processor.py:925} INFO - DAG(s) 'extract_raw_data_pipeline' retrieved from /opt/airflow/dags/driven_data_pipeline.py
[2025-04-09T07:44:40.987+0000] {logging_mixin.py:190} INFO - [2025-04-09T07:44:40.987+0000] {dag.py:3239} INFO - Sync 1 DAGs
[2025-04-09T07:44:41.028+0000] {logging_mixin.py:190} INFO - [2025-04-09T07:44:41.028+0000] {dag.py:4180} INFO - Setting next_dagrun for extract_raw_data_pipeline to 2025-04-09 07:44:00+00:00, run_after=2025-04-09 07:45:00+00:00
[2025-04-09T07:44:41.053+0000] {processor.py:208} INFO - Processing /opt/airflow/dags/driven_data_pipeline.py took 0.341 seconds
[2025-04-09T07:45:11.373+0000] {processor.py:186} INFO - Started process (PID=1160) to work on /opt/airflow/dags/driven_data_pipeline.py
[2025-04-09T07:45:11.375+0000] {processor.py:914} INFO - Processing file /opt/airflow/dags/driven_data_pipeline.py for tasks to queue
[2025-04-09T07:45:11.382+0000] {logging_mixin.py:190} INFO - [2025-04-09T07:45:11.381+0000] {dagbag.py:588} INFO - Filling up the DagBag from /opt/airflow/dags/driven_data_pipeline.py
[2025-04-09T07:45:11.588+0000] {processor.py:925} INFO - DAG(s) 'extract_raw_data_pipeline' retrieved from /opt/airflow/dags/driven_data_pipeline.py
[2025-04-09T07:45:11.620+0000] {logging_mixin.py:190} INFO - [2025-04-09T07:45:11.620+0000] {dag.py:3239} INFO - Sync 1 DAGs
[2025-04-09T07:45:11.653+0000] {logging_mixin.py:190} INFO - [2025-04-09T07:45:11.653+0000] {dag.py:4180} INFO - Setting next_dagrun for extract_raw_data_pipeline to 2025-04-09 07:45:00+00:00, run_after=2025-04-09 07:46:00+00:00
[2025-04-09T07:45:11.679+0000] {processor.py:208} INFO - Processing /opt/airflow/dags/driven_data_pipeline.py took 0.317 seconds
[2025-04-09T07:45:41.844+0000] {processor.py:186} INFO - Started process (PID=1163) to work on /opt/airflow/dags/driven_data_pipeline.py
[2025-04-09T07:45:41.845+0000] {processor.py:914} INFO - Processing file /opt/airflow/dags/driven_data_pipeline.py for tasks to queue
[2025-04-09T07:45:41.848+0000] {logging_mixin.py:190} INFO - [2025-04-09T07:45:41.848+0000] {dagbag.py:588} INFO - Filling up the DagBag from /opt/airflow/dags/driven_data_pipeline.py
[2025-04-09T07:45:42.091+0000] {processor.py:925} INFO - DAG(s) 'extract_raw_data_pipeline' retrieved from /opt/airflow/dags/driven_data_pipeline.py
[2025-04-09T07:45:42.122+0000] {logging_mixin.py:190} INFO - [2025-04-09T07:45:42.122+0000] {dag.py:3239} INFO - Sync 1 DAGs
[2025-04-09T07:45:42.153+0000] {logging_mixin.py:190} INFO - [2025-04-09T07:45:42.153+0000] {dag.py:4180} INFO - Setting next_dagrun for extract_raw_data_pipeline to 2025-04-09 07:45:00+00:00, run_after=2025-04-09 07:46:00+00:00
[2025-04-09T07:45:42.187+0000] {processor.py:208} INFO - Processing /opt/airflow/dags/driven_data_pipeline.py took 0.351 seconds
[2025-04-09T07:46:12.423+0000] {processor.py:186} INFO - Started process (PID=1170) to work on /opt/airflow/dags/driven_data_pipeline.py
[2025-04-09T07:46:12.426+0000] {processor.py:914} INFO - Processing file /opt/airflow/dags/driven_data_pipeline.py for tasks to queue
[2025-04-09T07:46:12.435+0000] {logging_mixin.py:190} INFO - [2025-04-09T07:46:12.434+0000] {dagbag.py:588} INFO - Filling up the DagBag from /opt/airflow/dags/driven_data_pipeline.py
[2025-04-09T07:46:12.792+0000] {processor.py:925} INFO - DAG(s) 'extract_raw_data_pipeline' retrieved from /opt/airflow/dags/driven_data_pipeline.py
[2025-04-09T07:46:12.839+0000] {logging_mixin.py:190} INFO - [2025-04-09T07:46:12.839+0000] {dag.py:3239} INFO - Sync 1 DAGs
[2025-04-09T07:46:12.879+0000] {logging_mixin.py:190} INFO - [2025-04-09T07:46:12.878+0000] {dag.py:4180} INFO - Setting next_dagrun for extract_raw_data_pipeline to 2025-04-09 07:46:00+00:00, run_after=2025-04-09 07:47:00+00:00
[2025-04-09T07:46:12.912+0000] {processor.py:208} INFO - Processing /opt/airflow/dags/driven_data_pipeline.py took 0.504 seconds
[2025-04-09T07:46:43.255+0000] {processor.py:186} INFO - Started process (PID=1173) to work on /opt/airflow/dags/driven_data_pipeline.py
[2025-04-09T07:46:43.257+0000] {processor.py:914} INFO - Processing file /opt/airflow/dags/driven_data_pipeline.py for tasks to queue
[2025-04-09T07:46:43.260+0000] {logging_mixin.py:190} INFO - [2025-04-09T07:46:43.260+0000] {dagbag.py:588} INFO - Filling up the DagBag from /opt/airflow/dags/driven_data_pipeline.py
[2025-04-09T07:46:43.470+0000] {processor.py:925} INFO - DAG(s) 'extract_raw_data_pipeline' retrieved from /opt/airflow/dags/driven_data_pipeline.py
[2025-04-09T07:46:43.505+0000] {logging_mixin.py:190} INFO - [2025-04-09T07:46:43.505+0000] {dag.py:3239} INFO - Sync 1 DAGs
[2025-04-09T07:46:43.535+0000] {logging_mixin.py:190} INFO - [2025-04-09T07:46:43.535+0000] {dag.py:4180} INFO - Setting next_dagrun for extract_raw_data_pipeline to 2025-04-09 07:46:00+00:00, run_after=2025-04-09 07:47:00+00:00
[2025-04-09T07:46:43.568+0000] {processor.py:208} INFO - Processing /opt/airflow/dags/driven_data_pipeline.py took 0.323 seconds
[2025-04-09T07:47:13.813+0000] {processor.py:186} INFO - Started process (PID=1180) to work on /opt/airflow/dags/driven_data_pipeline.py
[2025-04-09T07:47:13.814+0000] {processor.py:914} INFO - Processing file /opt/airflow/dags/driven_data_pipeline.py for tasks to queue
[2025-04-09T07:47:13.818+0000] {logging_mixin.py:190} INFO - [2025-04-09T07:47:13.817+0000] {dagbag.py:588} INFO - Filling up the DagBag from /opt/airflow/dags/driven_data_pipeline.py
[2025-04-09T07:47:14.017+0000] {processor.py:925} INFO - DAG(s) 'extract_raw_data_pipeline' retrieved from /opt/airflow/dags/driven_data_pipeline.py
[2025-04-09T07:47:14.066+0000] {logging_mixin.py:190} INFO - [2025-04-09T07:47:14.066+0000] {dag.py:3239} INFO - Sync 1 DAGs
[2025-04-09T07:47:14.117+0000] {logging_mixin.py:190} INFO - [2025-04-09T07:47:14.117+0000] {dag.py:4180} INFO - Setting next_dagrun for extract_raw_data_pipeline to 2025-04-09 07:47:00+00:00, run_after=2025-04-09 07:48:00+00:00
[2025-04-09T07:47:14.150+0000] {processor.py:208} INFO - Processing /opt/airflow/dags/driven_data_pipeline.py took 0.346 seconds
[2025-04-09T07:47:44.387+0000] {processor.py:186} INFO - Started process (PID=1183) to work on /opt/airflow/dags/driven_data_pipeline.py
[2025-04-09T07:47:44.389+0000] {processor.py:914} INFO - Processing file /opt/airflow/dags/driven_data_pipeline.py for tasks to queue
[2025-04-09T07:47:44.392+0000] {logging_mixin.py:190} INFO - [2025-04-09T07:47:44.391+0000] {dagbag.py:588} INFO - Filling up the DagBag from /opt/airflow/dags/driven_data_pipeline.py
[2025-04-09T07:47:44.556+0000] {processor.py:925} INFO - DAG(s) 'extract_raw_data_pipeline' retrieved from /opt/airflow/dags/driven_data_pipeline.py
[2025-04-09T07:47:44.581+0000] {logging_mixin.py:190} INFO - [2025-04-09T07:47:44.581+0000] {dag.py:3239} INFO - Sync 1 DAGs
[2025-04-09T07:47:44.603+0000] {logging_mixin.py:190} INFO - [2025-04-09T07:47:44.603+0000] {dag.py:4180} INFO - Setting next_dagrun for extract_raw_data_pipeline to 2025-04-09 07:47:00+00:00, run_after=2025-04-09 07:48:00+00:00
[2025-04-09T07:47:44.626+0000] {processor.py:208} INFO - Processing /opt/airflow/dags/driven_data_pipeline.py took 0.248 seconds
[2025-04-09T07:48:15.165+0000] {processor.py:186} INFO - Started process (PID=1190) to work on /opt/airflow/dags/driven_data_pipeline.py
[2025-04-09T07:48:15.167+0000] {processor.py:914} INFO - Processing file /opt/airflow/dags/driven_data_pipeline.py for tasks to queue
[2025-04-09T07:48:15.172+0000] {logging_mixin.py:190} INFO - [2025-04-09T07:48:15.171+0000] {dagbag.py:588} INFO - Filling up the DagBag from /opt/airflow/dags/driven_data_pipeline.py
[2025-04-09T07:48:15.386+0000] {processor.py:925} INFO - DAG(s) 'extract_raw_data_pipeline' retrieved from /opt/airflow/dags/driven_data_pipeline.py
[2025-04-09T07:48:15.417+0000] {logging_mixin.py:190} INFO - [2025-04-09T07:48:15.417+0000] {dag.py:3239} INFO - Sync 1 DAGs
[2025-04-09T07:48:15.450+0000] {logging_mixin.py:190} INFO - [2025-04-09T07:48:15.450+0000] {dag.py:4180} INFO - Setting next_dagrun for extract_raw_data_pipeline to 2025-04-09 07:48:00+00:00, run_after=2025-04-09 07:49:00+00:00
[2025-04-09T07:48:15.474+0000] {processor.py:208} INFO - Processing /opt/airflow/dags/driven_data_pipeline.py took 0.318 seconds
[2025-04-09T07:48:45.561+0000] {processor.py:186} INFO - Started process (PID=1193) to work on /opt/airflow/dags/driven_data_pipeline.py
[2025-04-09T07:48:45.563+0000] {processor.py:914} INFO - Processing file /opt/airflow/dags/driven_data_pipeline.py for tasks to queue
[2025-04-09T07:48:45.567+0000] {logging_mixin.py:190} INFO - [2025-04-09T07:48:45.566+0000] {dagbag.py:588} INFO - Filling up the DagBag from /opt/airflow/dags/driven_data_pipeline.py
[2025-04-09T07:48:45.735+0000] {processor.py:925} INFO - DAG(s) 'extract_raw_data_pipeline' retrieved from /opt/airflow/dags/driven_data_pipeline.py
[2025-04-09T07:48:45.765+0000] {logging_mixin.py:190} INFO - [2025-04-09T07:48:45.765+0000] {dag.py:3239} INFO - Sync 1 DAGs
[2025-04-09T07:48:45.790+0000] {logging_mixin.py:190} INFO - [2025-04-09T07:48:45.790+0000] {dag.py:4180} INFO - Setting next_dagrun for extract_raw_data_pipeline to 2025-04-09 07:48:00+00:00, run_after=2025-04-09 07:49:00+00:00
[2025-04-09T07:48:45.814+0000] {processor.py:208} INFO - Processing /opt/airflow/dags/driven_data_pipeline.py took 0.260 seconds
[2025-04-09T07:49:15.905+0000] {processor.py:186} INFO - Started process (PID=1200) to work on /opt/airflow/dags/driven_data_pipeline.py
[2025-04-09T07:49:15.907+0000] {processor.py:914} INFO - Processing file /opt/airflow/dags/driven_data_pipeline.py for tasks to queue
[2025-04-09T07:49:15.910+0000] {logging_mixin.py:190} INFO - [2025-04-09T07:49:15.910+0000] {dagbag.py:588} INFO - Filling up the DagBag from /opt/airflow/dags/driven_data_pipeline.py
[2025-04-09T07:49:16.117+0000] {processor.py:925} INFO - DAG(s) 'extract_raw_data_pipeline' retrieved from /opt/airflow/dags/driven_data_pipeline.py
[2025-04-09T07:49:16.154+0000] {logging_mixin.py:190} INFO - [2025-04-09T07:49:16.153+0000] {dag.py:3239} INFO - Sync 1 DAGs
[2025-04-09T07:49:16.186+0000] {logging_mixin.py:190} INFO - [2025-04-09T07:49:16.185+0000] {dag.py:4180} INFO - Setting next_dagrun for extract_raw_data_pipeline to 2025-04-09 07:49:00+00:00, run_after=2025-04-09 07:50:00+00:00
[2025-04-09T07:49:16.222+0000] {processor.py:208} INFO - Processing /opt/airflow/dags/driven_data_pipeline.py took 0.326 seconds
[2025-04-09T07:49:46.543+0000] {processor.py:186} INFO - Started process (PID=1203) to work on /opt/airflow/dags/driven_data_pipeline.py
[2025-04-09T07:49:46.544+0000] {processor.py:914} INFO - Processing file /opt/airflow/dags/driven_data_pipeline.py for tasks to queue
[2025-04-09T07:49:46.547+0000] {logging_mixin.py:190} INFO - [2025-04-09T07:49:46.547+0000] {dagbag.py:588} INFO - Filling up the DagBag from /opt/airflow/dags/driven_data_pipeline.py
[2025-04-09T07:49:46.727+0000] {processor.py:925} INFO - DAG(s) 'extract_raw_data_pipeline' retrieved from /opt/airflow/dags/driven_data_pipeline.py
[2025-04-09T07:49:46.756+0000] {logging_mixin.py:190} INFO - [2025-04-09T07:49:46.756+0000] {dag.py:3239} INFO - Sync 1 DAGs
[2025-04-09T07:49:46.781+0000] {logging_mixin.py:190} INFO - [2025-04-09T07:49:46.781+0000] {dag.py:4180} INFO - Setting next_dagrun for extract_raw_data_pipeline to 2025-04-09 07:49:00+00:00, run_after=2025-04-09 07:50:00+00:00
[2025-04-09T07:49:46.806+0000] {processor.py:208} INFO - Processing /opt/airflow/dags/driven_data_pipeline.py took 0.270 seconds
[2025-04-09T07:50:16.854+0000] {processor.py:186} INFO - Started process (PID=1210) to work on /opt/airflow/dags/driven_data_pipeline.py
[2025-04-09T07:50:16.855+0000] {processor.py:914} INFO - Processing file /opt/airflow/dags/driven_data_pipeline.py for tasks to queue
[2025-04-09T07:50:16.858+0000] {logging_mixin.py:190} INFO - [2025-04-09T07:50:16.858+0000] {dagbag.py:588} INFO - Filling up the DagBag from /opt/airflow/dags/driven_data_pipeline.py
[2025-04-09T07:50:17.035+0000] {processor.py:925} INFO - DAG(s) 'extract_raw_data_pipeline' retrieved from /opt/airflow/dags/driven_data_pipeline.py
[2025-04-09T07:50:17.069+0000] {logging_mixin.py:190} INFO - [2025-04-09T07:50:17.069+0000] {dag.py:3239} INFO - Sync 1 DAGs
[2025-04-09T07:50:17.102+0000] {logging_mixin.py:190} INFO - [2025-04-09T07:50:17.102+0000] {dag.py:4180} INFO - Setting next_dagrun for extract_raw_data_pipeline to 2025-04-09 07:50:00+00:00, run_after=2025-04-09 07:51:00+00:00
[2025-04-09T07:50:17.125+0000] {processor.py:208} INFO - Processing /opt/airflow/dags/driven_data_pipeline.py took 0.279 seconds
[2025-04-09T07:50:47.458+0000] {processor.py:186} INFO - Started process (PID=1213) to work on /opt/airflow/dags/driven_data_pipeline.py
[2025-04-09T07:50:47.459+0000] {processor.py:914} INFO - Processing file /opt/airflow/dags/driven_data_pipeline.py for tasks to queue
[2025-04-09T07:50:47.462+0000] {logging_mixin.py:190} INFO - [2025-04-09T07:50:47.462+0000] {dagbag.py:588} INFO - Filling up the DagBag from /opt/airflow/dags/driven_data_pipeline.py
[2025-04-09T07:50:47.624+0000] {processor.py:925} INFO - DAG(s) 'extract_raw_data_pipeline' retrieved from /opt/airflow/dags/driven_data_pipeline.py
[2025-04-09T07:50:47.649+0000] {logging_mixin.py:190} INFO - [2025-04-09T07:50:47.649+0000] {dag.py:3239} INFO - Sync 1 DAGs
[2025-04-09T07:50:47.675+0000] {logging_mixin.py:190} INFO - [2025-04-09T07:50:47.675+0000] {dag.py:4180} INFO - Setting next_dagrun for extract_raw_data_pipeline to 2025-04-09 07:50:00+00:00, run_after=2025-04-09 07:51:00+00:00
[2025-04-09T07:50:47.695+0000] {processor.py:208} INFO - Processing /opt/airflow/dags/driven_data_pipeline.py took 0.245 seconds
[2025-04-09T07:51:17.966+0000] {processor.py:186} INFO - Started process (PID=1220) to work on /opt/airflow/dags/driven_data_pipeline.py
[2025-04-09T07:51:17.968+0000] {processor.py:914} INFO - Processing file /opt/airflow/dags/driven_data_pipeline.py for tasks to queue
[2025-04-09T07:51:17.973+0000] {logging_mixin.py:190} INFO - [2025-04-09T07:51:17.972+0000] {dagbag.py:588} INFO - Filling up the DagBag from /opt/airflow/dags/driven_data_pipeline.py
[2025-04-09T07:51:18.184+0000] {processor.py:925} INFO - DAG(s) 'extract_raw_data_pipeline' retrieved from /opt/airflow/dags/driven_data_pipeline.py
[2025-04-09T07:51:18.218+0000] {logging_mixin.py:190} INFO - [2025-04-09T07:51:18.218+0000] {dag.py:3239} INFO - Sync 1 DAGs
[2025-04-09T07:51:18.264+0000] {logging_mixin.py:190} INFO - [2025-04-09T07:51:18.264+0000] {dag.py:4180} INFO - Setting next_dagrun for extract_raw_data_pipeline to 2025-04-09 07:51:00+00:00, run_after=2025-04-09 07:52:00+00:00
[2025-04-09T07:51:18.297+0000] {processor.py:208} INFO - Processing /opt/airflow/dags/driven_data_pipeline.py took 0.346 seconds
[2025-04-09T07:51:48.566+0000] {processor.py:186} INFO - Started process (PID=1223) to work on /opt/airflow/dags/driven_data_pipeline.py
[2025-04-09T07:51:48.567+0000] {processor.py:914} INFO - Processing file /opt/airflow/dags/driven_data_pipeline.py for tasks to queue
[2025-04-09T07:51:48.572+0000] {logging_mixin.py:190} INFO - [2025-04-09T07:51:48.571+0000] {dagbag.py:588} INFO - Filling up the DagBag from /opt/airflow/dags/driven_data_pipeline.py
[2025-04-09T07:51:48.790+0000] {processor.py:925} INFO - DAG(s) 'extract_raw_data_pipeline' retrieved from /opt/airflow/dags/driven_data_pipeline.py
[2025-04-09T07:51:48.825+0000] {logging_mixin.py:190} INFO - [2025-04-09T07:51:48.824+0000] {dag.py:3239} INFO - Sync 1 DAGs
[2025-04-09T07:51:48.859+0000] {logging_mixin.py:190} INFO - [2025-04-09T07:51:48.858+0000] {dag.py:4180} INFO - Setting next_dagrun for extract_raw_data_pipeline to 2025-04-09 07:51:00+00:00, run_after=2025-04-09 07:52:00+00:00
[2025-04-09T07:51:48.887+0000] {processor.py:208} INFO - Processing /opt/airflow/dags/driven_data_pipeline.py took 0.330 seconds
[2025-04-09T07:52:19.263+0000] {processor.py:186} INFO - Started process (PID=1230) to work on /opt/airflow/dags/driven_data_pipeline.py
[2025-04-09T07:52:19.265+0000] {processor.py:914} INFO - Processing file /opt/airflow/dags/driven_data_pipeline.py for tasks to queue
[2025-04-09T07:52:19.270+0000] {logging_mixin.py:190} INFO - [2025-04-09T07:52:19.269+0000] {dagbag.py:588} INFO - Filling up the DagBag from /opt/airflow/dags/driven_data_pipeline.py
[2025-04-09T07:52:19.581+0000] {processor.py:925} INFO - DAG(s) 'extract_raw_data_pipeline' retrieved from /opt/airflow/dags/driven_data_pipeline.py
[2025-04-09T07:52:19.627+0000] {logging_mixin.py:190} INFO - [2025-04-09T07:52:19.626+0000] {dag.py:3239} INFO - Sync 1 DAGs
[2025-04-09T07:52:19.666+0000] {logging_mixin.py:190} INFO - [2025-04-09T07:52:19.665+0000] {dag.py:4180} INFO - Setting next_dagrun for extract_raw_data_pipeline to 2025-04-09 07:52:00+00:00, run_after=2025-04-09 07:53:00+00:00
[2025-04-09T07:52:19.698+0000] {processor.py:208} INFO - Processing /opt/airflow/dags/driven_data_pipeline.py took 0.447 seconds
[2025-04-09T07:52:50.099+0000] {processor.py:186} INFO - Started process (PID=1233) to work on /opt/airflow/dags/driven_data_pipeline.py
[2025-04-09T07:52:50.102+0000] {processor.py:914} INFO - Processing file /opt/airflow/dags/driven_data_pipeline.py for tasks to queue
[2025-04-09T07:52:50.105+0000] {logging_mixin.py:190} INFO - [2025-04-09T07:52:50.105+0000] {dagbag.py:588} INFO - Filling up the DagBag from /opt/airflow/dags/driven_data_pipeline.py
[2025-04-09T07:52:50.303+0000] {processor.py:925} INFO - DAG(s) 'extract_raw_data_pipeline' retrieved from /opt/airflow/dags/driven_data_pipeline.py
[2025-04-09T07:52:50.339+0000] {logging_mixin.py:190} INFO - [2025-04-09T07:52:50.339+0000] {dag.py:3239} INFO - Sync 1 DAGs
[2025-04-09T07:52:50.369+0000] {logging_mixin.py:190} INFO - [2025-04-09T07:52:50.369+0000] {dag.py:4180} INFO - Setting next_dagrun for extract_raw_data_pipeline to 2025-04-09 07:52:00+00:00, run_after=2025-04-09 07:53:00+00:00
[2025-04-09T07:52:50.405+0000] {processor.py:208} INFO - Processing /opt/airflow/dags/driven_data_pipeline.py took 0.314 seconds
[2025-04-09T07:53:20.815+0000] {processor.py:186} INFO - Started process (PID=1240) to work on /opt/airflow/dags/driven_data_pipeline.py
[2025-04-09T07:53:20.816+0000] {processor.py:914} INFO - Processing file /opt/airflow/dags/driven_data_pipeline.py for tasks to queue
[2025-04-09T07:53:20.820+0000] {logging_mixin.py:190} INFO - [2025-04-09T07:53:20.820+0000] {dagbag.py:588} INFO - Filling up the DagBag from /opt/airflow/dags/driven_data_pipeline.py
[2025-04-09T07:53:21.075+0000] {processor.py:925} INFO - DAG(s) 'extract_raw_data_pipeline' retrieved from /opt/airflow/dags/driven_data_pipeline.py
[2025-04-09T07:53:21.118+0000] {logging_mixin.py:190} INFO - [2025-04-09T07:53:21.117+0000] {dag.py:3239} INFO - Sync 1 DAGs
[2025-04-09T07:53:21.155+0000] {logging_mixin.py:190} INFO - [2025-04-09T07:53:21.155+0000] {dag.py:4180} INFO - Setting next_dagrun for extract_raw_data_pipeline to 2025-04-09 07:53:00+00:00, run_after=2025-04-09 07:54:00+00:00
[2025-04-09T07:53:21.185+0000] {processor.py:208} INFO - Processing /opt/airflow/dags/driven_data_pipeline.py took 0.380 seconds
[2025-04-09T07:53:51.759+0000] {processor.py:186} INFO - Started process (PID=1243) to work on /opt/airflow/dags/driven_data_pipeline.py
[2025-04-09T07:53:51.768+0000] {processor.py:914} INFO - Processing file /opt/airflow/dags/driven_data_pipeline.py for tasks to queue
[2025-04-09T07:53:51.793+0000] {logging_mixin.py:190} INFO - [2025-04-09T07:53:51.791+0000] {dagbag.py:588} INFO - Filling up the DagBag from /opt/airflow/dags/driven_data_pipeline.py
[2025-04-09T07:53:53.009+0000] {processor.py:925} INFO - DAG(s) 'extract_raw_data_pipeline' retrieved from /opt/airflow/dags/driven_data_pipeline.py
[2025-04-09T07:53:53.140+0000] {logging_mixin.py:190} INFO - [2025-04-09T07:53:53.139+0000] {dag.py:3239} INFO - Sync 1 DAGs
[2025-04-09T07:53:53.291+0000] {logging_mixin.py:190} INFO - [2025-04-09T07:53:53.291+0000] {dag.py:4180} INFO - Setting next_dagrun for extract_raw_data_pipeline to 2025-04-09 07:53:00+00:00, run_after=2025-04-09 07:54:00+00:00
[2025-04-09T07:53:53.395+0000] {processor.py:208} INFO - Processing /opt/airflow/dags/driven_data_pipeline.py took 1.687 seconds
[2025-04-09T07:54:24.226+0000] {processor.py:186} INFO - Started process (PID=1250) to work on /opt/airflow/dags/driven_data_pipeline.py
[2025-04-09T07:54:24.242+0000] {processor.py:914} INFO - Processing file /opt/airflow/dags/driven_data_pipeline.py for tasks to queue
[2025-04-09T07:54:24.260+0000] {logging_mixin.py:190} INFO - [2025-04-09T07:54:24.259+0000] {dagbag.py:588} INFO - Filling up the DagBag from /opt/airflow/dags/driven_data_pipeline.py
[2025-04-09T07:54:25.361+0000] {processor.py:925} INFO - DAG(s) 'extract_raw_data_pipeline' retrieved from /opt/airflow/dags/driven_data_pipeline.py
[2025-04-09T07:54:25.439+0000] {logging_mixin.py:190} INFO - [2025-04-09T07:54:25.438+0000] {dag.py:3239} INFO - Sync 1 DAGs
[2025-04-09T07:54:25.529+0000] {logging_mixin.py:190} INFO - [2025-04-09T07:54:25.526+0000] {dag.py:4180} INFO - Setting next_dagrun for extract_raw_data_pipeline to 2025-04-09 07:54:00+00:00, run_after=2025-04-09 07:55:00+00:00
[2025-04-09T07:54:25.588+0000] {processor.py:208} INFO - Processing /opt/airflow/dags/driven_data_pipeline.py took 1.401 seconds
[2025-04-09T07:54:56.099+0000] {processor.py:186} INFO - Started process (PID=1253) to work on /opt/airflow/dags/driven_data_pipeline.py
[2025-04-09T07:54:56.101+0000] {processor.py:914} INFO - Processing file /opt/airflow/dags/driven_data_pipeline.py for tasks to queue
[2025-04-09T07:54:56.106+0000] {logging_mixin.py:190} INFO - [2025-04-09T07:54:56.105+0000] {dagbag.py:588} INFO - Filling up the DagBag from /opt/airflow/dags/driven_data_pipeline.py
[2025-04-09T07:54:56.395+0000] {processor.py:925} INFO - DAG(s) 'extract_raw_data_pipeline' retrieved from /opt/airflow/dags/driven_data_pipeline.py
[2025-04-09T07:54:56.441+0000] {logging_mixin.py:190} INFO - [2025-04-09T07:54:56.440+0000] {dag.py:3239} INFO - Sync 1 DAGs
[2025-04-09T07:54:56.483+0000] {logging_mixin.py:190} INFO - [2025-04-09T07:54:56.482+0000] {dag.py:4180} INFO - Setting next_dagrun for extract_raw_data_pipeline to 2025-04-09 07:54:00+00:00, run_after=2025-04-09 07:55:00+00:00
[2025-04-09T07:54:56.522+0000] {processor.py:208} INFO - Processing /opt/airflow/dags/driven_data_pipeline.py took 0.438 seconds
[2025-04-09T07:55:26.822+0000] {processor.py:186} INFO - Started process (PID=1260) to work on /opt/airflow/dags/driven_data_pipeline.py
[2025-04-09T07:55:26.824+0000] {processor.py:914} INFO - Processing file /opt/airflow/dags/driven_data_pipeline.py for tasks to queue
[2025-04-09T07:55:26.827+0000] {logging_mixin.py:190} INFO - [2025-04-09T07:55:26.827+0000] {dagbag.py:588} INFO - Filling up the DagBag from /opt/airflow/dags/driven_data_pipeline.py
[2025-04-09T07:55:27.052+0000] {processor.py:925} INFO - DAG(s) 'extract_raw_data_pipeline' retrieved from /opt/airflow/dags/driven_data_pipeline.py
[2025-04-09T07:55:27.091+0000] {logging_mixin.py:190} INFO - [2025-04-09T07:55:27.090+0000] {dag.py:3239} INFO - Sync 1 DAGs
[2025-04-09T07:55:27.129+0000] {logging_mixin.py:190} INFO - [2025-04-09T07:55:27.128+0000] {dag.py:4180} INFO - Setting next_dagrun for extract_raw_data_pipeline to 2025-04-09 07:55:00+00:00, run_after=2025-04-09 07:56:00+00:00
[2025-04-09T07:55:27.170+0000] {processor.py:208} INFO - Processing /opt/airflow/dags/driven_data_pipeline.py took 0.357 seconds
[2025-04-09T07:55:57.599+0000] {processor.py:186} INFO - Started process (PID=1263) to work on /opt/airflow/dags/driven_data_pipeline.py
[2025-04-09T07:55:57.601+0000] {processor.py:914} INFO - Processing file /opt/airflow/dags/driven_data_pipeline.py for tasks to queue
[2025-04-09T07:55:57.606+0000] {logging_mixin.py:190} INFO - [2025-04-09T07:55:57.606+0000] {dagbag.py:588} INFO - Filling up the DagBag from /opt/airflow/dags/driven_data_pipeline.py
[2025-04-09T07:55:57.922+0000] {processor.py:925} INFO - DAG(s) 'extract_raw_data_pipeline' retrieved from /opt/airflow/dags/driven_data_pipeline.py
[2025-04-09T07:55:57.981+0000] {logging_mixin.py:190} INFO - [2025-04-09T07:55:57.981+0000] {dag.py:3239} INFO - Sync 1 DAGs
[2025-04-09T07:55:58.044+0000] {logging_mixin.py:190} INFO - [2025-04-09T07:55:58.043+0000] {dag.py:4180} INFO - Setting next_dagrun for extract_raw_data_pipeline to 2025-04-09 07:55:00+00:00, run_after=2025-04-09 07:56:00+00:00
[2025-04-09T07:55:58.098+0000] {processor.py:208} INFO - Processing /opt/airflow/dags/driven_data_pipeline.py took 0.510 seconds
[2025-04-09T07:56:28.538+0000] {processor.py:186} INFO - Started process (PID=1271) to work on /opt/airflow/dags/driven_data_pipeline.py
[2025-04-09T07:56:28.540+0000] {processor.py:914} INFO - Processing file /opt/airflow/dags/driven_data_pipeline.py for tasks to queue
[2025-04-09T07:56:28.543+0000] {logging_mixin.py:190} INFO - [2025-04-09T07:56:28.543+0000] {dagbag.py:588} INFO - Filling up the DagBag from /opt/airflow/dags/driven_data_pipeline.py
[2025-04-09T07:56:28.759+0000] {processor.py:925} INFO - DAG(s) 'extract_raw_data_pipeline' retrieved from /opt/airflow/dags/driven_data_pipeline.py
[2025-04-09T07:56:28.802+0000] {logging_mixin.py:190} INFO - [2025-04-09T07:56:28.801+0000] {dag.py:3239} INFO - Sync 1 DAGs
[2025-04-09T07:56:28.836+0000] {logging_mixin.py:190} INFO - [2025-04-09T07:56:28.836+0000] {dag.py:4180} INFO - Setting next_dagrun for extract_raw_data_pipeline to 2025-04-09 07:56:00+00:00, run_after=2025-04-09 07:57:00+00:00
[2025-04-09T07:56:28.861+0000] {processor.py:208} INFO - Processing /opt/airflow/dags/driven_data_pipeline.py took 0.330 seconds
[2025-04-09T07:56:59.171+0000] {processor.py:186} INFO - Started process (PID=1274) to work on /opt/airflow/dags/driven_data_pipeline.py
[2025-04-09T07:56:59.173+0000] {processor.py:914} INFO - Processing file /opt/airflow/dags/driven_data_pipeline.py for tasks to queue
[2025-04-09T07:56:59.176+0000] {logging_mixin.py:190} INFO - [2025-04-09T07:56:59.175+0000] {dagbag.py:588} INFO - Filling up the DagBag from /opt/airflow/dags/driven_data_pipeline.py
[2025-04-09T07:56:59.365+0000] {processor.py:925} INFO - DAG(s) 'extract_raw_data_pipeline' retrieved from /opt/airflow/dags/driven_data_pipeline.py
[2025-04-09T07:56:59.394+0000] {logging_mixin.py:190} INFO - [2025-04-09T07:56:59.394+0000] {dag.py:3239} INFO - Sync 1 DAGs
[2025-04-09T07:56:59.419+0000] {logging_mixin.py:190} INFO - [2025-04-09T07:56:59.419+0000] {dag.py:4180} INFO - Setting next_dagrun for extract_raw_data_pipeline to 2025-04-09 07:56:00+00:00, run_after=2025-04-09 07:57:00+00:00
[2025-04-09T07:56:59.445+0000] {processor.py:208} INFO - Processing /opt/airflow/dags/driven_data_pipeline.py took 0.281 seconds
[2025-04-09T07:57:29.771+0000] {processor.py:186} INFO - Started process (PID=1281) to work on /opt/airflow/dags/driven_data_pipeline.py
[2025-04-09T07:57:29.773+0000] {processor.py:914} INFO - Processing file /opt/airflow/dags/driven_data_pipeline.py for tasks to queue
[2025-04-09T07:57:29.777+0000] {logging_mixin.py:190} INFO - [2025-04-09T07:57:29.777+0000] {dagbag.py:588} INFO - Filling up the DagBag from /opt/airflow/dags/driven_data_pipeline.py
[2025-04-09T07:57:30.037+0000] {processor.py:925} INFO - DAG(s) 'extract_raw_data_pipeline' retrieved from /opt/airflow/dags/driven_data_pipeline.py
[2025-04-09T07:57:30.077+0000] {logging_mixin.py:190} INFO - [2025-04-09T07:57:30.077+0000] {dag.py:3239} INFO - Sync 1 DAGs
[2025-04-09T07:57:30.121+0000] {logging_mixin.py:190} INFO - [2025-04-09T07:57:30.120+0000] {dag.py:4180} INFO - Setting next_dagrun for extract_raw_data_pipeline to 2025-04-09 07:57:00+00:00, run_after=2025-04-09 07:58:00+00:00
[2025-04-09T07:57:30.159+0000] {processor.py:208} INFO - Processing /opt/airflow/dags/driven_data_pipeline.py took 0.401 seconds
[2025-04-09T07:58:00.525+0000] {processor.py:186} INFO - Started process (PID=1284) to work on /opt/airflow/dags/driven_data_pipeline.py
[2025-04-09T07:58:00.527+0000] {processor.py:914} INFO - Processing file /opt/airflow/dags/driven_data_pipeline.py for tasks to queue
[2025-04-09T07:58:00.532+0000] {logging_mixin.py:190} INFO - [2025-04-09T07:58:00.531+0000] {dagbag.py:588} INFO - Filling up the DagBag from /opt/airflow/dags/driven_data_pipeline.py
[2025-04-09T07:58:00.819+0000] {processor.py:925} INFO - DAG(s) 'extract_raw_data_pipeline' retrieved from /opt/airflow/dags/driven_data_pipeline.py
[2025-04-09T07:58:00.883+0000] {logging_mixin.py:190} INFO - [2025-04-09T07:58:00.883+0000] {dag.py:3239} INFO - Sync 1 DAGs
[2025-04-09T07:58:00.933+0000] {logging_mixin.py:190} INFO - [2025-04-09T07:58:00.933+0000] {dag.py:4180} INFO - Setting next_dagrun for extract_raw_data_pipeline to 2025-04-09 07:58:00+00:00, run_after=2025-04-09 07:59:00+00:00
[2025-04-09T07:58:00.971+0000] {processor.py:208} INFO - Processing /opt/airflow/dags/driven_data_pipeline.py took 0.455 seconds
[2025-04-09T07:58:31.310+0000] {processor.py:186} INFO - Started process (PID=1291) to work on /opt/airflow/dags/driven_data_pipeline.py
[2025-04-09T07:58:31.311+0000] {processor.py:914} INFO - Processing file /opt/airflow/dags/driven_data_pipeline.py for tasks to queue
[2025-04-09T07:58:31.315+0000] {logging_mixin.py:190} INFO - [2025-04-09T07:58:31.314+0000] {dagbag.py:588} INFO - Filling up the DagBag from /opt/airflow/dags/driven_data_pipeline.py
[2025-04-09T07:58:31.549+0000] {processor.py:925} INFO - DAG(s) 'extract_raw_data_pipeline' retrieved from /opt/airflow/dags/driven_data_pipeline.py
[2025-04-09T07:58:31.599+0000] {logging_mixin.py:190} INFO - [2025-04-09T07:58:31.598+0000] {dag.py:3239} INFO - Sync 1 DAGs
[2025-04-09T07:58:31.647+0000] {logging_mixin.py:190} INFO - [2025-04-09T07:58:31.646+0000] {dag.py:4180} INFO - Setting next_dagrun for extract_raw_data_pipeline to 2025-04-09 07:58:00+00:00, run_after=2025-04-09 07:59:00+00:00
[2025-04-09T07:58:31.679+0000] {processor.py:208} INFO - Processing /opt/airflow/dags/driven_data_pipeline.py took 0.377 seconds
[2025-04-09T07:59:00.895+0000] {processor.py:186} INFO - Started process (PID=1298) to work on /opt/airflow/dags/driven_data_pipeline.py
[2025-04-09T07:59:00.898+0000] {processor.py:914} INFO - Processing file /opt/airflow/dags/driven_data_pipeline.py for tasks to queue
[2025-04-09T07:59:00.903+0000] {logging_mixin.py:190} INFO - [2025-04-09T07:59:00.902+0000] {dagbag.py:588} INFO - Filling up the DagBag from /opt/airflow/dags/driven_data_pipeline.py
[2025-04-09T07:59:01.239+0000] {processor.py:925} INFO - DAG(s) 'extract_raw_data_pipeline' retrieved from /opt/airflow/dags/driven_data_pipeline.py
[2025-04-09T07:59:01.288+0000] {logging_mixin.py:190} INFO - [2025-04-09T07:59:01.288+0000] {dag.py:3239} INFO - Sync 1 DAGs
[2025-04-09T07:59:01.337+0000] {logging_mixin.py:190} INFO - [2025-04-09T07:59:01.336+0000] {dag.py:4180} INFO - Setting next_dagrun for extract_raw_data_pipeline to 2025-04-09 07:59:00+00:00, run_after=2025-04-10 07:00:00+00:00
[2025-04-09T07:59:01.376+0000] {processor.py:208} INFO - Processing /opt/airflow/dags/driven_data_pipeline.py took 0.497 seconds
[2025-04-09T07:59:31.705+0000] {processor.py:186} INFO - Started process (PID=1301) to work on /opt/airflow/dags/driven_data_pipeline.py
[2025-04-09T07:59:31.707+0000] {processor.py:914} INFO - Processing file /opt/airflow/dags/driven_data_pipeline.py for tasks to queue
[2025-04-09T07:59:31.711+0000] {logging_mixin.py:190} INFO - [2025-04-09T07:59:31.710+0000] {dagbag.py:588} INFO - Filling up the DagBag from /opt/airflow/dags/driven_data_pipeline.py
[2025-04-09T07:59:31.953+0000] {processor.py:925} INFO - DAG(s) 'extract_raw_data_pipeline' retrieved from /opt/airflow/dags/driven_data_pipeline.py
[2025-04-09T07:59:31.994+0000] {logging_mixin.py:190} INFO - [2025-04-09T07:59:31.994+0000] {dag.py:3239} INFO - Sync 1 DAGs
[2025-04-09T07:59:32.032+0000] {logging_mixin.py:190} INFO - [2025-04-09T07:59:32.031+0000] {dag.py:4180} INFO - Setting next_dagrun for extract_raw_data_pipeline to 2025-04-09 07:59:00+00:00, run_after=2025-04-10 07:00:00+00:00
[2025-04-09T07:59:32.070+0000] {processor.py:208} INFO - Processing /opt/airflow/dags/driven_data_pipeline.py took 0.374 seconds
[2025-04-09T08:00:02.357+0000] {processor.py:186} INFO - Started process (PID=1304) to work on /opt/airflow/dags/driven_data_pipeline.py
[2025-04-09T08:00:02.359+0000] {processor.py:914} INFO - Processing file /opt/airflow/dags/driven_data_pipeline.py for tasks to queue
[2025-04-09T08:00:02.363+0000] {logging_mixin.py:190} INFO - [2025-04-09T08:00:02.362+0000] {dagbag.py:588} INFO - Filling up the DagBag from /opt/airflow/dags/driven_data_pipeline.py
[2025-04-09T08:00:02.614+0000] {processor.py:925} INFO - DAG(s) 'extract_raw_data_pipeline' retrieved from /opt/airflow/dags/driven_data_pipeline.py
[2025-04-09T08:00:02.650+0000] {logging_mixin.py:190} INFO - [2025-04-09T08:00:02.650+0000] {dag.py:3239} INFO - Sync 1 DAGs
[2025-04-09T08:00:02.686+0000] {logging_mixin.py:190} INFO - [2025-04-09T08:00:02.686+0000] {dag.py:4180} INFO - Setting next_dagrun for extract_raw_data_pipeline to 2025-04-09 07:59:00+00:00, run_after=2025-04-10 07:00:00+00:00
[2025-04-09T08:00:02.715+0000] {processor.py:208} INFO - Processing /opt/airflow/dags/driven_data_pipeline.py took 0.367 seconds
[2025-04-09T08:00:32.977+0000] {processor.py:186} INFO - Started process (PID=1307) to work on /opt/airflow/dags/driven_data_pipeline.py
[2025-04-09T08:00:32.981+0000] {processor.py:914} INFO - Processing file /opt/airflow/dags/driven_data_pipeline.py for tasks to queue
[2025-04-09T08:00:32.997+0000] {logging_mixin.py:190} INFO - [2025-04-09T08:00:32.996+0000] {dagbag.py:588} INFO - Filling up the DagBag from /opt/airflow/dags/driven_data_pipeline.py
[2025-04-09T08:00:33.473+0000] {processor.py:925} INFO - DAG(s) 'extract_raw_data_pipeline' retrieved from /opt/airflow/dags/driven_data_pipeline.py
[2025-04-09T08:00:33.536+0000] {logging_mixin.py:190} INFO - [2025-04-09T08:00:33.534+0000] {dag.py:3239} INFO - Sync 1 DAGs
[2025-04-09T08:00:33.596+0000] {logging_mixin.py:190} INFO - [2025-04-09T08:00:33.596+0000] {dag.py:4180} INFO - Setting next_dagrun for extract_raw_data_pipeline to 2025-04-09 07:59:00+00:00, run_after=2025-04-10 07:00:00+00:00
[2025-04-09T08:00:33.653+0000] {processor.py:208} INFO - Processing /opt/airflow/dags/driven_data_pipeline.py took 0.696 seconds
[2025-04-09T08:01:04.379+0000] {processor.py:186} INFO - Started process (PID=1310) to work on /opt/airflow/dags/driven_data_pipeline.py
[2025-04-09T08:01:04.389+0000] {processor.py:914} INFO - Processing file /opt/airflow/dags/driven_data_pipeline.py for tasks to queue
[2025-04-09T08:01:04.413+0000] {logging_mixin.py:190} INFO - [2025-04-09T08:01:04.409+0000] {dagbag.py:588} INFO - Filling up the DagBag from /opt/airflow/dags/driven_data_pipeline.py
[2025-04-09T08:01:06.143+0000] {processor.py:925} INFO - DAG(s) 'extract_raw_data_pipeline' retrieved from /opt/airflow/dags/driven_data_pipeline.py
[2025-04-09T08:01:06.342+0000] {logging_mixin.py:190} INFO - [2025-04-09T08:01:06.332+0000] {dag.py:3239} INFO - Sync 1 DAGs
[2025-04-09T08:01:06.457+0000] {logging_mixin.py:190} INFO - [2025-04-09T08:01:06.456+0000] {dag.py:4180} INFO - Setting next_dagrun for extract_raw_data_pipeline to 2025-04-09 07:59:00+00:00, run_after=2025-04-10 07:00:00+00:00
[2025-04-09T08:01:06.576+0000] {processor.py:208} INFO - Processing /opt/airflow/dags/driven_data_pipeline.py took 2.258 seconds
[2025-04-09T08:01:37.698+0000] {processor.py:186} INFO - Started process (PID=1313) to work on /opt/airflow/dags/driven_data_pipeline.py
[2025-04-09T08:01:37.711+0000] {processor.py:914} INFO - Processing file /opt/airflow/dags/driven_data_pipeline.py for tasks to queue
[2025-04-09T08:01:37.729+0000] {logging_mixin.py:190} INFO - [2025-04-09T08:01:37.728+0000] {dagbag.py:588} INFO - Filling up the DagBag from /opt/airflow/dags/driven_data_pipeline.py
[2025-04-09T08:01:38.010+0000] {processor.py:925} INFO - DAG(s) 'extract_raw_data_pipeline' retrieved from /opt/airflow/dags/driven_data_pipeline.py
[2025-04-09T08:01:38.193+0000] {logging_mixin.py:190} INFO - [2025-04-09T08:01:38.192+0000] {dag.py:3239} INFO - Sync 1 DAGs
[2025-04-09T08:01:38.331+0000] {logging_mixin.py:190} INFO - [2025-04-09T08:01:38.330+0000] {dag.py:4180} INFO - Setting next_dagrun for extract_raw_data_pipeline to 2025-04-09 07:59:00+00:00, run_after=2025-04-10 07:00:00+00:00
[2025-04-09T08:01:38.481+0000] {processor.py:208} INFO - Processing /opt/airflow/dags/driven_data_pipeline.py took 1.844 seconds
[2025-04-09T08:02:08.990+0000] {processor.py:186} INFO - Started process (PID=1316) to work on /opt/airflow/dags/driven_data_pipeline.py
[2025-04-09T08:02:08.999+0000] {processor.py:914} INFO - Processing file /opt/airflow/dags/driven_data_pipeline.py for tasks to queue
[2025-04-09T08:02:09.012+0000] {logging_mixin.py:190} INFO - [2025-04-09T08:02:09.011+0000] {dagbag.py:588} INFO - Filling up the DagBag from /opt/airflow/dags/driven_data_pipeline.py
[2025-04-09T08:02:09.516+0000] {processor.py:925} INFO - DAG(s) 'extract_raw_data_pipeline' retrieved from /opt/airflow/dags/driven_data_pipeline.py
[2025-04-09T08:02:09.741+0000] {logging_mixin.py:190} INFO - [2025-04-09T08:02:09.740+0000] {dag.py:3239} INFO - Sync 1 DAGs
[2025-04-09T08:02:09.915+0000] {logging_mixin.py:190} INFO - [2025-04-09T08:02:09.914+0000] {dag.py:4180} INFO - Setting next_dagrun for extract_raw_data_pipeline to 2025-04-09 07:59:00+00:00, run_after=2025-04-10 07:00:00+00:00
[2025-04-09T08:02:10.074+0000] {processor.py:208} INFO - Processing /opt/airflow/dags/driven_data_pipeline.py took 2.149 seconds
[2025-04-09T08:02:39.764+0000] {processor.py:186} INFO - Started process (PID=1319) to work on /opt/airflow/dags/driven_data_pipeline.py
[2025-04-09T08:02:39.771+0000] {processor.py:914} INFO - Processing file /opt/airflow/dags/driven_data_pipeline.py for tasks to queue
[2025-04-09T08:02:39.799+0000] {logging_mixin.py:190} INFO - [2025-04-09T08:02:39.796+0000] {dagbag.py:588} INFO - Filling up the DagBag from /opt/airflow/dags/driven_data_pipeline.py
[2025-04-09T08:02:40.974+0000] {processor.py:925} INFO - DAG(s) 'extract_raw_data_pipeline' retrieved from /opt/airflow/dags/driven_data_pipeline.py
[2025-04-09T08:02:41.105+0000] {logging_mixin.py:190} INFO - [2025-04-09T08:02:41.095+0000] {dag.py:3239} INFO - Sync 1 DAGs
[2025-04-09T08:02:41.278+0000] {logging_mixin.py:190} INFO - [2025-04-09T08:02:41.277+0000] {dag.py:4180} INFO - Setting next_dagrun for extract_raw_data_pipeline to 2025-04-09 07:59:00+00:00, run_after=2025-04-10 07:00:00+00:00
[2025-04-09T08:02:41.393+0000] {processor.py:208} INFO - Processing /opt/airflow/dags/driven_data_pipeline.py took 1.664 seconds
[2025-04-09T08:03:12.014+0000] {processor.py:186} INFO - Started process (PID=1322) to work on /opt/airflow/dags/driven_data_pipeline.py
[2025-04-09T08:03:12.017+0000] {processor.py:914} INFO - Processing file /opt/airflow/dags/driven_data_pipeline.py for tasks to queue
[2025-04-09T08:03:12.022+0000] {logging_mixin.py:190} INFO - [2025-04-09T08:03:12.021+0000] {dagbag.py:588} INFO - Filling up the DagBag from /opt/airflow/dags/driven_data_pipeline.py
[2025-04-09T08:03:12.340+0000] {processor.py:925} INFO - DAG(s) 'extract_raw_data_pipeline' retrieved from /opt/airflow/dags/driven_data_pipeline.py
[2025-04-09T08:03:12.399+0000] {logging_mixin.py:190} INFO - [2025-04-09T08:03:12.398+0000] {dag.py:3239} INFO - Sync 1 DAGs
[2025-04-09T08:03:12.457+0000] {logging_mixin.py:190} INFO - [2025-04-09T08:03:12.457+0000] {dag.py:4180} INFO - Setting next_dagrun for extract_raw_data_pipeline to 2025-04-09 07:59:00+00:00, run_after=2025-04-10 07:00:00+00:00
[2025-04-09T08:03:12.492+0000] {processor.py:208} INFO - Processing /opt/airflow/dags/driven_data_pipeline.py took 0.492 seconds
[2025-04-09T08:03:42.687+0000] {processor.py:186} INFO - Started process (PID=1325) to work on /opt/airflow/dags/driven_data_pipeline.py
[2025-04-09T08:03:42.690+0000] {processor.py:914} INFO - Processing file /opt/airflow/dags/driven_data_pipeline.py for tasks to queue
[2025-04-09T08:03:42.698+0000] {logging_mixin.py:190} INFO - [2025-04-09T08:03:42.696+0000] {dagbag.py:588} INFO - Filling up the DagBag from /opt/airflow/dags/driven_data_pipeline.py
[2025-04-09T08:03:42.165+0000] {processor.py:925} INFO - DAG(s) 'extract_raw_data_pipeline' retrieved from /opt/airflow/dags/driven_data_pipeline.py
[2025-04-09T08:03:42.253+0000] {logging_mixin.py:190} INFO - [2025-04-09T08:03:42.252+0000] {dag.py:3239} INFO - Sync 1 DAGs
[2025-04-09T08:03:42.347+0000] {logging_mixin.py:190} INFO - [2025-04-09T08:03:42.346+0000] {dag.py:4180} INFO - Setting next_dagrun for extract_raw_data_pipeline to 2025-04-09 07:59:00+00:00, run_after=2025-04-10 07:00:00+00:00
[2025-04-09T08:03:42.444+0000] {processor.py:208} INFO - Processing /opt/airflow/dags/driven_data_pipeline.py took 0.916 seconds
[2025-04-09T08:04:13.023+0000] {processor.py:186} INFO - Started process (PID=1328) to work on /opt/airflow/dags/driven_data_pipeline.py
[2025-04-09T08:04:13.025+0000] {processor.py:914} INFO - Processing file /opt/airflow/dags/driven_data_pipeline.py for tasks to queue
[2025-04-09T08:04:13.033+0000] {logging_mixin.py:190} INFO - [2025-04-09T08:04:13.032+0000] {dagbag.py:588} INFO - Filling up the DagBag from /opt/airflow/dags/driven_data_pipeline.py
[2025-04-09T08:04:13.479+0000] {processor.py:925} INFO - DAG(s) 'extract_raw_data_pipeline' retrieved from /opt/airflow/dags/driven_data_pipeline.py
[2025-04-09T08:04:13.542+0000] {logging_mixin.py:190} INFO - [2025-04-09T08:04:13.542+0000] {dag.py:3239} INFO - Sync 1 DAGs
[2025-04-09T08:04:13.594+0000] {logging_mixin.py:190} INFO - [2025-04-09T08:04:13.594+0000] {dag.py:4180} INFO - Setting next_dagrun for extract_raw_data_pipeline to 2025-04-09 07:59:00+00:00, run_after=2025-04-10 07:00:00+00:00
[2025-04-09T08:04:13.654+0000] {processor.py:208} INFO - Processing /opt/airflow/dags/driven_data_pipeline.py took 0.653 seconds
[2025-04-09T08:04:43.979+0000] {processor.py:186} INFO - Started process (PID=1331) to work on /opt/airflow/dags/driven_data_pipeline.py
[2025-04-09T08:04:43.983+0000] {processor.py:914} INFO - Processing file /opt/airflow/dags/driven_data_pipeline.py for tasks to queue
[2025-04-09T08:04:43.989+0000] {logging_mixin.py:190} INFO - [2025-04-09T08:04:43.988+0000] {dagbag.py:588} INFO - Filling up the DagBag from /opt/airflow/dags/driven_data_pipeline.py
[2025-04-09T08:04:44.305+0000] {processor.py:925} INFO - DAG(s) 'extract_raw_data_pipeline' retrieved from /opt/airflow/dags/driven_data_pipeline.py
[2025-04-09T08:04:44.357+0000] {logging_mixin.py:190} INFO - [2025-04-09T08:04:44.356+0000] {dag.py:3239} INFO - Sync 1 DAGs
[2025-04-09T08:04:44.422+0000] {logging_mixin.py:190} INFO - [2025-04-09T08:04:44.422+0000] {dag.py:4180} INFO - Setting next_dagrun for extract_raw_data_pipeline to 2025-04-09 07:59:00+00:00, run_after=2025-04-10 07:00:00+00:00
[2025-04-09T08:04:44.474+0000] {processor.py:208} INFO - Processing /opt/airflow/dags/driven_data_pipeline.py took 0.509 seconds
[2025-04-09T08:05:14.899+0000] {processor.py:186} INFO - Started process (PID=1334) to work on /opt/airflow/dags/driven_data_pipeline.py
[2025-04-09T08:05:14.901+0000] {processor.py:914} INFO - Processing file /opt/airflow/dags/driven_data_pipeline.py for tasks to queue
[2025-04-09T08:05:14.907+0000] {logging_mixin.py:190} INFO - [2025-04-09T08:05:14.906+0000] {dagbag.py:588} INFO - Filling up the DagBag from /opt/airflow/dags/driven_data_pipeline.py
[2025-04-09T08:05:15.158+0000] {processor.py:925} INFO - DAG(s) 'extract_raw_data_pipeline' retrieved from /opt/airflow/dags/driven_data_pipeline.py
[2025-04-09T08:05:15.199+0000] {logging_mixin.py:190} INFO - [2025-04-09T08:05:15.199+0000] {dag.py:3239} INFO - Sync 1 DAGs
[2025-04-09T08:05:15.238+0000] {logging_mixin.py:190} INFO - [2025-04-09T08:05:15.237+0000] {dag.py:4180} INFO - Setting next_dagrun for extract_raw_data_pipeline to 2025-04-09 07:59:00+00:00, run_after=2025-04-10 07:00:00+00:00
[2025-04-09T08:05:15.271+0000] {processor.py:208} INFO - Processing /opt/airflow/dags/driven_data_pipeline.py took 0.385 seconds
[2025-04-09T08:05:45.757+0000] {processor.py:186} INFO - Started process (PID=1337) to work on /opt/airflow/dags/driven_data_pipeline.py
[2025-04-09T08:05:45.759+0000] {processor.py:914} INFO - Processing file /opt/airflow/dags/driven_data_pipeline.py for tasks to queue
[2025-04-09T08:05:45.765+0000] {logging_mixin.py:190} INFO - [2025-04-09T08:05:45.765+0000] {dagbag.py:588} INFO - Filling up the DagBag from /opt/airflow/dags/driven_data_pipeline.py
[2025-04-09T08:05:46.134+0000] {processor.py:925} INFO - DAG(s) 'extract_raw_data_pipeline' retrieved from /opt/airflow/dags/driven_data_pipeline.py
[2025-04-09T08:05:46.194+0000] {logging_mixin.py:190} INFO - [2025-04-09T08:05:46.193+0000] {dag.py:3239} INFO - Sync 1 DAGs
[2025-04-09T08:05:46.252+0000] {logging_mixin.py:190} INFO - [2025-04-09T08:05:46.252+0000] {dag.py:4180} INFO - Setting next_dagrun for extract_raw_data_pipeline to 2025-04-09 07:59:00+00:00, run_after=2025-04-10 07:00:00+00:00
[2025-04-09T08:05:46.296+0000] {processor.py:208} INFO - Processing /opt/airflow/dags/driven_data_pipeline.py took 0.553 seconds
[2025-04-09T08:06:16.833+0000] {processor.py:186} INFO - Started process (PID=1340) to work on /opt/airflow/dags/driven_data_pipeline.py
[2025-04-09T08:06:16.836+0000] {processor.py:914} INFO - Processing file /opt/airflow/dags/driven_data_pipeline.py for tasks to queue
[2025-04-09T08:06:16.842+0000] {logging_mixin.py:190} INFO - [2025-04-09T08:06:16.841+0000] {dagbag.py:588} INFO - Filling up the DagBag from /opt/airflow/dags/driven_data_pipeline.py
[2025-04-09T08:06:17.231+0000] {processor.py:925} INFO - DAG(s) 'extract_raw_data_pipeline' retrieved from /opt/airflow/dags/driven_data_pipeline.py
[2025-04-09T08:06:17.293+0000] {logging_mixin.py:190} INFO - [2025-04-09T08:06:17.293+0000] {dag.py:3239} INFO - Sync 1 DAGs
[2025-04-09T08:06:17.347+0000] {logging_mixin.py:190} INFO - [2025-04-09T08:06:17.346+0000] {dag.py:4180} INFO - Setting next_dagrun for extract_raw_data_pipeline to 2025-04-09 07:59:00+00:00, run_after=2025-04-10 07:00:00+00:00
[2025-04-09T08:06:17.396+0000] {processor.py:208} INFO - Processing /opt/airflow/dags/driven_data_pipeline.py took 0.579 seconds
[2025-04-09T08:06:47.849+0000] {processor.py:186} INFO - Started process (PID=1343) to work on /opt/airflow/dags/driven_data_pipeline.py
[2025-04-09T08:06:47.852+0000] {processor.py:914} INFO - Processing file /opt/airflow/dags/driven_data_pipeline.py for tasks to queue
[2025-04-09T08:06:47.861+0000] {logging_mixin.py:190} INFO - [2025-04-09T08:06:47.860+0000] {dagbag.py:588} INFO - Filling up the DagBag from /opt/airflow/dags/driven_data_pipeline.py
[2025-04-09T08:06:48.184+0000] {processor.py:925} INFO - DAG(s) 'extract_raw_data_pipeline' retrieved from /opt/airflow/dags/driven_data_pipeline.py
[2025-04-09T08:06:48.230+0000] {logging_mixin.py:190} INFO - [2025-04-09T08:06:48.229+0000] {dag.py:3239} INFO - Sync 1 DAGs
[2025-04-09T08:06:48.276+0000] {logging_mixin.py:190} INFO - [2025-04-09T08:06:48.275+0000] {dag.py:4180} INFO - Setting next_dagrun for extract_raw_data_pipeline to 2025-04-09 07:59:00+00:00, run_after=2025-04-10 07:00:00+00:00
[2025-04-09T08:06:48.323+0000] {processor.py:208} INFO - Processing /opt/airflow/dags/driven_data_pipeline.py took 0.485 seconds
[2025-04-09T08:07:18.770+0000] {processor.py:186} INFO - Started process (PID=1346) to work on /opt/airflow/dags/driven_data_pipeline.py
[2025-04-09T08:07:18.773+0000] {processor.py:914} INFO - Processing file /opt/airflow/dags/driven_data_pipeline.py for tasks to queue
[2025-04-09T08:07:18.778+0000] {logging_mixin.py:190} INFO - [2025-04-09T08:07:18.778+0000] {dagbag.py:588} INFO - Filling up the DagBag from /opt/airflow/dags/driven_data_pipeline.py
[2025-04-09T08:07:19.177+0000] {processor.py:925} INFO - DAG(s) 'extract_raw_data_pipeline' retrieved from /opt/airflow/dags/driven_data_pipeline.py
[2025-04-09T08:07:19.242+0000] {logging_mixin.py:190} INFO - [2025-04-09T08:07:19.241+0000] {dag.py:3239} INFO - Sync 1 DAGs
[2025-04-09T08:07:19.302+0000] {logging_mixin.py:190} INFO - [2025-04-09T08:07:19.301+0000] {dag.py:4180} INFO - Setting next_dagrun for extract_raw_data_pipeline to 2025-04-09 07:59:00+00:00, run_after=2025-04-10 07:00:00+00:00
[2025-04-09T08:07:19.347+0000] {processor.py:208} INFO - Processing /opt/airflow/dags/driven_data_pipeline.py took 0.592 seconds
[2025-04-09T08:07:50.224+0000] {processor.py:186} INFO - Started process (PID=1349) to work on /opt/airflow/dags/driven_data_pipeline.py
[2025-04-09T08:07:50.229+0000] {processor.py:914} INFO - Processing file /opt/airflow/dags/driven_data_pipeline.py for tasks to queue
[2025-04-09T08:07:50.239+0000] {logging_mixin.py:190} INFO - [2025-04-09T08:07:50.237+0000] {dagbag.py:588} INFO - Filling up the DagBag from /opt/airflow/dags/driven_data_pipeline.py
[2025-04-09T08:07:51.087+0000] {processor.py:925} INFO - DAG(s) 'extract_raw_data_pipeline' retrieved from /opt/airflow/dags/driven_data_pipeline.py
[2025-04-09T08:07:51.266+0000] {logging_mixin.py:190} INFO - [2025-04-09T08:07:51.265+0000] {dag.py:3239} INFO - Sync 1 DAGs
[2025-04-09T08:07:51.388+0000] {logging_mixin.py:190} INFO - [2025-04-09T08:07:51.387+0000] {dag.py:4180} INFO - Setting next_dagrun for extract_raw_data_pipeline to 2025-04-09 07:59:00+00:00, run_after=2025-04-10 07:00:00+00:00
[2025-04-09T08:07:51.455+0000] {processor.py:208} INFO - Processing /opt/airflow/dags/driven_data_pipeline.py took 1.261 seconds
[2025-04-09T08:08:21.729+0000] {processor.py:186} INFO - Started process (PID=1352) to work on /opt/airflow/dags/driven_data_pipeline.py
[2025-04-09T08:08:21.735+0000] {processor.py:914} INFO - Processing file /opt/airflow/dags/driven_data_pipeline.py for tasks to queue
[2025-04-09T08:08:21.744+0000] {logging_mixin.py:190} INFO - [2025-04-09T08:08:21.743+0000] {dagbag.py:588} INFO - Filling up the DagBag from /opt/airflow/dags/driven_data_pipeline.py
[2025-04-09T08:08:22.187+0000] {processor.py:925} INFO - DAG(s) 'extract_raw_data_pipeline' retrieved from /opt/airflow/dags/driven_data_pipeline.py
[2025-04-09T08:08:22.251+0000] {logging_mixin.py:190} INFO - [2025-04-09T08:08:22.251+0000] {dag.py:3239} INFO - Sync 1 DAGs
[2025-04-09T08:08:22.303+0000] {logging_mixin.py:190} INFO - [2025-04-09T08:08:22.302+0000] {dag.py:4180} INFO - Setting next_dagrun for extract_raw_data_pipeline to 2025-04-09 07:59:00+00:00, run_after=2025-04-10 07:00:00+00:00
[2025-04-09T08:08:22.362+0000] {processor.py:208} INFO - Processing /opt/airflow/dags/driven_data_pipeline.py took 0.648 seconds
[2025-04-09T08:08:53.097+0000] {processor.py:186} INFO - Started process (PID=1355) to work on /opt/airflow/dags/driven_data_pipeline.py
[2025-04-09T08:08:53.100+0000] {processor.py:914} INFO - Processing file /opt/airflow/dags/driven_data_pipeline.py for tasks to queue
[2025-04-09T08:08:53.112+0000] {logging_mixin.py:190} INFO - [2025-04-09T08:08:53.110+0000] {dagbag.py:588} INFO - Filling up the DagBag from /opt/airflow/dags/driven_data_pipeline.py
[2025-04-09T08:08:53.532+0000] {processor.py:925} INFO - DAG(s) 'extract_raw_data_pipeline' retrieved from /opt/airflow/dags/driven_data_pipeline.py
[2025-04-09T08:08:53.585+0000] {logging_mixin.py:190} INFO - [2025-04-09T08:08:53.585+0000] {dag.py:3239} INFO - Sync 1 DAGs
[2025-04-09T08:08:53.664+0000] {logging_mixin.py:190} INFO - [2025-04-09T08:08:53.663+0000] {dag.py:4180} INFO - Setting next_dagrun for extract_raw_data_pipeline to 2025-04-09 07:59:00+00:00, run_after=2025-04-10 07:00:00+00:00
[2025-04-09T08:08:53.719+0000] {processor.py:208} INFO - Processing /opt/airflow/dags/driven_data_pipeline.py took 0.648 seconds
[2025-04-09T08:09:23.911+0000] {processor.py:186} INFO - Started process (PID=1358) to work on /opt/airflow/dags/driven_data_pipeline.py
[2025-04-09T08:09:23.914+0000] {processor.py:914} INFO - Processing file /opt/airflow/dags/driven_data_pipeline.py for tasks to queue
[2025-04-09T08:09:23.925+0000] {logging_mixin.py:190} INFO - [2025-04-09T08:09:23.923+0000] {dagbag.py:588} INFO - Filling up the DagBag from /opt/airflow/dags/driven_data_pipeline.py
[2025-04-09T08:09:24.304+0000] {processor.py:925} INFO - DAG(s) 'extract_raw_data_pipeline' retrieved from /opt/airflow/dags/driven_data_pipeline.py
[2025-04-09T08:09:24.367+0000] {logging_mixin.py:190} INFO - [2025-04-09T08:09:24.366+0000] {dag.py:3239} INFO - Sync 1 DAGs
[2025-04-09T08:09:24.419+0000] {logging_mixin.py:190} INFO - [2025-04-09T08:09:24.418+0000] {dag.py:4180} INFO - Setting next_dagrun for extract_raw_data_pipeline to 2025-04-09 07:59:00+00:00, run_after=2025-04-10 07:00:00+00:00
[2025-04-09T08:09:24.471+0000] {processor.py:208} INFO - Processing /opt/airflow/dags/driven_data_pipeline.py took 0.577 seconds
[2025-04-09T08:09:54.607+0000] {processor.py:186} INFO - Started process (PID=1361) to work on /opt/airflow/dags/driven_data_pipeline.py
[2025-04-09T08:09:54.611+0000] {processor.py:914} INFO - Processing file /opt/airflow/dags/driven_data_pipeline.py for tasks to queue
[2025-04-09T08:09:54.620+0000] {logging_mixin.py:190} INFO - [2025-04-09T08:09:54.619+0000] {dagbag.py:588} INFO - Filling up the DagBag from /opt/airflow/dags/driven_data_pipeline.py
[2025-04-09T08:09:55.071+0000] {processor.py:925} INFO - DAG(s) 'extract_raw_data_pipeline' retrieved from /opt/airflow/dags/driven_data_pipeline.py
[2025-04-09T08:09:55.142+0000] {logging_mixin.py:190} INFO - [2025-04-09T08:09:55.141+0000] {dag.py:3239} INFO - Sync 1 DAGs
[2025-04-09T08:09:55.199+0000] {logging_mixin.py:190} INFO - [2025-04-09T08:09:55.199+0000] {dag.py:4180} INFO - Setting next_dagrun for extract_raw_data_pipeline to 2025-04-09 07:59:00+00:00, run_after=2025-04-10 07:00:00+00:00
[2025-04-09T08:09:55.262+0000] {processor.py:208} INFO - Processing /opt/airflow/dags/driven_data_pipeline.py took 0.669 seconds
[2025-04-09T08:10:25.696+0000] {processor.py:186} INFO - Started process (PID=1364) to work on /opt/airflow/dags/driven_data_pipeline.py
[2025-04-09T08:10:25.698+0000] {processor.py:914} INFO - Processing file /opt/airflow/dags/driven_data_pipeline.py for tasks to queue
[2025-04-09T08:10:25.705+0000] {logging_mixin.py:190} INFO - [2025-04-09T08:10:25.704+0000] {dagbag.py:588} INFO - Filling up the DagBag from /opt/airflow/dags/driven_data_pipeline.py
[2025-04-09T08:10:26.021+0000] {processor.py:925} INFO - DAG(s) 'extract_raw_data_pipeline' retrieved from /opt/airflow/dags/driven_data_pipeline.py
[2025-04-09T08:10:26.069+0000] {logging_mixin.py:190} INFO - [2025-04-09T08:10:26.068+0000] {dag.py:3239} INFO - Sync 1 DAGs
[2025-04-09T08:10:26.114+0000] {logging_mixin.py:190} INFO - [2025-04-09T08:10:26.113+0000] {dag.py:4180} INFO - Setting next_dagrun for extract_raw_data_pipeline to 2025-04-09 07:59:00+00:00, run_after=2025-04-10 07:00:00+00:00
[2025-04-09T08:10:26.163+0000] {processor.py:208} INFO - Processing /opt/airflow/dags/driven_data_pipeline.py took 0.481 seconds
[2025-04-09T08:10:56.643+0000] {processor.py:186} INFO - Started process (PID=1368) to work on /opt/airflow/dags/driven_data_pipeline.py
[2025-04-09T08:10:56.646+0000] {processor.py:914} INFO - Processing file /opt/airflow/dags/driven_data_pipeline.py for tasks to queue
[2025-04-09T08:10:56.651+0000] {logging_mixin.py:190} INFO - [2025-04-09T08:10:56.650+0000] {dagbag.py:588} INFO - Filling up the DagBag from /opt/airflow/dags/driven_data_pipeline.py
[2025-04-09T08:10:57.120+0000] {processor.py:925} INFO - DAG(s) 'extract_raw_data_pipeline' retrieved from /opt/airflow/dags/driven_data_pipeline.py
[2025-04-09T08:10:57.174+0000] {logging_mixin.py:190} INFO - [2025-04-09T08:10:57.174+0000] {dag.py:3239} INFO - Sync 1 DAGs
[2025-04-09T08:10:57.231+0000] {logging_mixin.py:190} INFO - [2025-04-09T08:10:57.230+0000] {dag.py:4180} INFO - Setting next_dagrun for extract_raw_data_pipeline to 2025-04-09 07:59:00+00:00, run_after=2025-04-10 07:00:00+00:00
[2025-04-09T08:10:57.270+0000] {processor.py:208} INFO - Processing /opt/airflow/dags/driven_data_pipeline.py took 0.640 seconds
[2025-04-09T08:11:27.688+0000] {processor.py:186} INFO - Started process (PID=1371) to work on /opt/airflow/dags/driven_data_pipeline.py
[2025-04-09T08:11:27.691+0000] {processor.py:914} INFO - Processing file /opt/airflow/dags/driven_data_pipeline.py for tasks to queue
[2025-04-09T08:11:27.703+0000] {logging_mixin.py:190} INFO - [2025-04-09T08:11:27.702+0000] {dagbag.py:588} INFO - Filling up the DagBag from /opt/airflow/dags/driven_data_pipeline.py
[2025-04-09T08:11:28.420+0000] {processor.py:925} INFO - DAG(s) 'extract_raw_data_pipeline' retrieved from /opt/airflow/dags/driven_data_pipeline.py
[2025-04-09T08:11:28.534+0000] {logging_mixin.py:190} INFO - [2025-04-09T08:11:28.532+0000] {dag.py:3239} INFO - Sync 1 DAGs
[2025-04-09T08:11:28.622+0000] {logging_mixin.py:190} INFO - [2025-04-09T08:11:28.621+0000] {dag.py:4180} INFO - Setting next_dagrun for extract_raw_data_pipeline to 2025-04-09 07:59:00+00:00, run_after=2025-04-10 07:00:00+00:00
[2025-04-09T08:11:28.712+0000] {processor.py:208} INFO - Processing /opt/airflow/dags/driven_data_pipeline.py took 1.059 seconds
[2025-04-09T08:11:59.244+0000] {processor.py:186} INFO - Started process (PID=1374) to work on /opt/airflow/dags/driven_data_pipeline.py
[2025-04-09T08:11:59.246+0000] {processor.py:914} INFO - Processing file /opt/airflow/dags/driven_data_pipeline.py for tasks to queue
[2025-04-09T08:11:59.249+0000] {logging_mixin.py:190} INFO - [2025-04-09T08:11:59.248+0000] {dagbag.py:588} INFO - Filling up the DagBag from /opt/airflow/dags/driven_data_pipeline.py
[2025-04-09T08:11:59.452+0000] {processor.py:925} INFO - DAG(s) 'extract_raw_data_pipeline' retrieved from /opt/airflow/dags/driven_data_pipeline.py
[2025-04-09T08:11:59.481+0000] {logging_mixin.py:190} INFO - [2025-04-09T08:11:59.481+0000] {dag.py:3239} INFO - Sync 1 DAGs
[2025-04-09T08:11:59.509+0000] {logging_mixin.py:190} INFO - [2025-04-09T08:11:59.509+0000] {dag.py:4180} INFO - Setting next_dagrun for extract_raw_data_pipeline to 2025-04-09 07:59:00+00:00, run_after=2025-04-10 07:00:00+00:00
[2025-04-09T08:11:59.534+0000] {processor.py:208} INFO - Processing /opt/airflow/dags/driven_data_pipeline.py took 0.297 seconds
[2025-04-09T08:12:29.677+0000] {processor.py:186} INFO - Started process (PID=1377) to work on /opt/airflow/dags/driven_data_pipeline.py
[2025-04-09T08:12:29.679+0000] {processor.py:914} INFO - Processing file /opt/airflow/dags/driven_data_pipeline.py for tasks to queue
[2025-04-09T08:12:29.682+0000] {logging_mixin.py:190} INFO - [2025-04-09T08:12:29.682+0000] {dagbag.py:588} INFO - Filling up the DagBag from /opt/airflow/dags/driven_data_pipeline.py
[2025-04-09T08:12:29.867+0000] {processor.py:925} INFO - DAG(s) 'extract_raw_data_pipeline' retrieved from /opt/airflow/dags/driven_data_pipeline.py
[2025-04-09T08:12:29.898+0000] {logging_mixin.py:190} INFO - [2025-04-09T08:12:29.898+0000] {dag.py:3239} INFO - Sync 1 DAGs
[2025-04-09T08:12:29.928+0000] {logging_mixin.py:190} INFO - [2025-04-09T08:12:29.928+0000] {dag.py:4180} INFO - Setting next_dagrun for extract_raw_data_pipeline to 2025-04-09 07:59:00+00:00, run_after=2025-04-10 07:00:00+00:00
[2025-04-09T08:12:29.953+0000] {processor.py:208} INFO - Processing /opt/airflow/dags/driven_data_pipeline.py took 0.284 seconds
[2025-04-09T08:13:00.237+0000] {processor.py:186} INFO - Started process (PID=1380) to work on /opt/airflow/dags/driven_data_pipeline.py
[2025-04-09T08:13:00.239+0000] {processor.py:914} INFO - Processing file /opt/airflow/dags/driven_data_pipeline.py for tasks to queue
[2025-04-09T08:13:00.245+0000] {logging_mixin.py:190} INFO - [2025-04-09T08:13:00.244+0000] {dagbag.py:588} INFO - Filling up the DagBag from /opt/airflow/dags/driven_data_pipeline.py
[2025-04-09T08:13:00.578+0000] {processor.py:925} INFO - DAG(s) 'extract_raw_data_pipeline' retrieved from /opt/airflow/dags/driven_data_pipeline.py
[2025-04-09T08:13:00.625+0000] {logging_mixin.py:190} INFO - [2025-04-09T08:13:00.624+0000] {dag.py:3239} INFO - Sync 1 DAGs
[2025-04-09T08:13:00.665+0000] {logging_mixin.py:190} INFO - [2025-04-09T08:13:00.664+0000] {dag.py:4180} INFO - Setting next_dagrun for extract_raw_data_pipeline to 2025-04-09 07:59:00+00:00, run_after=2025-04-10 07:00:00+00:00
[2025-04-09T08:13:00.696+0000] {processor.py:208} INFO - Processing /opt/airflow/dags/driven_data_pipeline.py took 0.469 seconds
[2025-04-09T08:13:31.013+0000] {processor.py:186} INFO - Started process (PID=1383) to work on /opt/airflow/dags/driven_data_pipeline.py
[2025-04-09T08:13:31.015+0000] {processor.py:914} INFO - Processing file /opt/airflow/dags/driven_data_pipeline.py for tasks to queue
[2025-04-09T08:13:31.019+0000] {logging_mixin.py:190} INFO - [2025-04-09T08:13:31.018+0000] {dagbag.py:588} INFO - Filling up the DagBag from /opt/airflow/dags/driven_data_pipeline.py
[2025-04-09T08:13:31.225+0000] {processor.py:925} INFO - DAG(s) 'extract_raw_data_pipeline' retrieved from /opt/airflow/dags/driven_data_pipeline.py
[2025-04-09T08:13:31.259+0000] {logging_mixin.py:190} INFO - [2025-04-09T08:13:31.259+0000] {dag.py:3239} INFO - Sync 1 DAGs
[2025-04-09T08:13:31.294+0000] {logging_mixin.py:190} INFO - [2025-04-09T08:13:31.294+0000] {dag.py:4180} INFO - Setting next_dagrun for extract_raw_data_pipeline to 2025-04-09 07:59:00+00:00, run_after=2025-04-10 07:00:00+00:00
[2025-04-09T08:13:31.320+0000] {processor.py:208} INFO - Processing /opt/airflow/dags/driven_data_pipeline.py took 0.316 seconds
[2025-04-09T08:14:01.609+0000] {processor.py:186} INFO - Started process (PID=1386) to work on /opt/airflow/dags/driven_data_pipeline.py
[2025-04-09T08:14:01.611+0000] {processor.py:914} INFO - Processing file /opt/airflow/dags/driven_data_pipeline.py for tasks to queue
[2025-04-09T08:14:01.616+0000] {logging_mixin.py:190} INFO - [2025-04-09T08:14:01.616+0000] {dagbag.py:588} INFO - Filling up the DagBag from /opt/airflow/dags/driven_data_pipeline.py
[2025-04-09T08:14:01.916+0000] {processor.py:925} INFO - DAG(s) 'extract_raw_data_pipeline' retrieved from /opt/airflow/dags/driven_data_pipeline.py
[2025-04-09T08:14:01.959+0000] {logging_mixin.py:190} INFO - [2025-04-09T08:14:01.958+0000] {dag.py:3239} INFO - Sync 1 DAGs
[2025-04-09T08:14:01.992+0000] {logging_mixin.py:190} INFO - [2025-04-09T08:14:01.991+0000] {dag.py:4180} INFO - Setting next_dagrun for extract_raw_data_pipeline to 2025-04-09 07:59:00+00:00, run_after=2025-04-10 07:00:00+00:00
[2025-04-09T08:14:02.018+0000] {processor.py:208} INFO - Processing /opt/airflow/dags/driven_data_pipeline.py took 0.423 seconds
[2025-04-09T08:14:32.322+0000] {processor.py:186} INFO - Started process (PID=1389) to work on /opt/airflow/dags/driven_data_pipeline.py
[2025-04-09T08:14:32.324+0000] {processor.py:914} INFO - Processing file /opt/airflow/dags/driven_data_pipeline.py for tasks to queue
[2025-04-09T08:14:32.327+0000] {logging_mixin.py:190} INFO - [2025-04-09T08:14:32.326+0000] {dagbag.py:588} INFO - Filling up the DagBag from /opt/airflow/dags/driven_data_pipeline.py
[2025-04-09T08:14:32.524+0000] {processor.py:925} INFO - DAG(s) 'extract_raw_data_pipeline' retrieved from /opt/airflow/dags/driven_data_pipeline.py
[2025-04-09T08:14:32.551+0000] {logging_mixin.py:190} INFO - [2025-04-09T08:14:32.551+0000] {dag.py:3239} INFO - Sync 1 DAGs
[2025-04-09T08:14:32.579+0000] {logging_mixin.py:190} INFO - [2025-04-09T08:14:32.578+0000] {dag.py:4180} INFO - Setting next_dagrun for extract_raw_data_pipeline to 2025-04-09 07:59:00+00:00, run_after=2025-04-10 07:00:00+00:00
[2025-04-09T08:14:32.606+0000] {processor.py:208} INFO - Processing /opt/airflow/dags/driven_data_pipeline.py took 0.292 seconds
[2025-04-09T08:15:02.737+0000] {processor.py:186} INFO - Started process (PID=1392) to work on /opt/airflow/dags/driven_data_pipeline.py
[2025-04-09T08:15:02.739+0000] {processor.py:914} INFO - Processing file /opt/airflow/dags/driven_data_pipeline.py for tasks to queue
[2025-04-09T08:15:02.744+0000] {logging_mixin.py:190} INFO - [2025-04-09T08:15:02.744+0000] {dagbag.py:588} INFO - Filling up the DagBag from /opt/airflow/dags/driven_data_pipeline.py
[2025-04-09T08:15:02.969+0000] {processor.py:925} INFO - DAG(s) 'extract_raw_data_pipeline' retrieved from /opt/airflow/dags/driven_data_pipeline.py
[2025-04-09T08:15:03.003+0000] {logging_mixin.py:190} INFO - [2025-04-09T08:15:03.003+0000] {dag.py:3239} INFO - Sync 1 DAGs
[2025-04-09T08:15:03.034+0000] {logging_mixin.py:190} INFO - [2025-04-09T08:15:03.034+0000] {dag.py:4180} INFO - Setting next_dagrun for extract_raw_data_pipeline to 2025-04-09 07:59:00+00:00, run_after=2025-04-10 07:00:00+00:00
[2025-04-09T08:15:03.058+0000] {processor.py:208} INFO - Processing /opt/airflow/dags/driven_data_pipeline.py took 0.329 seconds
[2025-04-09T08:15:33.304+0000] {processor.py:186} INFO - Started process (PID=1395) to work on /opt/airflow/dags/driven_data_pipeline.py
[2025-04-09T08:15:33.306+0000] {processor.py:914} INFO - Processing file /opt/airflow/dags/driven_data_pipeline.py for tasks to queue
[2025-04-09T08:15:33.309+0000] {logging_mixin.py:190} INFO - [2025-04-09T08:15:33.309+0000] {dagbag.py:588} INFO - Filling up the DagBag from /opt/airflow/dags/driven_data_pipeline.py
[2025-04-09T08:15:33.503+0000] {processor.py:925} INFO - DAG(s) 'extract_raw_data_pipeline' retrieved from /opt/airflow/dags/driven_data_pipeline.py
[2025-04-09T08:15:33.536+0000] {logging_mixin.py:190} INFO - [2025-04-09T08:15:33.536+0000] {dag.py:3239} INFO - Sync 1 DAGs
[2025-04-09T08:15:33.570+0000] {logging_mixin.py:190} INFO - [2025-04-09T08:15:33.570+0000] {dag.py:4180} INFO - Setting next_dagrun for extract_raw_data_pipeline to 2025-04-09 07:59:00+00:00, run_after=2025-04-10 07:00:00+00:00
[2025-04-09T08:15:33.596+0000] {processor.py:208} INFO - Processing /opt/airflow/dags/driven_data_pipeline.py took 0.300 seconds
[2025-04-09T08:16:03.722+0000] {processor.py:186} INFO - Started process (PID=1398) to work on /opt/airflow/dags/driven_data_pipeline.py
[2025-04-09T08:16:03.724+0000] {processor.py:914} INFO - Processing file /opt/airflow/dags/driven_data_pipeline.py for tasks to queue
[2025-04-09T08:16:03.729+0000] {logging_mixin.py:190} INFO - [2025-04-09T08:16:03.728+0000] {dagbag.py:588} INFO - Filling up the DagBag from /opt/airflow/dags/driven_data_pipeline.py
[2025-04-09T08:16:03.935+0000] {processor.py:925} INFO - DAG(s) 'extract_raw_data_pipeline' retrieved from /opt/airflow/dags/driven_data_pipeline.py
[2025-04-09T08:16:03.972+0000] {logging_mixin.py:190} INFO - [2025-04-09T08:16:03.971+0000] {dag.py:3239} INFO - Sync 1 DAGs
[2025-04-09T08:16:04.005+0000] {logging_mixin.py:190} INFO - [2025-04-09T08:16:04.005+0000] {dag.py:4180} INFO - Setting next_dagrun for extract_raw_data_pipeline to 2025-04-09 07:59:00+00:00, run_after=2025-04-10 07:00:00+00:00
[2025-04-09T08:16:04.032+0000] {processor.py:208} INFO - Processing /opt/airflow/dags/driven_data_pipeline.py took 0.323 seconds
[2025-04-09T08:16:34.171+0000] {processor.py:186} INFO - Started process (PID=1401) to work on /opt/airflow/dags/driven_data_pipeline.py
[2025-04-09T08:16:34.172+0000] {processor.py:914} INFO - Processing file /opt/airflow/dags/driven_data_pipeline.py for tasks to queue
[2025-04-09T08:16:34.177+0000] {logging_mixin.py:190} INFO - [2025-04-09T08:16:34.176+0000] {dagbag.py:588} INFO - Filling up the DagBag from /opt/airflow/dags/driven_data_pipeline.py
[2025-04-09T08:16:34.423+0000] {processor.py:925} INFO - DAG(s) 'extract_raw_data_pipeline' retrieved from /opt/airflow/dags/driven_data_pipeline.py
[2025-04-09T08:16:34.489+0000] {logging_mixin.py:190} INFO - [2025-04-09T08:16:34.487+0000] {dag.py:3239} INFO - Sync 1 DAGs
[2025-04-09T08:16:34.685+0000] {logging_mixin.py:190} INFO - [2025-04-09T08:16:34.684+0000] {dag.py:4180} INFO - Setting next_dagrun for extract_raw_data_pipeline to 2025-04-09 07:59:00+00:00, run_after=2025-04-10 07:00:00+00:00
[2025-04-09T08:16:34.779+0000] {processor.py:208} INFO - Processing /opt/airflow/dags/driven_data_pipeline.py took 0.618 seconds
[2025-04-09T08:17:05.170+0000] {processor.py:186} INFO - Started process (PID=1404) to work on /opt/airflow/dags/driven_data_pipeline.py
[2025-04-09T08:17:05.172+0000] {processor.py:914} INFO - Processing file /opt/airflow/dags/driven_data_pipeline.py for tasks to queue
[2025-04-09T08:17:05.176+0000] {logging_mixin.py:190} INFO - [2025-04-09T08:17:05.175+0000] {dagbag.py:588} INFO - Filling up the DagBag from /opt/airflow/dags/driven_data_pipeline.py
[2025-04-09T08:17:05.425+0000] {processor.py:925} INFO - DAG(s) 'extract_raw_data_pipeline' retrieved from /opt/airflow/dags/driven_data_pipeline.py
[2025-04-09T08:17:05.462+0000] {logging_mixin.py:190} INFO - [2025-04-09T08:17:05.462+0000] {dag.py:3239} INFO - Sync 1 DAGs
[2025-04-09T08:17:05.501+0000] {logging_mixin.py:190} INFO - [2025-04-09T08:17:05.501+0000] {dag.py:4180} INFO - Setting next_dagrun for extract_raw_data_pipeline to 2025-04-09 07:59:00+00:00, run_after=2025-04-10 07:00:00+00:00
[2025-04-09T08:17:05.531+0000] {processor.py:208} INFO - Processing /opt/airflow/dags/driven_data_pipeline.py took 0.371 seconds
[2025-04-09T08:17:35.851+0000] {processor.py:186} INFO - Started process (PID=1407) to work on /opt/airflow/dags/driven_data_pipeline.py
[2025-04-09T08:17:35.853+0000] {processor.py:914} INFO - Processing file /opt/airflow/dags/driven_data_pipeline.py for tasks to queue
[2025-04-09T08:17:35.858+0000] {logging_mixin.py:190} INFO - [2025-04-09T08:17:35.858+0000] {dagbag.py:588} INFO - Filling up the DagBag from /opt/airflow/dags/driven_data_pipeline.py
[2025-04-09T08:17:36.068+0000] {processor.py:925} INFO - DAG(s) 'extract_raw_data_pipeline' retrieved from /opt/airflow/dags/driven_data_pipeline.py
[2025-04-09T08:17:36.119+0000] {logging_mixin.py:190} INFO - [2025-04-09T08:17:36.118+0000] {dag.py:3239} INFO - Sync 1 DAGs
[2025-04-09T08:17:36.174+0000] {logging_mixin.py:190} INFO - [2025-04-09T08:17:36.174+0000] {dag.py:4180} INFO - Setting next_dagrun for extract_raw_data_pipeline to 2025-04-09 07:59:00+00:00, run_after=2025-04-10 07:00:00+00:00
[2025-04-09T08:17:36.210+0000] {processor.py:208} INFO - Processing /opt/airflow/dags/driven_data_pipeline.py took 0.369 seconds
[2025-04-09T08:18:06.501+0000] {processor.py:186} INFO - Started process (PID=1410) to work on /opt/airflow/dags/driven_data_pipeline.py
[2025-04-09T08:18:06.502+0000] {processor.py:914} INFO - Processing file /opt/airflow/dags/driven_data_pipeline.py for tasks to queue
[2025-04-09T08:18:06.505+0000] {logging_mixin.py:190} INFO - [2025-04-09T08:18:06.505+0000] {dagbag.py:588} INFO - Filling up the DagBag from /opt/airflow/dags/driven_data_pipeline.py
[2025-04-09T08:18:06.720+0000] {processor.py:925} INFO - DAG(s) 'extract_raw_data_pipeline' retrieved from /opt/airflow/dags/driven_data_pipeline.py
[2025-04-09T08:18:06.752+0000] {logging_mixin.py:190} INFO - [2025-04-09T08:18:06.751+0000] {dag.py:3239} INFO - Sync 1 DAGs
[2025-04-09T08:18:06.781+0000] {logging_mixin.py:190} INFO - [2025-04-09T08:18:06.780+0000] {dag.py:4180} INFO - Setting next_dagrun for extract_raw_data_pipeline to 2025-04-09 07:59:00+00:00, run_after=2025-04-10 07:00:00+00:00
[2025-04-09T08:18:06.810+0000] {processor.py:208} INFO - Processing /opt/airflow/dags/driven_data_pipeline.py took 0.317 seconds
[2025-04-09T08:18:37.012+0000] {processor.py:186} INFO - Started process (PID=1413) to work on /opt/airflow/dags/driven_data_pipeline.py
[2025-04-09T08:18:37.014+0000] {processor.py:914} INFO - Processing file /opt/airflow/dags/driven_data_pipeline.py for tasks to queue
[2025-04-09T08:18:37.017+0000] {logging_mixin.py:190} INFO - [2025-04-09T08:18:37.017+0000] {dagbag.py:588} INFO - Filling up the DagBag from /opt/airflow/dags/driven_data_pipeline.py
[2025-04-09T08:18:37.183+0000] {processor.py:925} INFO - DAG(s) 'extract_raw_data_pipeline' retrieved from /opt/airflow/dags/driven_data_pipeline.py
[2025-04-09T08:18:37.217+0000] {logging_mixin.py:190} INFO - [2025-04-09T08:18:37.217+0000] {dag.py:3239} INFO - Sync 1 DAGs
[2025-04-09T08:18:37.241+0000] {logging_mixin.py:190} INFO - [2025-04-09T08:18:37.241+0000] {dag.py:4180} INFO - Setting next_dagrun for extract_raw_data_pipeline to 2025-04-09 07:59:00+00:00, run_after=2025-04-10 07:00:00+00:00
[2025-04-09T08:18:37.270+0000] {processor.py:208} INFO - Processing /opt/airflow/dags/driven_data_pipeline.py took 0.267 seconds
[2025-04-09T08:19:07.466+0000] {processor.py:186} INFO - Started process (PID=1416) to work on /opt/airflow/dags/driven_data_pipeline.py
[2025-04-09T08:19:07.468+0000] {processor.py:914} INFO - Processing file /opt/airflow/dags/driven_data_pipeline.py for tasks to queue
[2025-04-09T08:19:07.471+0000] {logging_mixin.py:190} INFO - [2025-04-09T08:19:07.471+0000] {dagbag.py:588} INFO - Filling up the DagBag from /opt/airflow/dags/driven_data_pipeline.py
[2025-04-09T08:19:07.888+0000] {processor.py:925} INFO - DAG(s) 'extract_raw_data_pipeline' retrieved from /opt/airflow/dags/driven_data_pipeline.py
[2025-04-09T08:19:07.993+0000] {logging_mixin.py:190} INFO - [2025-04-09T08:19:07.993+0000] {dag.py:3239} INFO - Sync 1 DAGs
[2025-04-09T08:19:08.096+0000] {logging_mixin.py:190} INFO - [2025-04-09T08:19:08.096+0000] {dag.py:4180} INFO - Setting next_dagrun for extract_raw_data_pipeline to 2025-04-09 07:59:00+00:00, run_after=2025-04-10 07:00:00+00:00
[2025-04-09T08:19:08.172+0000] {processor.py:208} INFO - Processing /opt/airflow/dags/driven_data_pipeline.py took 0.713 seconds
[2025-04-09T08:19:38.335+0000] {processor.py:186} INFO - Started process (PID=1419) to work on /opt/airflow/dags/driven_data_pipeline.py
[2025-04-09T08:19:38.338+0000] {processor.py:914} INFO - Processing file /opt/airflow/dags/driven_data_pipeline.py for tasks to queue
[2025-04-09T08:19:38.355+0000] {logging_mixin.py:190} INFO - [2025-04-09T08:19:38.353+0000] {dagbag.py:588} INFO - Filling up the DagBag from /opt/airflow/dags/driven_data_pipeline.py
[2025-04-09T08:19:39.363+0000] {processor.py:925} INFO - DAG(s) 'extract_raw_data_pipeline' retrieved from /opt/airflow/dags/driven_data_pipeline.py
[2025-04-09T08:19:39.654+0000] {logging_mixin.py:190} INFO - [2025-04-09T08:19:39.641+0000] {dag.py:3239} INFO - Sync 1 DAGs
[2025-04-09T08:19:39.915+0000] {logging_mixin.py:190} INFO - [2025-04-09T08:19:39.914+0000] {dag.py:4180} INFO - Setting next_dagrun for extract_raw_data_pipeline to 2025-04-09 07:59:00+00:00, run_after=2025-04-10 07:00:00+00:00
[2025-04-09T08:19:40.025+0000] {processor.py:208} INFO - Processing /opt/airflow/dags/driven_data_pipeline.py took 1.727 seconds
[2025-04-09T08:20:10.836+0000] {processor.py:186} INFO - Started process (PID=1422) to work on /opt/airflow/dags/driven_data_pipeline.py
[2025-04-09T08:20:10.839+0000] {processor.py:914} INFO - Processing file /opt/airflow/dags/driven_data_pipeline.py for tasks to queue
[2025-04-09T08:20:10.844+0000] {logging_mixin.py:190} INFO - [2025-04-09T08:20:10.844+0000] {dagbag.py:588} INFO - Filling up the DagBag from /opt/airflow/dags/driven_data_pipeline.py
[2025-04-09T08:20:11.157+0000] {processor.py:925} INFO - DAG(s) 'extract_raw_data_pipeline' retrieved from /opt/airflow/dags/driven_data_pipeline.py
[2025-04-09T08:20:11.208+0000] {logging_mixin.py:190} INFO - [2025-04-09T08:20:11.207+0000] {dag.py:3239} INFO - Sync 1 DAGs
[2025-04-09T08:20:11.253+0000] {logging_mixin.py:190} INFO - [2025-04-09T08:20:11.252+0000] {dag.py:4180} INFO - Setting next_dagrun for extract_raw_data_pipeline to 2025-04-09 07:59:00+00:00, run_after=2025-04-10 07:00:00+00:00
[2025-04-09T08:20:11.295+0000] {processor.py:208} INFO - Processing /opt/airflow/dags/driven_data_pipeline.py took 0.475 seconds
[2025-04-09T08:31:55.677+0000] {processor.py:186} INFO - Started process (PID=31) to work on /opt/airflow/dags/driven_data_pipeline.py
[2025-04-09T08:31:55.681+0000] {processor.py:914} INFO - Processing file /opt/airflow/dags/driven_data_pipeline.py for tasks to queue
[2025-04-09T08:31:55.687+0000] {logging_mixin.py:190} INFO - [2025-04-09T08:31:55.686+0000] {dagbag.py:588} INFO - Filling up the DagBag from /opt/airflow/dags/driven_data_pipeline.py
[2025-04-09T08:31:56.630+0000] {processor.py:925} INFO - DAG(s) 'extract_raw_data_pipeline' retrieved from /opt/airflow/dags/driven_data_pipeline.py
[2025-04-09T08:31:56.669+0000] {logging_mixin.py:190} INFO - [2025-04-09T08:31:56.669+0000] {dag.py:3239} INFO - Sync 1 DAGs
[2025-04-09T08:31:56.703+0000] {logging_mixin.py:190} INFO - [2025-04-09T08:31:56.702+0000] {dag.py:4180} INFO - Setting next_dagrun for extract_raw_data_pipeline to 2025-04-09 07:59:00+00:00, run_after=2025-04-10 07:00:00+00:00
[2025-04-09T08:31:56.730+0000] {processor.py:208} INFO - Processing /opt/airflow/dags/driven_data_pipeline.py took 1.064 seconds
[2025-04-09T08:32:26.993+0000] {processor.py:186} INFO - Started process (PID=34) to work on /opt/airflow/dags/driven_data_pipeline.py
[2025-04-09T08:32:26.995+0000] {processor.py:914} INFO - Processing file /opt/airflow/dags/driven_data_pipeline.py for tasks to queue
[2025-04-09T08:32:26.998+0000] {logging_mixin.py:190} INFO - [2025-04-09T08:32:26.998+0000] {dagbag.py:588} INFO - Filling up the DagBag from /opt/airflow/dags/driven_data_pipeline.py
[2025-04-09T08:32:27.431+0000] {processor.py:925} INFO - DAG(s) 'extract_raw_data_pipeline' retrieved from /opt/airflow/dags/driven_data_pipeline.py
[2025-04-09T08:32:27.464+0000] {logging_mixin.py:190} INFO - [2025-04-09T08:32:27.464+0000] {dag.py:3239} INFO - Sync 1 DAGs
[2025-04-09T08:32:27.504+0000] {logging_mixin.py:190} INFO - [2025-04-09T08:32:27.504+0000] {dag.py:4180} INFO - Setting next_dagrun for extract_raw_data_pipeline to 2025-04-09 07:59:00+00:00, run_after=2025-04-10 07:00:00+00:00
[2025-04-09T08:32:27.536+0000] {processor.py:208} INFO - Processing /opt/airflow/dags/driven_data_pipeline.py took 0.549 seconds
[2025-04-09T08:32:57.902+0000] {processor.py:186} INFO - Started process (PID=37) to work on /opt/airflow/dags/driven_data_pipeline.py
[2025-04-09T08:32:57.905+0000] {processor.py:914} INFO - Processing file /opt/airflow/dags/driven_data_pipeline.py for tasks to queue
[2025-04-09T08:32:57.911+0000] {logging_mixin.py:190} INFO - [2025-04-09T08:32:57.910+0000] {dagbag.py:588} INFO - Filling up the DagBag from /opt/airflow/dags/driven_data_pipeline.py
[2025-04-09T08:32:58.577+0000] {processor.py:925} INFO - DAG(s) 'extract_raw_data_pipeline' retrieved from /opt/airflow/dags/driven_data_pipeline.py
[2025-04-09T08:32:58.612+0000] {logging_mixin.py:190} INFO - [2025-04-09T08:32:58.611+0000] {dag.py:3239} INFO - Sync 1 DAGs
[2025-04-09T08:32:58.654+0000] {logging_mixin.py:190} INFO - [2025-04-09T08:32:58.653+0000] {dag.py:4180} INFO - Setting next_dagrun for extract_raw_data_pipeline to 2025-04-09 07:59:00+00:00, run_after=2025-04-10 07:00:00+00:00
[2025-04-09T08:32:58.691+0000] {processor.py:208} INFO - Processing /opt/airflow/dags/driven_data_pipeline.py took 0.808 seconds
