[2025-04-08T14:48:24.529+0000] {processor.py:186} INFO - Started process (PID=31) to work on /opt/airflow/dags/driven_data_pipeline.py
[2025-04-08T14:48:24.531+0000] {processor.py:914} INFO - Processing file /opt/airflow/dags/driven_data_pipeline.py for tasks to queue
[2025-04-08T14:48:24.536+0000] {logging_mixin.py:190} INFO - [2025-04-08T14:48:24.535+0000] {dagbag.py:588} INFO - Filling up the DagBag from /opt/airflow/dags/driven_data_pipeline.py
[2025-04-08T14:48:24.579+0000] {logging_mixin.py:190} INFO - [2025-04-08T14:48:24.572+0000] {dagbag.py:387} ERROR - Failed to import: /opt/airflow/dags/driven_data_pipeline.py
Traceback (most recent call last):
  File "/home/airflow/.local/lib/python3.12/site-packages/airflow/models/dagbag.py", line 383, in parse
    loader.exec_module(new_module)
  File "<frozen importlib._bootstrap_external>", line 995, in exec_module
  File "<frozen importlib._bootstrap>", line 488, in _call_with_frames_removed
  File "/opt/airflow/dags/driven_data_pipeline.py", line 6, in <module>
    import polars as pl
ModuleNotFoundError: No module named 'polars'
[2025-04-08T14:48:24.581+0000] {processor.py:927} WARNING - No viable dags retrieved from /opt/airflow/dags/driven_data_pipeline.py
[2025-04-08T14:48:24.611+0000] {processor.py:208} INFO - Processing /opt/airflow/dags/driven_data_pipeline.py took 0.098 seconds
[2025-04-08T14:48:55.460+0000] {processor.py:186} INFO - Started process (PID=33) to work on /opt/airflow/dags/driven_data_pipeline.py
[2025-04-08T14:48:55.461+0000] {processor.py:914} INFO - Processing file /opt/airflow/dags/driven_data_pipeline.py for tasks to queue
[2025-04-08T14:48:55.465+0000] {logging_mixin.py:190} INFO - [2025-04-08T14:48:55.464+0000] {dagbag.py:588} INFO - Filling up the DagBag from /opt/airflow/dags/driven_data_pipeline.py
[2025-04-08T14:48:55.485+0000] {logging_mixin.py:190} INFO - [2025-04-08T14:48:55.480+0000] {dagbag.py:387} ERROR - Failed to import: /opt/airflow/dags/driven_data_pipeline.py
Traceback (most recent call last):
  File "/home/airflow/.local/lib/python3.12/site-packages/airflow/models/dagbag.py", line 383, in parse
    loader.exec_module(new_module)
  File "<frozen importlib._bootstrap_external>", line 995, in exec_module
  File "<frozen importlib._bootstrap>", line 488, in _call_with_frames_removed
  File "/opt/airflow/dags/driven_data_pipeline.py", line 6, in <module>
    import polars as pl
ModuleNotFoundError: No module named 'polars'
[2025-04-08T14:48:55.486+0000] {processor.py:927} WARNING - No viable dags retrieved from /opt/airflow/dags/driven_data_pipeline.py
[2025-04-08T14:48:55.509+0000] {processor.py:208} INFO - Processing /opt/airflow/dags/driven_data_pipeline.py took 0.056 seconds
[2025-04-08T14:49:26.447+0000] {processor.py:186} INFO - Started process (PID=35) to work on /opt/airflow/dags/driven_data_pipeline.py
[2025-04-08T14:49:26.449+0000] {processor.py:914} INFO - Processing file /opt/airflow/dags/driven_data_pipeline.py for tasks to queue
[2025-04-08T14:49:26.452+0000] {logging_mixin.py:190} INFO - [2025-04-08T14:49:26.452+0000] {dagbag.py:588} INFO - Filling up the DagBag from /opt/airflow/dags/driven_data_pipeline.py
[2025-04-08T14:49:26.471+0000] {logging_mixin.py:190} INFO - [2025-04-08T14:49:26.467+0000] {dagbag.py:387} ERROR - Failed to import: /opt/airflow/dags/driven_data_pipeline.py
Traceback (most recent call last):
  File "/home/airflow/.local/lib/python3.12/site-packages/airflow/models/dagbag.py", line 383, in parse
    loader.exec_module(new_module)
  File "<frozen importlib._bootstrap_external>", line 995, in exec_module
  File "<frozen importlib._bootstrap>", line 488, in _call_with_frames_removed
  File "/opt/airflow/dags/driven_data_pipeline.py", line 6, in <module>
    import polars as pl
ModuleNotFoundError: No module named 'polars'
[2025-04-08T14:49:26.472+0000] {processor.py:927} WARNING - No viable dags retrieved from /opt/airflow/dags/driven_data_pipeline.py
[2025-04-08T14:49:26.497+0000] {processor.py:208} INFO - Processing /opt/airflow/dags/driven_data_pipeline.py took 0.058 seconds
[2025-04-08T14:49:57.365+0000] {processor.py:186} INFO - Started process (PID=37) to work on /opt/airflow/dags/driven_data_pipeline.py
[2025-04-08T14:49:57.366+0000] {processor.py:914} INFO - Processing file /opt/airflow/dags/driven_data_pipeline.py for tasks to queue
[2025-04-08T14:49:57.369+0000] {logging_mixin.py:190} INFO - [2025-04-08T14:49:57.369+0000] {dagbag.py:588} INFO - Filling up the DagBag from /opt/airflow/dags/driven_data_pipeline.py
[2025-04-08T14:49:57.389+0000] {logging_mixin.py:190} INFO - [2025-04-08T14:49:57.385+0000] {dagbag.py:387} ERROR - Failed to import: /opt/airflow/dags/driven_data_pipeline.py
Traceback (most recent call last):
  File "/home/airflow/.local/lib/python3.12/site-packages/airflow/models/dagbag.py", line 383, in parse
    loader.exec_module(new_module)
  File "<frozen importlib._bootstrap_external>", line 995, in exec_module
  File "<frozen importlib._bootstrap>", line 488, in _call_with_frames_removed
  File "/opt/airflow/dags/driven_data_pipeline.py", line 6, in <module>
    import polars as pl
ModuleNotFoundError: No module named 'polars'
[2025-04-08T14:49:57.391+0000] {processor.py:927} WARNING - No viable dags retrieved from /opt/airflow/dags/driven_data_pipeline.py
[2025-04-08T14:49:57.415+0000] {processor.py:208} INFO - Processing /opt/airflow/dags/driven_data_pipeline.py took 0.057 seconds
[2025-04-08T14:50:28.226+0000] {processor.py:186} INFO - Started process (PID=39) to work on /opt/airflow/dags/driven_data_pipeline.py
[2025-04-08T14:50:28.227+0000] {processor.py:914} INFO - Processing file /opt/airflow/dags/driven_data_pipeline.py for tasks to queue
[2025-04-08T14:50:28.230+0000] {logging_mixin.py:190} INFO - [2025-04-08T14:50:28.230+0000] {dagbag.py:588} INFO - Filling up the DagBag from /opt/airflow/dags/driven_data_pipeline.py
[2025-04-08T14:50:28.249+0000] {logging_mixin.py:190} INFO - [2025-04-08T14:50:28.245+0000] {dagbag.py:387} ERROR - Failed to import: /opt/airflow/dags/driven_data_pipeline.py
Traceback (most recent call last):
  File "/home/airflow/.local/lib/python3.12/site-packages/airflow/models/dagbag.py", line 383, in parse
    loader.exec_module(new_module)
  File "<frozen importlib._bootstrap_external>", line 995, in exec_module
  File "<frozen importlib._bootstrap>", line 488, in _call_with_frames_removed
  File "/opt/airflow/dags/driven_data_pipeline.py", line 6, in <module>
    import polars as pl
ModuleNotFoundError: No module named 'polars'
[2025-04-08T14:50:28.250+0000] {processor.py:927} WARNING - No viable dags retrieved from /opt/airflow/dags/driven_data_pipeline.py
[2025-04-08T14:50:28.275+0000] {processor.py:208} INFO - Processing /opt/airflow/dags/driven_data_pipeline.py took 0.057 seconds
[2025-04-08T14:50:59.233+0000] {processor.py:186} INFO - Started process (PID=41) to work on /opt/airflow/dags/driven_data_pipeline.py
[2025-04-08T14:50:59.235+0000] {processor.py:914} INFO - Processing file /opt/airflow/dags/driven_data_pipeline.py for tasks to queue
[2025-04-08T14:50:59.238+0000] {logging_mixin.py:190} INFO - [2025-04-08T14:50:59.237+0000] {dagbag.py:588} INFO - Filling up the DagBag from /opt/airflow/dags/driven_data_pipeline.py
[2025-04-08T14:50:59.273+0000] {logging_mixin.py:190} INFO - [2025-04-08T14:50:59.265+0000] {dagbag.py:387} ERROR - Failed to import: /opt/airflow/dags/driven_data_pipeline.py
Traceback (most recent call last):
  File "/home/airflow/.local/lib/python3.12/site-packages/airflow/models/dagbag.py", line 383, in parse
    loader.exec_module(new_module)
  File "<frozen importlib._bootstrap_external>", line 995, in exec_module
  File "<frozen importlib._bootstrap>", line 488, in _call_with_frames_removed
  File "/opt/airflow/dags/driven_data_pipeline.py", line 6, in <module>
    import polars as pl
ModuleNotFoundError: No module named 'polars'
[2025-04-08T14:50:59.276+0000] {processor.py:927} WARNING - No viable dags retrieved from /opt/airflow/dags/driven_data_pipeline.py
[2025-04-08T14:50:59.297+0000] {processor.py:208} INFO - Processing /opt/airflow/dags/driven_data_pipeline.py took 0.070 seconds
[2025-04-08T14:51:30.126+0000] {processor.py:186} INFO - Started process (PID=43) to work on /opt/airflow/dags/driven_data_pipeline.py
[2025-04-08T14:51:30.127+0000] {processor.py:914} INFO - Processing file /opt/airflow/dags/driven_data_pipeline.py for tasks to queue
[2025-04-08T14:51:30.131+0000] {logging_mixin.py:190} INFO - [2025-04-08T14:51:30.131+0000] {dagbag.py:588} INFO - Filling up the DagBag from /opt/airflow/dags/driven_data_pipeline.py
[2025-04-08T14:51:30.149+0000] {logging_mixin.py:190} INFO - [2025-04-08T14:51:30.145+0000] {dagbag.py:387} ERROR - Failed to import: /opt/airflow/dags/driven_data_pipeline.py
Traceback (most recent call last):
  File "/home/airflow/.local/lib/python3.12/site-packages/airflow/models/dagbag.py", line 383, in parse
    loader.exec_module(new_module)
  File "<frozen importlib._bootstrap_external>", line 995, in exec_module
  File "<frozen importlib._bootstrap>", line 488, in _call_with_frames_removed
  File "/opt/airflow/dags/driven_data_pipeline.py", line 6, in <module>
    import polars as pl
ModuleNotFoundError: No module named 'polars'
[2025-04-08T14:51:30.150+0000] {processor.py:927} WARNING - No viable dags retrieved from /opt/airflow/dags/driven_data_pipeline.py
[2025-04-08T14:51:30.169+0000] {processor.py:208} INFO - Processing /opt/airflow/dags/driven_data_pipeline.py took 0.050 seconds
[2025-04-08T14:52:00.959+0000] {processor.py:186} INFO - Started process (PID=45) to work on /opt/airflow/dags/driven_data_pipeline.py
[2025-04-08T14:52:00.960+0000] {processor.py:914} INFO - Processing file /opt/airflow/dags/driven_data_pipeline.py for tasks to queue
[2025-04-08T14:52:00.964+0000] {logging_mixin.py:190} INFO - [2025-04-08T14:52:00.963+0000] {dagbag.py:588} INFO - Filling up the DagBag from /opt/airflow/dags/driven_data_pipeline.py
[2025-04-08T14:52:00.986+0000] {logging_mixin.py:190} INFO - [2025-04-08T14:52:00.982+0000] {dagbag.py:387} ERROR - Failed to import: /opt/airflow/dags/driven_data_pipeline.py
Traceback (most recent call last):
  File "/home/airflow/.local/lib/python3.12/site-packages/airflow/models/dagbag.py", line 383, in parse
    loader.exec_module(new_module)
  File "<frozen importlib._bootstrap_external>", line 995, in exec_module
  File "<frozen importlib._bootstrap>", line 488, in _call_with_frames_removed
  File "/opt/airflow/dags/driven_data_pipeline.py", line 6, in <module>
    import polars as pl
ModuleNotFoundError: No module named 'polars'
[2025-04-08T14:52:00.989+0000] {processor.py:927} WARNING - No viable dags retrieved from /opt/airflow/dags/driven_data_pipeline.py
[2025-04-08T14:52:01.010+0000] {processor.py:208} INFO - Processing /opt/airflow/dags/driven_data_pipeline.py took 0.059 seconds
[2025-04-08T14:52:31.749+0000] {processor.py:186} INFO - Started process (PID=47) to work on /opt/airflow/dags/driven_data_pipeline.py
[2025-04-08T14:52:31.750+0000] {processor.py:914} INFO - Processing file /opt/airflow/dags/driven_data_pipeline.py for tasks to queue
[2025-04-08T14:52:31.753+0000] {logging_mixin.py:190} INFO - [2025-04-08T14:52:31.752+0000] {dagbag.py:588} INFO - Filling up the DagBag from /opt/airflow/dags/driven_data_pipeline.py
[2025-04-08T14:52:31.772+0000] {logging_mixin.py:190} INFO - [2025-04-08T14:52:31.768+0000] {dagbag.py:387} ERROR - Failed to import: /opt/airflow/dags/driven_data_pipeline.py
Traceback (most recent call last):
  File "/home/airflow/.local/lib/python3.12/site-packages/airflow/models/dagbag.py", line 383, in parse
    loader.exec_module(new_module)
  File "<frozen importlib._bootstrap_external>", line 995, in exec_module
  File "<frozen importlib._bootstrap>", line 488, in _call_with_frames_removed
  File "/opt/airflow/dags/driven_data_pipeline.py", line 6, in <module>
    import polars as pl
ModuleNotFoundError: No module named 'polars'
[2025-04-08T14:52:31.773+0000] {processor.py:927} WARNING - No viable dags retrieved from /opt/airflow/dags/driven_data_pipeline.py
[2025-04-08T14:52:31.791+0000] {processor.py:208} INFO - Processing /opt/airflow/dags/driven_data_pipeline.py took 0.049 seconds
[2025-04-08T14:53:02.552+0000] {processor.py:186} INFO - Started process (PID=49) to work on /opt/airflow/dags/driven_data_pipeline.py
[2025-04-08T14:53:02.553+0000] {processor.py:914} INFO - Processing file /opt/airflow/dags/driven_data_pipeline.py for tasks to queue
[2025-04-08T14:53:02.555+0000] {logging_mixin.py:190} INFO - [2025-04-08T14:53:02.555+0000] {dagbag.py:588} INFO - Filling up the DagBag from /opt/airflow/dags/driven_data_pipeline.py
[2025-04-08T14:53:02.571+0000] {logging_mixin.py:190} INFO - [2025-04-08T14:53:02.568+0000] {dagbag.py:387} ERROR - Failed to import: /opt/airflow/dags/driven_data_pipeline.py
Traceback (most recent call last):
  File "/home/airflow/.local/lib/python3.12/site-packages/airflow/models/dagbag.py", line 383, in parse
    loader.exec_module(new_module)
  File "<frozen importlib._bootstrap_external>", line 995, in exec_module
  File "<frozen importlib._bootstrap>", line 488, in _call_with_frames_removed
  File "/opt/airflow/dags/driven_data_pipeline.py", line 6, in <module>
    import polars as pl
ModuleNotFoundError: No module named 'polars'
[2025-04-08T14:53:02.572+0000] {processor.py:927} WARNING - No viable dags retrieved from /opt/airflow/dags/driven_data_pipeline.py
[2025-04-08T14:53:02.587+0000] {processor.py:208} INFO - Processing /opt/airflow/dags/driven_data_pipeline.py took 0.041 seconds
[2025-04-08T14:53:33.533+0000] {processor.py:186} INFO - Started process (PID=51) to work on /opt/airflow/dags/driven_data_pipeline.py
[2025-04-08T14:53:33.534+0000] {processor.py:914} INFO - Processing file /opt/airflow/dags/driven_data_pipeline.py for tasks to queue
[2025-04-08T14:53:33.537+0000] {logging_mixin.py:190} INFO - [2025-04-08T14:53:33.536+0000] {dagbag.py:588} INFO - Filling up the DagBag from /opt/airflow/dags/driven_data_pipeline.py
[2025-04-08T14:53:33.552+0000] {logging_mixin.py:190} INFO - [2025-04-08T14:53:33.549+0000] {dagbag.py:387} ERROR - Failed to import: /opt/airflow/dags/driven_data_pipeline.py
Traceback (most recent call last):
  File "/home/airflow/.local/lib/python3.12/site-packages/airflow/models/dagbag.py", line 383, in parse
    loader.exec_module(new_module)
  File "<frozen importlib._bootstrap_external>", line 995, in exec_module
  File "<frozen importlib._bootstrap>", line 488, in _call_with_frames_removed
  File "/opt/airflow/dags/driven_data_pipeline.py", line 6, in <module>
    import polars as pl
ModuleNotFoundError: No module named 'polars'
[2025-04-08T14:53:33.553+0000] {processor.py:927} WARNING - No viable dags retrieved from /opt/airflow/dags/driven_data_pipeline.py
[2025-04-08T14:53:33.572+0000] {processor.py:208} INFO - Processing /opt/airflow/dags/driven_data_pipeline.py took 0.044 seconds
[2025-04-08T14:54:04.235+0000] {processor.py:186} INFO - Started process (PID=53) to work on /opt/airflow/dags/driven_data_pipeline.py
[2025-04-08T14:54:04.236+0000] {processor.py:914} INFO - Processing file /opt/airflow/dags/driven_data_pipeline.py for tasks to queue
[2025-04-08T14:54:04.239+0000] {logging_mixin.py:190} INFO - [2025-04-08T14:54:04.238+0000] {dagbag.py:588} INFO - Filling up the DagBag from /opt/airflow/dags/driven_data_pipeline.py
[2025-04-08T14:54:04.257+0000] {logging_mixin.py:190} INFO - [2025-04-08T14:54:04.254+0000] {dagbag.py:387} ERROR - Failed to import: /opt/airflow/dags/driven_data_pipeline.py
Traceback (most recent call last):
  File "/home/airflow/.local/lib/python3.12/site-packages/airflow/models/dagbag.py", line 383, in parse
    loader.exec_module(new_module)
  File "<frozen importlib._bootstrap_external>", line 995, in exec_module
  File "<frozen importlib._bootstrap>", line 488, in _call_with_frames_removed
  File "/opt/airflow/dags/driven_data_pipeline.py", line 6, in <module>
    import polars as pl
ModuleNotFoundError: No module named 'polars'
[2025-04-08T14:54:04.258+0000] {processor.py:927} WARNING - No viable dags retrieved from /opt/airflow/dags/driven_data_pipeline.py
[2025-04-08T14:54:04.275+0000] {processor.py:208} INFO - Processing /opt/airflow/dags/driven_data_pipeline.py took 0.046 seconds
[2025-04-08T14:54:34.938+0000] {processor.py:186} INFO - Started process (PID=55) to work on /opt/airflow/dags/driven_data_pipeline.py
[2025-04-08T14:54:34.939+0000] {processor.py:914} INFO - Processing file /opt/airflow/dags/driven_data_pipeline.py for tasks to queue
[2025-04-08T14:54:34.941+0000] {logging_mixin.py:190} INFO - [2025-04-08T14:54:34.941+0000] {dagbag.py:588} INFO - Filling up the DagBag from /opt/airflow/dags/driven_data_pipeline.py
[2025-04-08T14:54:34.957+0000] {logging_mixin.py:190} INFO - [2025-04-08T14:54:34.954+0000] {dagbag.py:387} ERROR - Failed to import: /opt/airflow/dags/driven_data_pipeline.py
Traceback (most recent call last):
  File "/home/airflow/.local/lib/python3.12/site-packages/airflow/models/dagbag.py", line 383, in parse
    loader.exec_module(new_module)
  File "<frozen importlib._bootstrap_external>", line 995, in exec_module
  File "<frozen importlib._bootstrap>", line 488, in _call_with_frames_removed
  File "/opt/airflow/dags/driven_data_pipeline.py", line 6, in <module>
    import polars as pl
ModuleNotFoundError: No module named 'polars'
[2025-04-08T14:54:34.958+0000] {processor.py:927} WARNING - No viable dags retrieved from /opt/airflow/dags/driven_data_pipeline.py
[2025-04-08T14:54:34.980+0000] {processor.py:208} INFO - Processing /opt/airflow/dags/driven_data_pipeline.py took 0.048 seconds
[2025-04-08T14:55:05.657+0000] {processor.py:186} INFO - Started process (PID=57) to work on /opt/airflow/dags/driven_data_pipeline.py
[2025-04-08T14:55:05.658+0000] {processor.py:914} INFO - Processing file /opt/airflow/dags/driven_data_pipeline.py for tasks to queue
[2025-04-08T14:55:05.660+0000] {logging_mixin.py:190} INFO - [2025-04-08T14:55:05.659+0000] {dagbag.py:588} INFO - Filling up the DagBag from /opt/airflow/dags/driven_data_pipeline.py
[2025-04-08T14:55:05.675+0000] {logging_mixin.py:190} INFO - [2025-04-08T14:55:05.672+0000] {dagbag.py:387} ERROR - Failed to import: /opt/airflow/dags/driven_data_pipeline.py
Traceback (most recent call last):
  File "/home/airflow/.local/lib/python3.12/site-packages/airflow/models/dagbag.py", line 383, in parse
    loader.exec_module(new_module)
  File "<frozen importlib._bootstrap_external>", line 995, in exec_module
  File "<frozen importlib._bootstrap>", line 488, in _call_with_frames_removed
  File "/opt/airflow/dags/driven_data_pipeline.py", line 6, in <module>
    import polars as pl
ModuleNotFoundError: No module named 'polars'
[2025-04-08T14:55:05.676+0000] {processor.py:927} WARNING - No viable dags retrieved from /opt/airflow/dags/driven_data_pipeline.py
[2025-04-08T14:55:05.700+0000] {processor.py:208} INFO - Processing /opt/airflow/dags/driven_data_pipeline.py took 0.049 seconds
[2025-04-08T14:55:36.386+0000] {processor.py:186} INFO - Started process (PID=59) to work on /opt/airflow/dags/driven_data_pipeline.py
[2025-04-08T14:55:36.388+0000] {processor.py:914} INFO - Processing file /opt/airflow/dags/driven_data_pipeline.py for tasks to queue
[2025-04-08T14:55:36.391+0000] {logging_mixin.py:190} INFO - [2025-04-08T14:55:36.390+0000] {dagbag.py:588} INFO - Filling up the DagBag from /opt/airflow/dags/driven_data_pipeline.py
[2025-04-08T14:55:36.415+0000] {logging_mixin.py:190} INFO - [2025-04-08T14:55:36.411+0000] {dagbag.py:387} ERROR - Failed to import: /opt/airflow/dags/driven_data_pipeline.py
Traceback (most recent call last):
  File "/home/airflow/.local/lib/python3.12/site-packages/airflow/models/dagbag.py", line 383, in parse
    loader.exec_module(new_module)
  File "<frozen importlib._bootstrap_external>", line 995, in exec_module
  File "<frozen importlib._bootstrap>", line 488, in _call_with_frames_removed
  File "/opt/airflow/dags/driven_data_pipeline.py", line 6, in <module>
    import polars as pl
ModuleNotFoundError: No module named 'polars'
[2025-04-08T14:55:36.416+0000] {processor.py:927} WARNING - No viable dags retrieved from /opt/airflow/dags/driven_data_pipeline.py
[2025-04-08T14:55:36.434+0000] {processor.py:208} INFO - Processing /opt/airflow/dags/driven_data_pipeline.py took 0.055 seconds
[2025-04-08T14:56:07.148+0000] {processor.py:186} INFO - Started process (PID=61) to work on /opt/airflow/dags/driven_data_pipeline.py
[2025-04-08T14:56:07.149+0000] {processor.py:914} INFO - Processing file /opt/airflow/dags/driven_data_pipeline.py for tasks to queue
[2025-04-08T14:56:07.152+0000] {logging_mixin.py:190} INFO - [2025-04-08T14:56:07.151+0000] {dagbag.py:588} INFO - Filling up the DagBag from /opt/airflow/dags/driven_data_pipeline.py
[2025-04-08T14:56:07.169+0000] {logging_mixin.py:190} INFO - [2025-04-08T14:56:07.166+0000] {dagbag.py:387} ERROR - Failed to import: /opt/airflow/dags/driven_data_pipeline.py
Traceback (most recent call last):
  File "/home/airflow/.local/lib/python3.12/site-packages/airflow/models/dagbag.py", line 383, in parse
    loader.exec_module(new_module)
  File "<frozen importlib._bootstrap_external>", line 995, in exec_module
  File "<frozen importlib._bootstrap>", line 488, in _call_with_frames_removed
  File "/opt/airflow/dags/driven_data_pipeline.py", line 6, in <module>
    import polars as pl
ModuleNotFoundError: No module named 'polars'
[2025-04-08T14:56:07.170+0000] {processor.py:927} WARNING - No viable dags retrieved from /opt/airflow/dags/driven_data_pipeline.py
[2025-04-08T14:56:07.193+0000] {processor.py:208} INFO - Processing /opt/airflow/dags/driven_data_pipeline.py took 0.050 seconds
[2025-04-08T14:56:37.963+0000] {processor.py:186} INFO - Started process (PID=63) to work on /opt/airflow/dags/driven_data_pipeline.py
[2025-04-08T14:56:37.965+0000] {processor.py:914} INFO - Processing file /opt/airflow/dags/driven_data_pipeline.py for tasks to queue
[2025-04-08T14:56:37.967+0000] {logging_mixin.py:190} INFO - [2025-04-08T14:56:37.967+0000] {dagbag.py:588} INFO - Filling up the DagBag from /opt/airflow/dags/driven_data_pipeline.py
[2025-04-08T14:56:37.987+0000] {logging_mixin.py:190} INFO - [2025-04-08T14:56:37.983+0000] {dagbag.py:387} ERROR - Failed to import: /opt/airflow/dags/driven_data_pipeline.py
Traceback (most recent call last):
  File "/home/airflow/.local/lib/python3.12/site-packages/airflow/models/dagbag.py", line 383, in parse
    loader.exec_module(new_module)
  File "<frozen importlib._bootstrap_external>", line 995, in exec_module
  File "<frozen importlib._bootstrap>", line 488, in _call_with_frames_removed
  File "/opt/airflow/dags/driven_data_pipeline.py", line 6, in <module>
    import polars as pl
ModuleNotFoundError: No module named 'polars'
[2025-04-08T14:56:37.988+0000] {processor.py:927} WARNING - No viable dags retrieved from /opt/airflow/dags/driven_data_pipeline.py
[2025-04-08T14:56:38.004+0000] {processor.py:208} INFO - Processing /opt/airflow/dags/driven_data_pipeline.py took 0.046 seconds
[2025-04-08T14:57:08.777+0000] {processor.py:186} INFO - Started process (PID=65) to work on /opt/airflow/dags/driven_data_pipeline.py
[2025-04-08T14:57:08.778+0000] {processor.py:914} INFO - Processing file /opt/airflow/dags/driven_data_pipeline.py for tasks to queue
[2025-04-08T14:57:08.780+0000] {logging_mixin.py:190} INFO - [2025-04-08T14:57:08.780+0000] {dagbag.py:588} INFO - Filling up the DagBag from /opt/airflow/dags/driven_data_pipeline.py
[2025-04-08T14:57:08.795+0000] {logging_mixin.py:190} INFO - [2025-04-08T14:57:08.792+0000] {dagbag.py:387} ERROR - Failed to import: /opt/airflow/dags/driven_data_pipeline.py
Traceback (most recent call last):
  File "/home/airflow/.local/lib/python3.12/site-packages/airflow/models/dagbag.py", line 383, in parse
    loader.exec_module(new_module)
  File "<frozen importlib._bootstrap_external>", line 995, in exec_module
  File "<frozen importlib._bootstrap>", line 488, in _call_with_frames_removed
  File "/opt/airflow/dags/driven_data_pipeline.py", line 6, in <module>
    import polars as pl
ModuleNotFoundError: No module named 'polars'
[2025-04-08T14:57:08.796+0000] {processor.py:927} WARNING - No viable dags retrieved from /opt/airflow/dags/driven_data_pipeline.py
[2025-04-08T14:57:08.814+0000] {processor.py:208} INFO - Processing /opt/airflow/dags/driven_data_pipeline.py took 0.041 seconds
[2025-04-08T14:57:39.536+0000] {processor.py:186} INFO - Started process (PID=67) to work on /opt/airflow/dags/driven_data_pipeline.py
[2025-04-08T14:57:39.537+0000] {processor.py:914} INFO - Processing file /opt/airflow/dags/driven_data_pipeline.py for tasks to queue
[2025-04-08T14:57:39.539+0000] {logging_mixin.py:190} INFO - [2025-04-08T14:57:39.539+0000] {dagbag.py:588} INFO - Filling up the DagBag from /opt/airflow/dags/driven_data_pipeline.py
[2025-04-08T14:57:39.557+0000] {logging_mixin.py:190} INFO - [2025-04-08T14:57:39.554+0000] {dagbag.py:387} ERROR - Failed to import: /opt/airflow/dags/driven_data_pipeline.py
Traceback (most recent call last):
  File "/home/airflow/.local/lib/python3.12/site-packages/airflow/models/dagbag.py", line 383, in parse
    loader.exec_module(new_module)
  File "<frozen importlib._bootstrap_external>", line 995, in exec_module
  File "<frozen importlib._bootstrap>", line 488, in _call_with_frames_removed
  File "/opt/airflow/dags/driven_data_pipeline.py", line 6, in <module>
    import polars as pl
ModuleNotFoundError: No module named 'polars'
[2025-04-08T14:57:39.558+0000] {processor.py:927} WARNING - No viable dags retrieved from /opt/airflow/dags/driven_data_pipeline.py
[2025-04-08T14:57:39.575+0000] {processor.py:208} INFO - Processing /opt/airflow/dags/driven_data_pipeline.py took 0.044 seconds
[2025-04-08T14:58:10.239+0000] {processor.py:186} INFO - Started process (PID=69) to work on /opt/airflow/dags/driven_data_pipeline.py
[2025-04-08T14:58:10.240+0000] {processor.py:914} INFO - Processing file /opt/airflow/dags/driven_data_pipeline.py for tasks to queue
[2025-04-08T14:58:10.242+0000] {logging_mixin.py:190} INFO - [2025-04-08T14:58:10.242+0000] {dagbag.py:588} INFO - Filling up the DagBag from /opt/airflow/dags/driven_data_pipeline.py
[2025-04-08T14:58:10.259+0000] {logging_mixin.py:190} INFO - [2025-04-08T14:58:10.256+0000] {dagbag.py:387} ERROR - Failed to import: /opt/airflow/dags/driven_data_pipeline.py
Traceback (most recent call last):
  File "/home/airflow/.local/lib/python3.12/site-packages/airflow/models/dagbag.py", line 383, in parse
    loader.exec_module(new_module)
  File "<frozen importlib._bootstrap_external>", line 995, in exec_module
  File "<frozen importlib._bootstrap>", line 488, in _call_with_frames_removed
  File "/opt/airflow/dags/driven_data_pipeline.py", line 6, in <module>
    import polars as pl
ModuleNotFoundError: No module named 'polars'
[2025-04-08T14:58:10.260+0000] {processor.py:927} WARNING - No viable dags retrieved from /opt/airflow/dags/driven_data_pipeline.py
[2025-04-08T14:58:10.278+0000] {processor.py:208} INFO - Processing /opt/airflow/dags/driven_data_pipeline.py took 0.045 seconds
[2025-04-08T14:58:41.070+0000] {processor.py:186} INFO - Started process (PID=71) to work on /opt/airflow/dags/driven_data_pipeline.py
[2025-04-08T14:58:41.072+0000] {processor.py:914} INFO - Processing file /opt/airflow/dags/driven_data_pipeline.py for tasks to queue
[2025-04-08T14:58:41.075+0000] {logging_mixin.py:190} INFO - [2025-04-08T14:58:41.075+0000] {dagbag.py:588} INFO - Filling up the DagBag from /opt/airflow/dags/driven_data_pipeline.py
[2025-04-08T14:58:41.095+0000] {logging_mixin.py:190} INFO - [2025-04-08T14:58:41.091+0000] {dagbag.py:387} ERROR - Failed to import: /opt/airflow/dags/driven_data_pipeline.py
Traceback (most recent call last):
  File "/home/airflow/.local/lib/python3.12/site-packages/airflow/models/dagbag.py", line 383, in parse
    loader.exec_module(new_module)
  File "<frozen importlib._bootstrap_external>", line 995, in exec_module
  File "<frozen importlib._bootstrap>", line 488, in _call_with_frames_removed
  File "/opt/airflow/dags/driven_data_pipeline.py", line 6, in <module>
    import polars as pl
ModuleNotFoundError: No module named 'polars'
[2025-04-08T14:58:41.096+0000] {processor.py:927} WARNING - No viable dags retrieved from /opt/airflow/dags/driven_data_pipeline.py
[2025-04-08T14:58:41.114+0000] {processor.py:208} INFO - Processing /opt/airflow/dags/driven_data_pipeline.py took 0.051 seconds
[2025-04-08T14:59:11.827+0000] {processor.py:186} INFO - Started process (PID=73) to work on /opt/airflow/dags/driven_data_pipeline.py
[2025-04-08T14:59:11.828+0000] {processor.py:914} INFO - Processing file /opt/airflow/dags/driven_data_pipeline.py for tasks to queue
[2025-04-08T14:59:11.830+0000] {logging_mixin.py:190} INFO - [2025-04-08T14:59:11.830+0000] {dagbag.py:588} INFO - Filling up the DagBag from /opt/airflow/dags/driven_data_pipeline.py
[2025-04-08T14:59:11.846+0000] {logging_mixin.py:190} INFO - [2025-04-08T14:59:11.843+0000] {dagbag.py:387} ERROR - Failed to import: /opt/airflow/dags/driven_data_pipeline.py
Traceback (most recent call last):
  File "/home/airflow/.local/lib/python3.12/site-packages/airflow/models/dagbag.py", line 383, in parse
    loader.exec_module(new_module)
  File "<frozen importlib._bootstrap_external>", line 995, in exec_module
  File "<frozen importlib._bootstrap>", line 488, in _call_with_frames_removed
  File "/opt/airflow/dags/driven_data_pipeline.py", line 6, in <module>
    import polars as pl
ModuleNotFoundError: No module named 'polars'
[2025-04-08T14:59:11.847+0000] {processor.py:927} WARNING - No viable dags retrieved from /opt/airflow/dags/driven_data_pipeline.py
[2025-04-08T14:59:11.865+0000] {processor.py:208} INFO - Processing /opt/airflow/dags/driven_data_pipeline.py took 0.043 seconds
[2025-04-08T14:59:42.525+0000] {processor.py:186} INFO - Started process (PID=75) to work on /opt/airflow/dags/driven_data_pipeline.py
[2025-04-08T14:59:42.526+0000] {processor.py:914} INFO - Processing file /opt/airflow/dags/driven_data_pipeline.py for tasks to queue
[2025-04-08T14:59:42.529+0000] {logging_mixin.py:190} INFO - [2025-04-08T14:59:42.528+0000] {dagbag.py:588} INFO - Filling up the DagBag from /opt/airflow/dags/driven_data_pipeline.py
[2025-04-08T14:59:42.545+0000] {logging_mixin.py:190} INFO - [2025-04-08T14:59:42.542+0000] {dagbag.py:387} ERROR - Failed to import: /opt/airflow/dags/driven_data_pipeline.py
Traceback (most recent call last):
  File "/home/airflow/.local/lib/python3.12/site-packages/airflow/models/dagbag.py", line 383, in parse
    loader.exec_module(new_module)
  File "<frozen importlib._bootstrap_external>", line 995, in exec_module
  File "<frozen importlib._bootstrap>", line 488, in _call_with_frames_removed
  File "/opt/airflow/dags/driven_data_pipeline.py", line 6, in <module>
    import polars as pl
ModuleNotFoundError: No module named 'polars'
[2025-04-08T14:59:42.546+0000] {processor.py:927} WARNING - No viable dags retrieved from /opt/airflow/dags/driven_data_pipeline.py
[2025-04-08T14:59:42.565+0000] {processor.py:208} INFO - Processing /opt/airflow/dags/driven_data_pipeline.py took 0.045 seconds
[2025-04-08T15:00:13.314+0000] {processor.py:186} INFO - Started process (PID=77) to work on /opt/airflow/dags/driven_data_pipeline.py
[2025-04-08T15:00:13.315+0000] {processor.py:914} INFO - Processing file /opt/airflow/dags/driven_data_pipeline.py for tasks to queue
[2025-04-08T15:00:13.318+0000] {logging_mixin.py:190} INFO - [2025-04-08T15:00:13.317+0000] {dagbag.py:588} INFO - Filling up the DagBag from /opt/airflow/dags/driven_data_pipeline.py
[2025-04-08T15:00:13.331+0000] {logging_mixin.py:190} INFO - [2025-04-08T15:00:13.328+0000] {dagbag.py:387} ERROR - Failed to import: /opt/airflow/dags/driven_data_pipeline.py
Traceback (most recent call last):
  File "/home/airflow/.local/lib/python3.12/site-packages/airflow/models/dagbag.py", line 383, in parse
    loader.exec_module(new_module)
  File "<frozen importlib._bootstrap_external>", line 995, in exec_module
  File "<frozen importlib._bootstrap>", line 488, in _call_with_frames_removed
  File "/opt/airflow/dags/driven_data_pipeline.py", line 6, in <module>
    import polars as pl
ModuleNotFoundError: No module named 'polars'
[2025-04-08T15:00:13.332+0000] {processor.py:927} WARNING - No viable dags retrieved from /opt/airflow/dags/driven_data_pipeline.py
[2025-04-08T15:00:13.347+0000] {processor.py:208} INFO - Processing /opt/airflow/dags/driven_data_pipeline.py took 0.037 seconds
[2025-04-08T15:00:44.189+0000] {processor.py:186} INFO - Started process (PID=79) to work on /opt/airflow/dags/driven_data_pipeline.py
[2025-04-08T15:00:44.190+0000] {processor.py:914} INFO - Processing file /opt/airflow/dags/driven_data_pipeline.py for tasks to queue
[2025-04-08T15:00:44.192+0000] {logging_mixin.py:190} INFO - [2025-04-08T15:00:44.192+0000] {dagbag.py:588} INFO - Filling up the DagBag from /opt/airflow/dags/driven_data_pipeline.py
[2025-04-08T15:00:44.209+0000] {logging_mixin.py:190} INFO - [2025-04-08T15:00:44.206+0000] {dagbag.py:387} ERROR - Failed to import: /opt/airflow/dags/driven_data_pipeline.py
Traceback (most recent call last):
  File "/home/airflow/.local/lib/python3.12/site-packages/airflow/models/dagbag.py", line 383, in parse
    loader.exec_module(new_module)
  File "<frozen importlib._bootstrap_external>", line 995, in exec_module
  File "<frozen importlib._bootstrap>", line 488, in _call_with_frames_removed
  File "/opt/airflow/dags/driven_data_pipeline.py", line 6, in <module>
    import polars as pl
ModuleNotFoundError: No module named 'polars'
[2025-04-08T15:00:44.210+0000] {processor.py:927} WARNING - No viable dags retrieved from /opt/airflow/dags/driven_data_pipeline.py
[2025-04-08T15:00:44.229+0000] {processor.py:208} INFO - Processing /opt/airflow/dags/driven_data_pipeline.py took 0.045 seconds
[2025-04-08T15:01:15.226+0000] {processor.py:186} INFO - Started process (PID=81) to work on /opt/airflow/dags/driven_data_pipeline.py
[2025-04-08T15:01:15.228+0000] {processor.py:914} INFO - Processing file /opt/airflow/dags/driven_data_pipeline.py for tasks to queue
[2025-04-08T15:01:15.230+0000] {logging_mixin.py:190} INFO - [2025-04-08T15:01:15.230+0000] {dagbag.py:588} INFO - Filling up the DagBag from /opt/airflow/dags/driven_data_pipeline.py
[2025-04-08T15:01:15.246+0000] {logging_mixin.py:190} INFO - [2025-04-08T15:01:15.242+0000] {dagbag.py:387} ERROR - Failed to import: /opt/airflow/dags/driven_data_pipeline.py
Traceback (most recent call last):
  File "/home/airflow/.local/lib/python3.12/site-packages/airflow/models/dagbag.py", line 383, in parse
    loader.exec_module(new_module)
  File "<frozen importlib._bootstrap_external>", line 995, in exec_module
  File "<frozen importlib._bootstrap>", line 488, in _call_with_frames_removed
  File "/opt/airflow/dags/driven_data_pipeline.py", line 6, in <module>
    import polars as pl
ModuleNotFoundError: No module named 'polars'
[2025-04-08T15:01:15.247+0000] {processor.py:927} WARNING - No viable dags retrieved from /opt/airflow/dags/driven_data_pipeline.py
[2025-04-08T15:01:15.262+0000] {processor.py:208} INFO - Processing /opt/airflow/dags/driven_data_pipeline.py took 0.042 seconds
[2025-04-08T15:01:45.970+0000] {processor.py:186} INFO - Started process (PID=83) to work on /opt/airflow/dags/driven_data_pipeline.py
[2025-04-08T15:01:45.972+0000] {processor.py:914} INFO - Processing file /opt/airflow/dags/driven_data_pipeline.py for tasks to queue
[2025-04-08T15:01:45.976+0000] {logging_mixin.py:190} INFO - [2025-04-08T15:01:45.975+0000] {dagbag.py:588} INFO - Filling up the DagBag from /opt/airflow/dags/driven_data_pipeline.py
[2025-04-08T15:01:45.996+0000] {logging_mixin.py:190} INFO - [2025-04-08T15:01:45.992+0000] {dagbag.py:387} ERROR - Failed to import: /opt/airflow/dags/driven_data_pipeline.py
Traceback (most recent call last):
  File "/home/airflow/.local/lib/python3.12/site-packages/airflow/models/dagbag.py", line 383, in parse
    loader.exec_module(new_module)
  File "<frozen importlib._bootstrap_external>", line 995, in exec_module
  File "<frozen importlib._bootstrap>", line 488, in _call_with_frames_removed
  File "/opt/airflow/dags/driven_data_pipeline.py", line 6, in <module>
    import polars as pl
ModuleNotFoundError: No module named 'polars'
[2025-04-08T15:01:45.997+0000] {processor.py:927} WARNING - No viable dags retrieved from /opt/airflow/dags/driven_data_pipeline.py
[2025-04-08T15:01:46.023+0000] {processor.py:208} INFO - Processing /opt/airflow/dags/driven_data_pipeline.py took 0.058 seconds
[2025-04-08T15:02:16.612+0000] {processor.py:186} INFO - Started process (PID=85) to work on /opt/airflow/dags/driven_data_pipeline.py
[2025-04-08T15:02:16.613+0000] {processor.py:914} INFO - Processing file /opt/airflow/dags/driven_data_pipeline.py for tasks to queue
[2025-04-08T15:02:16.616+0000] {logging_mixin.py:190} INFO - [2025-04-08T15:02:16.615+0000] {dagbag.py:588} INFO - Filling up the DagBag from /opt/airflow/dags/driven_data_pipeline.py
[2025-04-08T15:02:16.633+0000] {logging_mixin.py:190} INFO - [2025-04-08T15:02:16.629+0000] {dagbag.py:387} ERROR - Failed to import: /opt/airflow/dags/driven_data_pipeline.py
Traceback (most recent call last):
  File "/home/airflow/.local/lib/python3.12/site-packages/airflow/models/dagbag.py", line 383, in parse
    loader.exec_module(new_module)
  File "<frozen importlib._bootstrap_external>", line 995, in exec_module
  File "<frozen importlib._bootstrap>", line 488, in _call_with_frames_removed
  File "/opt/airflow/dags/driven_data_pipeline.py", line 6, in <module>
    import polars as pl
ModuleNotFoundError: No module named 'polars'
[2025-04-08T15:02:16.635+0000] {processor.py:927} WARNING - No viable dags retrieved from /opt/airflow/dags/driven_data_pipeline.py
[2025-04-08T15:02:16.653+0000] {processor.py:208} INFO - Processing /opt/airflow/dags/driven_data_pipeline.py took 0.047 seconds
[2025-04-08T15:02:47.335+0000] {processor.py:186} INFO - Started process (PID=87) to work on /opt/airflow/dags/driven_data_pipeline.py
[2025-04-08T15:02:47.336+0000] {processor.py:914} INFO - Processing file /opt/airflow/dags/driven_data_pipeline.py for tasks to queue
[2025-04-08T15:02:47.339+0000] {logging_mixin.py:190} INFO - [2025-04-08T15:02:47.338+0000] {dagbag.py:588} INFO - Filling up the DagBag from /opt/airflow/dags/driven_data_pipeline.py
[2025-04-08T15:02:47.356+0000] {logging_mixin.py:190} INFO - [2025-04-08T15:02:47.353+0000] {dagbag.py:387} ERROR - Failed to import: /opt/airflow/dags/driven_data_pipeline.py
Traceback (most recent call last):
  File "/home/airflow/.local/lib/python3.12/site-packages/airflow/models/dagbag.py", line 383, in parse
    loader.exec_module(new_module)
  File "<frozen importlib._bootstrap_external>", line 995, in exec_module
  File "<frozen importlib._bootstrap>", line 488, in _call_with_frames_removed
  File "/opt/airflow/dags/driven_data_pipeline.py", line 6, in <module>
    import polars as pl
ModuleNotFoundError: No module named 'polars'
[2025-04-08T15:02:47.357+0000] {processor.py:927} WARNING - No viable dags retrieved from /opt/airflow/dags/driven_data_pipeline.py
[2025-04-08T15:02:47.380+0000] {processor.py:208} INFO - Processing /opt/airflow/dags/driven_data_pipeline.py took 0.052 seconds
[2025-04-08T15:03:18.054+0000] {processor.py:186} INFO - Started process (PID=89) to work on /opt/airflow/dags/driven_data_pipeline.py
[2025-04-08T15:03:18.055+0000] {processor.py:914} INFO - Processing file /opt/airflow/dags/driven_data_pipeline.py for tasks to queue
[2025-04-08T15:03:18.057+0000] {logging_mixin.py:190} INFO - [2025-04-08T15:03:18.057+0000] {dagbag.py:588} INFO - Filling up the DagBag from /opt/airflow/dags/driven_data_pipeline.py
[2025-04-08T15:03:18.072+0000] {logging_mixin.py:190} INFO - [2025-04-08T15:03:18.069+0000] {dagbag.py:387} ERROR - Failed to import: /opt/airflow/dags/driven_data_pipeline.py
Traceback (most recent call last):
  File "/home/airflow/.local/lib/python3.12/site-packages/airflow/models/dagbag.py", line 383, in parse
    loader.exec_module(new_module)
  File "<frozen importlib._bootstrap_external>", line 995, in exec_module
  File "<frozen importlib._bootstrap>", line 488, in _call_with_frames_removed
  File "/opt/airflow/dags/driven_data_pipeline.py", line 6, in <module>
    import polars as pl
ModuleNotFoundError: No module named 'polars'
[2025-04-08T15:03:18.073+0000] {processor.py:927} WARNING - No viable dags retrieved from /opt/airflow/dags/driven_data_pipeline.py
[2025-04-08T15:03:18.095+0000] {processor.py:208} INFO - Processing /opt/airflow/dags/driven_data_pipeline.py took 0.046 seconds
[2025-04-08T15:03:48.805+0000] {processor.py:186} INFO - Started process (PID=91) to work on /opt/airflow/dags/driven_data_pipeline.py
[2025-04-08T15:03:48.806+0000] {processor.py:914} INFO - Processing file /opt/airflow/dags/driven_data_pipeline.py for tasks to queue
[2025-04-08T15:03:48.809+0000] {logging_mixin.py:190} INFO - [2025-04-08T15:03:48.808+0000] {dagbag.py:588} INFO - Filling up the DagBag from /opt/airflow/dags/driven_data_pipeline.py
[2025-04-08T15:03:48.826+0000] {logging_mixin.py:190} INFO - [2025-04-08T15:03:48.822+0000] {dagbag.py:387} ERROR - Failed to import: /opt/airflow/dags/driven_data_pipeline.py
Traceback (most recent call last):
  File "/home/airflow/.local/lib/python3.12/site-packages/airflow/models/dagbag.py", line 383, in parse
    loader.exec_module(new_module)
  File "<frozen importlib._bootstrap_external>", line 995, in exec_module
  File "<frozen importlib._bootstrap>", line 488, in _call_with_frames_removed
  File "/opt/airflow/dags/driven_data_pipeline.py", line 6, in <module>
    import polars as pl
ModuleNotFoundError: No module named 'polars'
[2025-04-08T15:03:48.827+0000] {processor.py:927} WARNING - No viable dags retrieved from /opt/airflow/dags/driven_data_pipeline.py
[2025-04-08T15:03:48.846+0000] {processor.py:208} INFO - Processing /opt/airflow/dags/driven_data_pipeline.py took 0.046 seconds
[2025-04-08T15:04:19.556+0000] {processor.py:186} INFO - Started process (PID=93) to work on /opt/airflow/dags/driven_data_pipeline.py
[2025-04-08T15:04:19.557+0000] {processor.py:914} INFO - Processing file /opt/airflow/dags/driven_data_pipeline.py for tasks to queue
[2025-04-08T15:04:19.560+0000] {logging_mixin.py:190} INFO - [2025-04-08T15:04:19.559+0000] {dagbag.py:588} INFO - Filling up the DagBag from /opt/airflow/dags/driven_data_pipeline.py
[2025-04-08T15:04:19.577+0000] {logging_mixin.py:190} INFO - [2025-04-08T15:04:19.574+0000] {dagbag.py:387} ERROR - Failed to import: /opt/airflow/dags/driven_data_pipeline.py
Traceback (most recent call last):
  File "/home/airflow/.local/lib/python3.12/site-packages/airflow/models/dagbag.py", line 383, in parse
    loader.exec_module(new_module)
  File "<frozen importlib._bootstrap_external>", line 995, in exec_module
  File "<frozen importlib._bootstrap>", line 488, in _call_with_frames_removed
  File "/opt/airflow/dags/driven_data_pipeline.py", line 6, in <module>
    import polars as pl
ModuleNotFoundError: No module named 'polars'
[2025-04-08T15:04:19.578+0000] {processor.py:927} WARNING - No viable dags retrieved from /opt/airflow/dags/driven_data_pipeline.py
[2025-04-08T15:04:19.601+0000] {processor.py:208} INFO - Processing /opt/airflow/dags/driven_data_pipeline.py took 0.051 seconds
[2025-04-08T15:04:49.950+0000] {processor.py:186} INFO - Started process (PID=95) to work on /opt/airflow/dags/driven_data_pipeline.py
[2025-04-08T15:04:49.951+0000] {processor.py:914} INFO - Processing file /opt/airflow/dags/driven_data_pipeline.py for tasks to queue
[2025-04-08T15:04:49.955+0000] {logging_mixin.py:190} INFO - [2025-04-08T15:04:49.955+0000] {dagbag.py:588} INFO - Filling up the DagBag from /opt/airflow/dags/driven_data_pipeline.py
[2025-04-08T15:04:49.974+0000] {logging_mixin.py:190} INFO - [2025-04-08T15:04:49.971+0000] {dagbag.py:387} ERROR - Failed to import: /opt/airflow/dags/driven_data_pipeline.py
Traceback (most recent call last):
  File "/home/airflow/.local/lib/python3.12/site-packages/airflow/models/dagbag.py", line 383, in parse
    loader.exec_module(new_module)
  File "<frozen importlib._bootstrap_external>", line 995, in exec_module
  File "<frozen importlib._bootstrap>", line 488, in _call_with_frames_removed
  File "/opt/airflow/dags/driven_data_pipeline.py", line 6, in <module>
    import polars as pl
ModuleNotFoundError: No module named 'polars'
[2025-04-08T15:04:49.975+0000] {processor.py:927} WARNING - No viable dags retrieved from /opt/airflow/dags/driven_data_pipeline.py
[2025-04-08T15:04:49.999+0000] {processor.py:208} INFO - Processing /opt/airflow/dags/driven_data_pipeline.py took 0.055 seconds
[2025-04-08T15:05:20.696+0000] {processor.py:186} INFO - Started process (PID=97) to work on /opt/airflow/dags/driven_data_pipeline.py
[2025-04-08T15:05:20.697+0000] {processor.py:914} INFO - Processing file /opt/airflow/dags/driven_data_pipeline.py for tasks to queue
[2025-04-08T15:05:20.700+0000] {logging_mixin.py:190} INFO - [2025-04-08T15:05:20.699+0000] {dagbag.py:588} INFO - Filling up the DagBag from /opt/airflow/dags/driven_data_pipeline.py
[2025-04-08T15:05:20.720+0000] {logging_mixin.py:190} INFO - [2025-04-08T15:05:20.716+0000] {dagbag.py:387} ERROR - Failed to import: /opt/airflow/dags/driven_data_pipeline.py
Traceback (most recent call last):
  File "/home/airflow/.local/lib/python3.12/site-packages/airflow/models/dagbag.py", line 383, in parse
    loader.exec_module(new_module)
  File "<frozen importlib._bootstrap_external>", line 995, in exec_module
  File "<frozen importlib._bootstrap>", line 488, in _call_with_frames_removed
  File "/opt/airflow/dags/driven_data_pipeline.py", line 6, in <module>
    import polars as pl
ModuleNotFoundError: No module named 'polars'
[2025-04-08T15:05:20.722+0000] {processor.py:927} WARNING - No viable dags retrieved from /opt/airflow/dags/driven_data_pipeline.py
[2025-04-08T15:05:20.738+0000] {processor.py:208} INFO - Processing /opt/airflow/dags/driven_data_pipeline.py took 0.049 seconds
[2025-04-08T15:05:51.377+0000] {processor.py:186} INFO - Started process (PID=99) to work on /opt/airflow/dags/driven_data_pipeline.py
[2025-04-08T15:05:51.378+0000] {processor.py:914} INFO - Processing file /opt/airflow/dags/driven_data_pipeline.py for tasks to queue
[2025-04-08T15:05:51.381+0000] {logging_mixin.py:190} INFO - [2025-04-08T15:05:51.381+0000] {dagbag.py:588} INFO - Filling up the DagBag from /opt/airflow/dags/driven_data_pipeline.py
[2025-04-08T15:05:51.399+0000] {logging_mixin.py:190} INFO - [2025-04-08T15:05:51.396+0000] {dagbag.py:387} ERROR - Failed to import: /opt/airflow/dags/driven_data_pipeline.py
Traceback (most recent call last):
  File "/home/airflow/.local/lib/python3.12/site-packages/airflow/models/dagbag.py", line 383, in parse
    loader.exec_module(new_module)
  File "<frozen importlib._bootstrap_external>", line 995, in exec_module
  File "<frozen importlib._bootstrap>", line 488, in _call_with_frames_removed
  File "/opt/airflow/dags/driven_data_pipeline.py", line 6, in <module>
    import polars as pl
ModuleNotFoundError: No module named 'polars'
[2025-04-08T15:05:51.400+0000] {processor.py:927} WARNING - No viable dags retrieved from /opt/airflow/dags/driven_data_pipeline.py
[2025-04-08T15:05:51.423+0000] {processor.py:208} INFO - Processing /opt/airflow/dags/driven_data_pipeline.py took 0.052 seconds
[2025-04-08T15:25:03.850+0000] {processor.py:186} INFO - Started process (PID=101) to work on /opt/airflow/dags/driven_data_pipeline.py
[2025-04-08T15:25:03.853+0000] {processor.py:914} INFO - Processing file /opt/airflow/dags/driven_data_pipeline.py for tasks to queue
[2025-04-08T15:25:03.859+0000] {logging_mixin.py:190} INFO - [2025-04-08T15:25:03.858+0000] {dagbag.py:588} INFO - Filling up the DagBag from /opt/airflow/dags/driven_data_pipeline.py
[2025-04-08T15:25:04.266+0000] {logging_mixin.py:190} INFO - [2025-04-08T15:25:04.223+0000] {dagbag.py:387} ERROR - Failed to import: /opt/airflow/dags/driven_data_pipeline.py
Traceback (most recent call last):
  File "/home/airflow/.local/lib/python3.12/site-packages/airflow/models/dagbag.py", line 383, in parse
    loader.exec_module(new_module)
  File "<frozen importlib._bootstrap_external>", line 995, in exec_module
  File "<frozen importlib._bootstrap>", line 488, in _call_with_frames_removed
  File "/opt/airflow/dags/driven_data_pipeline.py", line 6, in <module>
    import polars as pl
ModuleNotFoundError: No module named 'polars'
[2025-04-08T15:25:04.283+0000] {processor.py:927} WARNING - No viable dags retrieved from /opt/airflow/dags/driven_data_pipeline.py
[2025-04-08T15:25:04.345+0000] {processor.py:208} INFO - Processing /opt/airflow/dags/driven_data_pipeline.py took 0.510 seconds
[2025-04-08T15:25:34.694+0000] {processor.py:186} INFO - Started process (PID=103) to work on /opt/airflow/dags/driven_data_pipeline.py
[2025-04-08T15:25:34.696+0000] {processor.py:914} INFO - Processing file /opt/airflow/dags/driven_data_pipeline.py for tasks to queue
[2025-04-08T15:25:34.701+0000] {logging_mixin.py:190} INFO - [2025-04-08T15:25:34.701+0000] {dagbag.py:588} INFO - Filling up the DagBag from /opt/airflow/dags/driven_data_pipeline.py
[2025-04-08T15:25:34.730+0000] {logging_mixin.py:190} INFO - [2025-04-08T15:25:34.724+0000] {dagbag.py:387} ERROR - Failed to import: /opt/airflow/dags/driven_data_pipeline.py
Traceback (most recent call last):
  File "/home/airflow/.local/lib/python3.12/site-packages/airflow/models/dagbag.py", line 383, in parse
    loader.exec_module(new_module)
  File "<frozen importlib._bootstrap_external>", line 995, in exec_module
  File "<frozen importlib._bootstrap>", line 488, in _call_with_frames_removed
  File "/opt/airflow/dags/driven_data_pipeline.py", line 6, in <module>
    import polars as pl
ModuleNotFoundError: No module named 'polars'
[2025-04-08T15:25:34.732+0000] {processor.py:927} WARNING - No viable dags retrieved from /opt/airflow/dags/driven_data_pipeline.py
[2025-04-08T15:25:34.761+0000] {processor.py:208} INFO - Processing /opt/airflow/dags/driven_data_pipeline.py took 0.078 seconds
[2025-04-08T15:26:05.081+0000] {processor.py:186} INFO - Started process (PID=105) to work on /opt/airflow/dags/driven_data_pipeline.py
[2025-04-08T15:26:05.083+0000] {processor.py:914} INFO - Processing file /opt/airflow/dags/driven_data_pipeline.py for tasks to queue
[2025-04-08T15:26:05.087+0000] {logging_mixin.py:190} INFO - [2025-04-08T15:26:05.087+0000] {dagbag.py:588} INFO - Filling up the DagBag from /opt/airflow/dags/driven_data_pipeline.py
[2025-04-08T15:26:05.135+0000] {logging_mixin.py:190} INFO - [2025-04-08T15:26:05.127+0000] {dagbag.py:387} ERROR - Failed to import: /opt/airflow/dags/driven_data_pipeline.py
Traceback (most recent call last):
  File "/home/airflow/.local/lib/python3.12/site-packages/airflow/models/dagbag.py", line 383, in parse
    loader.exec_module(new_module)
  File "<frozen importlib._bootstrap_external>", line 995, in exec_module
  File "<frozen importlib._bootstrap>", line 488, in _call_with_frames_removed
  File "/opt/airflow/dags/driven_data_pipeline.py", line 6, in <module>
    import polars as pl
ModuleNotFoundError: No module named 'polars'
[2025-04-08T15:26:05.138+0000] {processor.py:927} WARNING - No viable dags retrieved from /opt/airflow/dags/driven_data_pipeline.py
[2025-04-08T15:26:05.168+0000] {processor.py:208} INFO - Processing /opt/airflow/dags/driven_data_pipeline.py took 0.099 seconds
[2025-04-08T15:26:35.401+0000] {processor.py:186} INFO - Started process (PID=107) to work on /opt/airflow/dags/driven_data_pipeline.py
[2025-04-08T15:26:35.403+0000] {processor.py:914} INFO - Processing file /opt/airflow/dags/driven_data_pipeline.py for tasks to queue
[2025-04-08T15:26:35.409+0000] {logging_mixin.py:190} INFO - [2025-04-08T15:26:35.408+0000] {dagbag.py:588} INFO - Filling up the DagBag from /opt/airflow/dags/driven_data_pipeline.py
[2025-04-08T15:26:35.435+0000] {logging_mixin.py:190} INFO - [2025-04-08T15:26:35.431+0000] {dagbag.py:387} ERROR - Failed to import: /opt/airflow/dags/driven_data_pipeline.py
Traceback (most recent call last):
  File "/home/airflow/.local/lib/python3.12/site-packages/airflow/models/dagbag.py", line 383, in parse
    loader.exec_module(new_module)
  File "<frozen importlib._bootstrap_external>", line 995, in exec_module
  File "<frozen importlib._bootstrap>", line 488, in _call_with_frames_removed
  File "/opt/airflow/dags/driven_data_pipeline.py", line 6, in <module>
    import polars as pl
ModuleNotFoundError: No module named 'polars'
[2025-04-08T15:26:35.437+0000] {processor.py:927} WARNING - No viable dags retrieved from /opt/airflow/dags/driven_data_pipeline.py
[2025-04-08T15:26:35.458+0000] {processor.py:208} INFO - Processing /opt/airflow/dags/driven_data_pipeline.py took 0.066 seconds
[2025-04-08T15:27:05.841+0000] {processor.py:186} INFO - Started process (PID=109) to work on /opt/airflow/dags/driven_data_pipeline.py
[2025-04-08T15:27:05.843+0000] {processor.py:914} INFO - Processing file /opt/airflow/dags/driven_data_pipeline.py for tasks to queue
[2025-04-08T15:27:05.850+0000] {logging_mixin.py:190} INFO - [2025-04-08T15:27:05.849+0000] {dagbag.py:588} INFO - Filling up the DagBag from /opt/airflow/dags/driven_data_pipeline.py
[2025-04-08T15:27:05.911+0000] {logging_mixin.py:190} INFO - [2025-04-08T15:27:05.903+0000] {dagbag.py:387} ERROR - Failed to import: /opt/airflow/dags/driven_data_pipeline.py
Traceback (most recent call last):
  File "/home/airflow/.local/lib/python3.12/site-packages/airflow/models/dagbag.py", line 383, in parse
    loader.exec_module(new_module)
  File "<frozen importlib._bootstrap_external>", line 995, in exec_module
  File "<frozen importlib._bootstrap>", line 488, in _call_with_frames_removed
  File "/opt/airflow/dags/driven_data_pipeline.py", line 6, in <module>
    import polars as pl
ModuleNotFoundError: No module named 'polars'
[2025-04-08T15:27:05.914+0000] {processor.py:927} WARNING - No viable dags retrieved from /opt/airflow/dags/driven_data_pipeline.py
[2025-04-08T15:27:05.954+0000] {processor.py:208} INFO - Processing /opt/airflow/dags/driven_data_pipeline.py took 0.127 seconds
[2025-04-08T15:27:36.098+0000] {processor.py:186} INFO - Started process (PID=110) to work on /opt/airflow/dags/driven_data_pipeline.py
[2025-04-08T15:27:36.099+0000] {processor.py:914} INFO - Processing file /opt/airflow/dags/driven_data_pipeline.py for tasks to queue
[2025-04-08T15:27:36.103+0000] {logging_mixin.py:190} INFO - [2025-04-08T15:27:36.102+0000] {dagbag.py:588} INFO - Filling up the DagBag from /opt/airflow/dags/driven_data_pipeline.py
[2025-04-08T15:27:36.134+0000] {logging_mixin.py:190} INFO - [2025-04-08T15:27:36.126+0000] {dagbag.py:387} ERROR - Failed to import: /opt/airflow/dags/driven_data_pipeline.py
Traceback (most recent call last):
  File "/home/airflow/.local/lib/python3.12/site-packages/airflow/models/dagbag.py", line 383, in parse
    loader.exec_module(new_module)
  File "<frozen importlib._bootstrap_external>", line 995, in exec_module
  File "<frozen importlib._bootstrap>", line 488, in _call_with_frames_removed
  File "/opt/airflow/dags/driven_data_pipeline.py", line 6, in <module>
    import polars as pl
ModuleNotFoundError: No module named 'polars'
[2025-04-08T15:27:36.137+0000] {processor.py:927} WARNING - No viable dags retrieved from /opt/airflow/dags/driven_data_pipeline.py
[2025-04-08T15:27:36.179+0000] {processor.py:208} INFO - Processing /opt/airflow/dags/driven_data_pipeline.py took 0.090 seconds
[2025-04-08T15:28:06.456+0000] {processor.py:186} INFO - Started process (PID=112) to work on /opt/airflow/dags/driven_data_pipeline.py
[2025-04-08T15:28:06.457+0000] {processor.py:914} INFO - Processing file /opt/airflow/dags/driven_data_pipeline.py for tasks to queue
[2025-04-08T15:28:06.462+0000] {logging_mixin.py:190} INFO - [2025-04-08T15:28:06.461+0000] {dagbag.py:588} INFO - Filling up the DagBag from /opt/airflow/dags/driven_data_pipeline.py
[2025-04-08T15:28:06.483+0000] {logging_mixin.py:190} INFO - [2025-04-08T15:28:06.478+0000] {dagbag.py:387} ERROR - Failed to import: /opt/airflow/dags/driven_data_pipeline.py
Traceback (most recent call last):
  File "/home/airflow/.local/lib/python3.12/site-packages/airflow/models/dagbag.py", line 383, in parse
    loader.exec_module(new_module)
  File "<frozen importlib._bootstrap_external>", line 995, in exec_module
  File "<frozen importlib._bootstrap>", line 488, in _call_with_frames_removed
  File "/opt/airflow/dags/driven_data_pipeline.py", line 6, in <module>
    import polars as pl
ModuleNotFoundError: No module named 'polars'
[2025-04-08T15:28:06.484+0000] {processor.py:927} WARNING - No viable dags retrieved from /opt/airflow/dags/driven_data_pipeline.py
[2025-04-08T15:28:06.507+0000] {processor.py:208} INFO - Processing /opt/airflow/dags/driven_data_pipeline.py took 0.058 seconds
[2025-04-08T15:28:36.805+0000] {processor.py:186} INFO - Started process (PID=114) to work on /opt/airflow/dags/driven_data_pipeline.py
[2025-04-08T15:28:36.807+0000] {processor.py:914} INFO - Processing file /opt/airflow/dags/driven_data_pipeline.py for tasks to queue
[2025-04-08T15:28:36.811+0000] {logging_mixin.py:190} INFO - [2025-04-08T15:28:36.810+0000] {dagbag.py:588} INFO - Filling up the DagBag from /opt/airflow/dags/driven_data_pipeline.py
[2025-04-08T15:28:36.836+0000] {logging_mixin.py:190} INFO - [2025-04-08T15:28:36.831+0000] {dagbag.py:387} ERROR - Failed to import: /opt/airflow/dags/driven_data_pipeline.py
Traceback (most recent call last):
  File "/home/airflow/.local/lib/python3.12/site-packages/airflow/models/dagbag.py", line 383, in parse
    loader.exec_module(new_module)
  File "<frozen importlib._bootstrap_external>", line 995, in exec_module
  File "<frozen importlib._bootstrap>", line 488, in _call_with_frames_removed
  File "/opt/airflow/dags/driven_data_pipeline.py", line 6, in <module>
    import polars as pl
ModuleNotFoundError: No module named 'polars'
[2025-04-08T15:28:36.838+0000] {processor.py:927} WARNING - No viable dags retrieved from /opt/airflow/dags/driven_data_pipeline.py
[2025-04-08T15:28:36.864+0000] {processor.py:208} INFO - Processing /opt/airflow/dags/driven_data_pipeline.py took 0.067 seconds
[2025-04-08T15:29:07.156+0000] {processor.py:186} INFO - Started process (PID=116) to work on /opt/airflow/dags/driven_data_pipeline.py
[2025-04-08T15:29:07.157+0000] {processor.py:914} INFO - Processing file /opt/airflow/dags/driven_data_pipeline.py for tasks to queue
[2025-04-08T15:29:07.160+0000] {logging_mixin.py:190} INFO - [2025-04-08T15:29:07.160+0000] {dagbag.py:588} INFO - Filling up the DagBag from /opt/airflow/dags/driven_data_pipeline.py
[2025-04-08T15:29:07.182+0000] {logging_mixin.py:190} INFO - [2025-04-08T15:29:07.178+0000] {dagbag.py:387} ERROR - Failed to import: /opt/airflow/dags/driven_data_pipeline.py
Traceback (most recent call last):
  File "/home/airflow/.local/lib/python3.12/site-packages/airflow/models/dagbag.py", line 383, in parse
    loader.exec_module(new_module)
  File "<frozen importlib._bootstrap_external>", line 995, in exec_module
  File "<frozen importlib._bootstrap>", line 488, in _call_with_frames_removed
  File "/opt/airflow/dags/driven_data_pipeline.py", line 6, in <module>
    import polars as pl
ModuleNotFoundError: No module named 'polars'
[2025-04-08T15:29:07.184+0000] {processor.py:927} WARNING - No viable dags retrieved from /opt/airflow/dags/driven_data_pipeline.py
[2025-04-08T15:29:07.207+0000] {processor.py:208} INFO - Processing /opt/airflow/dags/driven_data_pipeline.py took 0.058 seconds
[2025-04-08T15:29:37.467+0000] {processor.py:186} INFO - Started process (PID=118) to work on /opt/airflow/dags/driven_data_pipeline.py
[2025-04-08T15:29:37.469+0000] {processor.py:914} INFO - Processing file /opt/airflow/dags/driven_data_pipeline.py for tasks to queue
[2025-04-08T15:29:37.472+0000] {logging_mixin.py:190} INFO - [2025-04-08T15:29:37.471+0000] {dagbag.py:588} INFO - Filling up the DagBag from /opt/airflow/dags/driven_data_pipeline.py
[2025-04-08T15:29:37.488+0000] {logging_mixin.py:190} INFO - [2025-04-08T15:29:37.485+0000] {dagbag.py:387} ERROR - Failed to import: /opt/airflow/dags/driven_data_pipeline.py
Traceback (most recent call last):
  File "/home/airflow/.local/lib/python3.12/site-packages/airflow/models/dagbag.py", line 383, in parse
    loader.exec_module(new_module)
  File "<frozen importlib._bootstrap_external>", line 995, in exec_module
  File "<frozen importlib._bootstrap>", line 488, in _call_with_frames_removed
  File "/opt/airflow/dags/driven_data_pipeline.py", line 6, in <module>
    import polars as pl
ModuleNotFoundError: No module named 'polars'
[2025-04-08T15:29:37.490+0000] {processor.py:927} WARNING - No viable dags retrieved from /opt/airflow/dags/driven_data_pipeline.py
[2025-04-08T15:29:37.511+0000] {processor.py:208} INFO - Processing /opt/airflow/dags/driven_data_pipeline.py took 0.051 seconds
[2025-04-08T15:30:08.061+0000] {processor.py:186} INFO - Started process (PID=120) to work on /opt/airflow/dags/driven_data_pipeline.py
[2025-04-08T15:30:08.063+0000] {processor.py:914} INFO - Processing file /opt/airflow/dags/driven_data_pipeline.py for tasks to queue
[2025-04-08T15:30:08.067+0000] {logging_mixin.py:190} INFO - [2025-04-08T15:30:08.067+0000] {dagbag.py:588} INFO - Filling up the DagBag from /opt/airflow/dags/driven_data_pipeline.py
[2025-04-08T15:30:08.097+0000] {logging_mixin.py:190} INFO - [2025-04-08T15:30:08.090+0000] {dagbag.py:387} ERROR - Failed to import: /opt/airflow/dags/driven_data_pipeline.py
Traceback (most recent call last):
  File "/home/airflow/.local/lib/python3.12/site-packages/airflow/models/dagbag.py", line 383, in parse
    loader.exec_module(new_module)
  File "<frozen importlib._bootstrap_external>", line 995, in exec_module
  File "<frozen importlib._bootstrap>", line 488, in _call_with_frames_removed
  File "/opt/airflow/dags/driven_data_pipeline.py", line 6, in <module>
    import polars as pl
ModuleNotFoundError: No module named 'polars'
[2025-04-08T15:30:08.099+0000] {processor.py:927} WARNING - No viable dags retrieved from /opt/airflow/dags/driven_data_pipeline.py
[2025-04-08T15:30:08.132+0000] {processor.py:208} INFO - Processing /opt/airflow/dags/driven_data_pipeline.py took 0.084 seconds
[2025-04-08T15:30:38.389+0000] {processor.py:186} INFO - Started process (PID=122) to work on /opt/airflow/dags/driven_data_pipeline.py
[2025-04-08T15:30:38.392+0000] {processor.py:914} INFO - Processing file /opt/airflow/dags/driven_data_pipeline.py for tasks to queue
[2025-04-08T15:30:38.395+0000] {logging_mixin.py:190} INFO - [2025-04-08T15:30:38.394+0000] {dagbag.py:588} INFO - Filling up the DagBag from /opt/airflow/dags/driven_data_pipeline.py
[2025-04-08T15:30:38.419+0000] {logging_mixin.py:190} INFO - [2025-04-08T15:30:38.413+0000] {dagbag.py:387} ERROR - Failed to import: /opt/airflow/dags/driven_data_pipeline.py
Traceback (most recent call last):
  File "/home/airflow/.local/lib/python3.12/site-packages/airflow/models/dagbag.py", line 383, in parse
    loader.exec_module(new_module)
  File "<frozen importlib._bootstrap_external>", line 995, in exec_module
  File "<frozen importlib._bootstrap>", line 488, in _call_with_frames_removed
  File "/opt/airflow/dags/driven_data_pipeline.py", line 6, in <module>
    import polars as pl
ModuleNotFoundError: No module named 'polars'
[2025-04-08T15:30:38.421+0000] {processor.py:927} WARNING - No viable dags retrieved from /opt/airflow/dags/driven_data_pipeline.py
[2025-04-08T15:30:38.456+0000] {processor.py:208} INFO - Processing /opt/airflow/dags/driven_data_pipeline.py took 0.079 seconds
[2025-04-08T15:31:08.745+0000] {processor.py:186} INFO - Started process (PID=124) to work on /opt/airflow/dags/driven_data_pipeline.py
[2025-04-08T15:31:08.746+0000] {processor.py:914} INFO - Processing file /opt/airflow/dags/driven_data_pipeline.py for tasks to queue
[2025-04-08T15:31:08.750+0000] {logging_mixin.py:190} INFO - [2025-04-08T15:31:08.749+0000] {dagbag.py:588} INFO - Filling up the DagBag from /opt/airflow/dags/driven_data_pipeline.py
[2025-04-08T15:31:08.775+0000] {logging_mixin.py:190} INFO - [2025-04-08T15:31:08.771+0000] {dagbag.py:387} ERROR - Failed to import: /opt/airflow/dags/driven_data_pipeline.py
Traceback (most recent call last):
  File "/home/airflow/.local/lib/python3.12/site-packages/airflow/models/dagbag.py", line 383, in parse
    loader.exec_module(new_module)
  File "<frozen importlib._bootstrap_external>", line 995, in exec_module
  File "<frozen importlib._bootstrap>", line 488, in _call_with_frames_removed
  File "/opt/airflow/dags/driven_data_pipeline.py", line 6, in <module>
    import polars as pl
ModuleNotFoundError: No module named 'polars'
[2025-04-08T15:31:08.777+0000] {processor.py:927} WARNING - No viable dags retrieved from /opt/airflow/dags/driven_data_pipeline.py
[2025-04-08T15:31:08.802+0000] {processor.py:208} INFO - Processing /opt/airflow/dags/driven_data_pipeline.py took 0.068 seconds
[2025-04-08T15:31:39.115+0000] {processor.py:186} INFO - Started process (PID=126) to work on /opt/airflow/dags/driven_data_pipeline.py
[2025-04-08T15:31:39.116+0000] {processor.py:914} INFO - Processing file /opt/airflow/dags/driven_data_pipeline.py for tasks to queue
[2025-04-08T15:31:39.119+0000] {logging_mixin.py:190} INFO - [2025-04-08T15:31:39.119+0000] {dagbag.py:588} INFO - Filling up the DagBag from /opt/airflow/dags/driven_data_pipeline.py
[2025-04-08T15:31:39.140+0000] {logging_mixin.py:190} INFO - [2025-04-08T15:31:39.136+0000] {dagbag.py:387} ERROR - Failed to import: /opt/airflow/dags/driven_data_pipeline.py
Traceback (most recent call last):
  File "/home/airflow/.local/lib/python3.12/site-packages/airflow/models/dagbag.py", line 383, in parse
    loader.exec_module(new_module)
  File "<frozen importlib._bootstrap_external>", line 995, in exec_module
  File "<frozen importlib._bootstrap>", line 488, in _call_with_frames_removed
  File "/opt/airflow/dags/driven_data_pipeline.py", line 6, in <module>
    import polars as pl
ModuleNotFoundError: No module named 'polars'
[2025-04-08T15:31:39.143+0000] {processor.py:927} WARNING - No viable dags retrieved from /opt/airflow/dags/driven_data_pipeline.py
[2025-04-08T15:31:39.171+0000] {processor.py:208} INFO - Processing /opt/airflow/dags/driven_data_pipeline.py took 0.063 seconds
[2025-04-08T15:32:09.429+0000] {processor.py:186} INFO - Started process (PID=128) to work on /opt/airflow/dags/driven_data_pipeline.py
[2025-04-08T15:32:09.431+0000] {processor.py:914} INFO - Processing file /opt/airflow/dags/driven_data_pipeline.py for tasks to queue
[2025-04-08T15:32:09.435+0000] {logging_mixin.py:190} INFO - [2025-04-08T15:32:09.434+0000] {dagbag.py:588} INFO - Filling up the DagBag from /opt/airflow/dags/driven_data_pipeline.py
[2025-04-08T15:32:09.460+0000] {logging_mixin.py:190} INFO - [2025-04-08T15:32:09.454+0000] {dagbag.py:387} ERROR - Failed to import: /opt/airflow/dags/driven_data_pipeline.py
Traceback (most recent call last):
  File "/home/airflow/.local/lib/python3.12/site-packages/airflow/models/dagbag.py", line 383, in parse
    loader.exec_module(new_module)
  File "<frozen importlib._bootstrap_external>", line 995, in exec_module
  File "<frozen importlib._bootstrap>", line 488, in _call_with_frames_removed
  File "/opt/airflow/dags/driven_data_pipeline.py", line 6, in <module>
    import polars as pl
ModuleNotFoundError: No module named 'polars'
[2025-04-08T15:32:09.462+0000] {processor.py:927} WARNING - No viable dags retrieved from /opt/airflow/dags/driven_data_pipeline.py
[2025-04-08T15:32:09.487+0000] {processor.py:208} INFO - Processing /opt/airflow/dags/driven_data_pipeline.py took 0.070 seconds
[2025-04-08T15:32:39.792+0000] {processor.py:186} INFO - Started process (PID=130) to work on /opt/airflow/dags/driven_data_pipeline.py
[2025-04-08T15:32:39.793+0000] {processor.py:914} INFO - Processing file /opt/airflow/dags/driven_data_pipeline.py for tasks to queue
[2025-04-08T15:32:39.796+0000] {logging_mixin.py:190} INFO - [2025-04-08T15:32:39.796+0000] {dagbag.py:588} INFO - Filling up the DagBag from /opt/airflow/dags/driven_data_pipeline.py
[2025-04-08T15:32:39.816+0000] {logging_mixin.py:190} INFO - [2025-04-08T15:32:39.812+0000] {dagbag.py:387} ERROR - Failed to import: /opt/airflow/dags/driven_data_pipeline.py
Traceback (most recent call last):
  File "/home/airflow/.local/lib/python3.12/site-packages/airflow/models/dagbag.py", line 383, in parse
    loader.exec_module(new_module)
  File "<frozen importlib._bootstrap_external>", line 995, in exec_module
  File "<frozen importlib._bootstrap>", line 488, in _call_with_frames_removed
  File "/opt/airflow/dags/driven_data_pipeline.py", line 6, in <module>
    import polars as pl
ModuleNotFoundError: No module named 'polars'
[2025-04-08T15:32:39.818+0000] {processor.py:927} WARNING - No viable dags retrieved from /opt/airflow/dags/driven_data_pipeline.py
[2025-04-08T15:32:39.839+0000] {processor.py:208} INFO - Processing /opt/airflow/dags/driven_data_pipeline.py took 0.054 seconds
[2025-04-08T15:35:59.893+0000] {processor.py:186} INFO - Started process (PID=30) to work on /opt/airflow/dags/driven_data_pipeline.py
[2025-04-08T15:35:59.895+0000] {processor.py:914} INFO - Processing file /opt/airflow/dags/driven_data_pipeline.py for tasks to queue
[2025-04-08T15:35:59.900+0000] {logging_mixin.py:190} INFO - [2025-04-08T15:35:59.899+0000] {dagbag.py:588} INFO - Filling up the DagBag from /opt/airflow/dags/driven_data_pipeline.py
[2025-04-08T15:36:00.609+0000] {processor.py:925} INFO - DAG(s) 'extract_raw_data_pipeline' retrieved from /opt/airflow/dags/driven_data_pipeline.py
[2025-04-08T15:36:00.922+0000] {logging_mixin.py:190} INFO - [2025-04-08T15:36:00.921+0000] {override.py:1900} INFO - Created Permission View: can read on DAG:extract_raw_data_pipeline
[2025-04-08T15:36:00.935+0000] {logging_mixin.py:190} INFO - [2025-04-08T15:36:00.935+0000] {override.py:1900} INFO - Created Permission View: can edit on DAG:extract_raw_data_pipeline
[2025-04-08T15:36:00.945+0000] {logging_mixin.py:190} INFO - [2025-04-08T15:36:00.945+0000] {override.py:1900} INFO - Created Permission View: can delete on DAG:extract_raw_data_pipeline
[2025-04-08T15:36:00.957+0000] {logging_mixin.py:190} INFO - [2025-04-08T15:36:00.957+0000] {override.py:1900} INFO - Created Permission View: can read on DAG Run:extract_raw_data_pipeline
[2025-04-08T15:36:00.972+0000] {logging_mixin.py:190} INFO - [2025-04-08T15:36:00.972+0000] {override.py:1900} INFO - Created Permission View: can create on DAG Run:extract_raw_data_pipeline
[2025-04-08T15:36:00.983+0000] {logging_mixin.py:190} INFO - [2025-04-08T15:36:00.983+0000] {override.py:1900} INFO - Created Permission View: can delete on DAG Run:extract_raw_data_pipeline
[2025-04-08T15:36:00.994+0000] {logging_mixin.py:190} INFO - [2025-04-08T15:36:00.993+0000] {override.py:1900} INFO - Created Permission View: menu access on DAG Run:extract_raw_data_pipeline
[2025-04-08T15:36:00.995+0000] {logging_mixin.py:190} INFO - [2025-04-08T15:36:00.994+0000] {dag.py:3239} INFO - Sync 1 DAGs
[2025-04-08T15:36:01.012+0000] {logging_mixin.py:190} INFO - [2025-04-08T15:36:01.012+0000] {dag.py:3262} INFO - Creating ORM DAG for extract_raw_data_pipeline
[2025-04-08T15:36:01.030+0000] {logging_mixin.py:190} INFO - [2025-04-08T15:36:01.030+0000] {dag.py:4180} INFO - Setting next_dagrun for extract_raw_data_pipeline to 2025-04-08 07:58:00+00:00, run_after=2025-04-08 07:59:00+00:00
[2025-04-08T15:36:01.063+0000] {processor.py:208} INFO - Processing /opt/airflow/dags/driven_data_pipeline.py took 1.182 seconds
[2025-04-08T15:36:31.226+0000] {processor.py:186} INFO - Started process (PID=33) to work on /opt/airflow/dags/driven_data_pipeline.py
[2025-04-08T15:36:31.229+0000] {processor.py:914} INFO - Processing file /opt/airflow/dags/driven_data_pipeline.py for tasks to queue
[2025-04-08T15:36:31.232+0000] {logging_mixin.py:190} INFO - [2025-04-08T15:36:31.231+0000] {dagbag.py:588} INFO - Filling up the DagBag from /opt/airflow/dags/driven_data_pipeline.py
[2025-04-08T15:36:31.622+0000] {processor.py:925} INFO - DAG(s) 'extract_raw_data_pipeline' retrieved from /opt/airflow/dags/driven_data_pipeline.py
[2025-04-08T15:36:31.644+0000] {logging_mixin.py:190} INFO - [2025-04-08T15:36:31.644+0000] {dag.py:3239} INFO - Sync 1 DAGs
[2025-04-08T15:36:31.667+0000] {logging_mixin.py:190} INFO - [2025-04-08T15:36:31.667+0000] {dag.py:4180} INFO - Setting next_dagrun for extract_raw_data_pipeline to 2025-04-08 07:58:00+00:00, run_after=2025-04-08 07:59:00+00:00
[2025-04-08T15:36:31.687+0000] {processor.py:208} INFO - Processing /opt/airflow/dags/driven_data_pipeline.py took 0.467 seconds
[2025-04-08T15:37:01.995+0000] {processor.py:186} INFO - Started process (PID=36) to work on /opt/airflow/dags/driven_data_pipeline.py
[2025-04-08T15:37:01.997+0000] {processor.py:914} INFO - Processing file /opt/airflow/dags/driven_data_pipeline.py for tasks to queue
[2025-04-08T15:37:02.003+0000] {logging_mixin.py:190} INFO - [2025-04-08T15:37:02.002+0000] {dagbag.py:588} INFO - Filling up the DagBag from /opt/airflow/dags/driven_data_pipeline.py
[2025-04-08T15:37:02.769+0000] {processor.py:925} INFO - DAG(s) 'extract_raw_data_pipeline' retrieved from /opt/airflow/dags/driven_data_pipeline.py
[2025-04-08T15:37:02.821+0000] {logging_mixin.py:190} INFO - [2025-04-08T15:37:02.821+0000] {dag.py:3239} INFO - Sync 1 DAGs
[2025-04-08T15:37:02.860+0000] {logging_mixin.py:190} INFO - [2025-04-08T15:37:02.860+0000] {dag.py:4180} INFO - Setting next_dagrun for extract_raw_data_pipeline to 2025-04-08 07:58:00+00:00, run_after=2025-04-08 07:59:00+00:00
[2025-04-08T15:37:02.899+0000] {processor.py:208} INFO - Processing /opt/airflow/dags/driven_data_pipeline.py took 0.913 seconds
[2025-04-08T15:37:33.233+0000] {processor.py:186} INFO - Started process (PID=39) to work on /opt/airflow/dags/driven_data_pipeline.py
[2025-04-08T15:37:33.235+0000] {processor.py:914} INFO - Processing file /opt/airflow/dags/driven_data_pipeline.py for tasks to queue
[2025-04-08T15:37:33.237+0000] {logging_mixin.py:190} INFO - [2025-04-08T15:37:33.237+0000] {dagbag.py:588} INFO - Filling up the DagBag from /opt/airflow/dags/driven_data_pipeline.py
[2025-04-08T15:37:33.614+0000] {processor.py:925} INFO - DAG(s) 'extract_raw_data_pipeline' retrieved from /opt/airflow/dags/driven_data_pipeline.py
[2025-04-08T15:37:33.645+0000] {logging_mixin.py:190} INFO - [2025-04-08T15:37:33.644+0000] {dag.py:3239} INFO - Sync 1 DAGs
[2025-04-08T15:37:33.669+0000] {logging_mixin.py:190} INFO - [2025-04-08T15:37:33.669+0000] {dag.py:4180} INFO - Setting next_dagrun for extract_raw_data_pipeline to 2025-04-08 07:58:00+00:00, run_after=2025-04-08 07:59:00+00:00
[2025-04-08T15:37:33.696+0000] {processor.py:208} INFO - Processing /opt/airflow/dags/driven_data_pipeline.py took 0.470 seconds
[2025-04-08T15:38:04.035+0000] {processor.py:186} INFO - Started process (PID=42) to work on /opt/airflow/dags/driven_data_pipeline.py
[2025-04-08T15:38:04.036+0000] {processor.py:914} INFO - Processing file /opt/airflow/dags/driven_data_pipeline.py for tasks to queue
[2025-04-08T15:38:04.041+0000] {logging_mixin.py:190} INFO - [2025-04-08T15:38:04.040+0000] {dagbag.py:588} INFO - Filling up the DagBag from /opt/airflow/dags/driven_data_pipeline.py
[2025-04-08T15:38:04.540+0000] {processor.py:925} INFO - DAG(s) 'extract_raw_data_pipeline' retrieved from /opt/airflow/dags/driven_data_pipeline.py
[2025-04-08T15:38:04.569+0000] {logging_mixin.py:190} INFO - [2025-04-08T15:38:04.568+0000] {dag.py:3239} INFO - Sync 1 DAGs
[2025-04-08T15:38:04.594+0000] {logging_mixin.py:190} INFO - [2025-04-08T15:38:04.593+0000] {dag.py:4180} INFO - Setting next_dagrun for extract_raw_data_pipeline to 2025-04-08 07:58:00+00:00, run_after=2025-04-08 07:59:00+00:00
[2025-04-08T15:38:04.625+0000] {processor.py:208} INFO - Processing /opt/airflow/dags/driven_data_pipeline.py took 0.600 seconds
[2025-04-08T15:38:34.800+0000] {processor.py:186} INFO - Started process (PID=45) to work on /opt/airflow/dags/driven_data_pipeline.py
[2025-04-08T15:38:34.801+0000] {processor.py:914} INFO - Processing file /opt/airflow/dags/driven_data_pipeline.py for tasks to queue
[2025-04-08T15:38:34.804+0000] {logging_mixin.py:190} INFO - [2025-04-08T15:38:34.804+0000] {dagbag.py:588} INFO - Filling up the DagBag from /opt/airflow/dags/driven_data_pipeline.py
[2025-04-08T15:38:35.204+0000] {processor.py:925} INFO - DAG(s) 'extract_raw_data_pipeline' retrieved from /opt/airflow/dags/driven_data_pipeline.py
[2025-04-08T15:38:35.229+0000] {logging_mixin.py:190} INFO - [2025-04-08T15:38:35.229+0000] {dag.py:3239} INFO - Sync 1 DAGs
[2025-04-08T15:38:35.257+0000] {logging_mixin.py:190} INFO - [2025-04-08T15:38:35.257+0000] {dag.py:4180} INFO - Setting next_dagrun for extract_raw_data_pipeline to 2025-04-08 07:58:00+00:00, run_after=2025-04-08 07:59:00+00:00
[2025-04-08T15:38:35.279+0000] {processor.py:208} INFO - Processing /opt/airflow/dags/driven_data_pipeline.py took 0.486 seconds
[2025-04-08T15:39:05.565+0000] {processor.py:186} INFO - Started process (PID=48) to work on /opt/airflow/dags/driven_data_pipeline.py
[2025-04-08T15:39:05.567+0000] {processor.py:914} INFO - Processing file /opt/airflow/dags/driven_data_pipeline.py for tasks to queue
[2025-04-08T15:39:05.572+0000] {logging_mixin.py:190} INFO - [2025-04-08T15:39:05.571+0000] {dagbag.py:588} INFO - Filling up the DagBag from /opt/airflow/dags/driven_data_pipeline.py
[2025-04-08T15:39:05.969+0000] {processor.py:925} INFO - DAG(s) 'extract_raw_data_pipeline' retrieved from /opt/airflow/dags/driven_data_pipeline.py
[2025-04-08T15:39:05.993+0000] {logging_mixin.py:190} INFO - [2025-04-08T15:39:05.992+0000] {dag.py:3239} INFO - Sync 1 DAGs
[2025-04-08T15:39:06.012+0000] {logging_mixin.py:190} INFO - [2025-04-08T15:39:06.011+0000] {dag.py:4180} INFO - Setting next_dagrun for extract_raw_data_pipeline to 2025-04-08 07:58:00+00:00, run_after=2025-04-08 07:59:00+00:00
[2025-04-08T15:39:06.029+0000] {processor.py:208} INFO - Processing /opt/airflow/dags/driven_data_pipeline.py took 0.479 seconds
[2025-04-08T15:39:36.361+0000] {processor.py:186} INFO - Started process (PID=51) to work on /opt/airflow/dags/driven_data_pipeline.py
[2025-04-08T15:39:36.363+0000] {processor.py:914} INFO - Processing file /opt/airflow/dags/driven_data_pipeline.py for tasks to queue
[2025-04-08T15:39:36.367+0000] {logging_mixin.py:190} INFO - [2025-04-08T15:39:36.366+0000] {dagbag.py:588} INFO - Filling up the DagBag from /opt/airflow/dags/driven_data_pipeline.py
[2025-04-08T15:39:36.783+0000] {processor.py:925} INFO - DAG(s) 'extract_raw_data_pipeline' retrieved from /opt/airflow/dags/driven_data_pipeline.py
[2025-04-08T15:39:36.809+0000] {logging_mixin.py:190} INFO - [2025-04-08T15:39:36.809+0000] {dag.py:3239} INFO - Sync 1 DAGs
[2025-04-08T15:39:36.833+0000] {logging_mixin.py:190} INFO - [2025-04-08T15:39:36.832+0000] {dag.py:4180} INFO - Setting next_dagrun for extract_raw_data_pipeline to 2025-04-08 07:58:00+00:00, run_after=2025-04-08 07:59:00+00:00
[2025-04-08T15:39:36.854+0000] {processor.py:208} INFO - Processing /opt/airflow/dags/driven_data_pipeline.py took 0.501 seconds
[2025-04-08T15:40:07.100+0000] {processor.py:186} INFO - Started process (PID=54) to work on /opt/airflow/dags/driven_data_pipeline.py
[2025-04-08T15:40:07.101+0000] {processor.py:914} INFO - Processing file /opt/airflow/dags/driven_data_pipeline.py for tasks to queue
[2025-04-08T15:40:07.104+0000] {logging_mixin.py:190} INFO - [2025-04-08T15:40:07.103+0000] {dagbag.py:588} INFO - Filling up the DagBag from /opt/airflow/dags/driven_data_pipeline.py
[2025-04-08T15:40:07.457+0000] {processor.py:925} INFO - DAG(s) 'extract_raw_data_pipeline' retrieved from /opt/airflow/dags/driven_data_pipeline.py
[2025-04-08T15:40:07.479+0000] {logging_mixin.py:190} INFO - [2025-04-08T15:40:07.478+0000] {dag.py:3239} INFO - Sync 1 DAGs
[2025-04-08T15:40:07.498+0000] {logging_mixin.py:190} INFO - [2025-04-08T15:40:07.498+0000] {dag.py:4180} INFO - Setting next_dagrun for extract_raw_data_pipeline to 2025-04-08 07:58:00+00:00, run_after=2025-04-08 07:59:00+00:00
[2025-04-08T15:40:07.517+0000] {processor.py:208} INFO - Processing /opt/airflow/dags/driven_data_pipeline.py took 0.425 seconds
[2025-04-08T15:40:37.867+0000] {processor.py:186} INFO - Started process (PID=57) to work on /opt/airflow/dags/driven_data_pipeline.py
[2025-04-08T15:40:37.868+0000] {processor.py:914} INFO - Processing file /opt/airflow/dags/driven_data_pipeline.py for tasks to queue
[2025-04-08T15:40:37.871+0000] {logging_mixin.py:190} INFO - [2025-04-08T15:40:37.870+0000] {dagbag.py:588} INFO - Filling up the DagBag from /opt/airflow/dags/driven_data_pipeline.py
[2025-04-08T15:40:38.240+0000] {processor.py:925} INFO - DAG(s) 'extract_raw_data_pipeline' retrieved from /opt/airflow/dags/driven_data_pipeline.py
[2025-04-08T15:40:38.264+0000] {logging_mixin.py:190} INFO - [2025-04-08T15:40:38.264+0000] {dag.py:3239} INFO - Sync 1 DAGs
[2025-04-08T15:40:38.287+0000] {logging_mixin.py:190} INFO - [2025-04-08T15:40:38.286+0000] {dag.py:4180} INFO - Setting next_dagrun for extract_raw_data_pipeline to 2025-04-08 07:58:00+00:00, run_after=2025-04-08 07:59:00+00:00
[2025-04-08T15:40:38.310+0000] {processor.py:208} INFO - Processing /opt/airflow/dags/driven_data_pipeline.py took 0.450 seconds
[2025-04-08T15:41:08.577+0000] {processor.py:186} INFO - Started process (PID=60) to work on /opt/airflow/dags/driven_data_pipeline.py
[2025-04-08T15:41:08.579+0000] {processor.py:914} INFO - Processing file /opt/airflow/dags/driven_data_pipeline.py for tasks to queue
[2025-04-08T15:41:08.582+0000] {logging_mixin.py:190} INFO - [2025-04-08T15:41:08.581+0000] {dagbag.py:588} INFO - Filling up the DagBag from /opt/airflow/dags/driven_data_pipeline.py
[2025-04-08T15:41:08.917+0000] {processor.py:925} INFO - DAG(s) 'extract_raw_data_pipeline' retrieved from /opt/airflow/dags/driven_data_pipeline.py
[2025-04-08T15:41:08.939+0000] {logging_mixin.py:190} INFO - [2025-04-08T15:41:08.939+0000] {dag.py:3239} INFO - Sync 1 DAGs
[2025-04-08T15:41:08.957+0000] {logging_mixin.py:190} INFO - [2025-04-08T15:41:08.957+0000] {dag.py:4180} INFO - Setting next_dagrun for extract_raw_data_pipeline to 2025-04-08 07:58:00+00:00, run_after=2025-04-08 07:59:00+00:00
[2025-04-08T15:41:08.974+0000] {processor.py:208} INFO - Processing /opt/airflow/dags/driven_data_pipeline.py took 0.404 seconds
[2025-04-08T15:41:39.254+0000] {processor.py:186} INFO - Started process (PID=63) to work on /opt/airflow/dags/driven_data_pipeline.py
[2025-04-08T15:41:39.255+0000] {processor.py:914} INFO - Processing file /opt/airflow/dags/driven_data_pipeline.py for tasks to queue
[2025-04-08T15:41:39.259+0000] {logging_mixin.py:190} INFO - [2025-04-08T15:41:39.258+0000] {dagbag.py:588} INFO - Filling up the DagBag from /opt/airflow/dags/driven_data_pipeline.py
[2025-04-08T15:41:39.653+0000] {processor.py:925} INFO - DAG(s) 'extract_raw_data_pipeline' retrieved from /opt/airflow/dags/driven_data_pipeline.py
[2025-04-08T15:41:39.677+0000] {logging_mixin.py:190} INFO - [2025-04-08T15:41:39.677+0000] {dag.py:3239} INFO - Sync 1 DAGs
[2025-04-08T15:41:39.701+0000] {logging_mixin.py:190} INFO - [2025-04-08T15:41:39.701+0000] {dag.py:4180} INFO - Setting next_dagrun for extract_raw_data_pipeline to 2025-04-08 07:58:00+00:00, run_after=2025-04-08 07:59:00+00:00
[2025-04-08T15:41:39.727+0000] {processor.py:208} INFO - Processing /opt/airflow/dags/driven_data_pipeline.py took 0.481 seconds
[2025-04-08T15:42:10.053+0000] {processor.py:186} INFO - Started process (PID=66) to work on /opt/airflow/dags/driven_data_pipeline.py
[2025-04-08T15:42:10.054+0000] {processor.py:914} INFO - Processing file /opt/airflow/dags/driven_data_pipeline.py for tasks to queue
[2025-04-08T15:42:10.057+0000] {logging_mixin.py:190} INFO - [2025-04-08T15:42:10.057+0000] {dagbag.py:588} INFO - Filling up the DagBag from /opt/airflow/dags/driven_data_pipeline.py
[2025-04-08T15:42:10.406+0000] {processor.py:925} INFO - DAG(s) 'extract_raw_data_pipeline' retrieved from /opt/airflow/dags/driven_data_pipeline.py
[2025-04-08T15:42:10.432+0000] {logging_mixin.py:190} INFO - [2025-04-08T15:42:10.432+0000] {dag.py:3239} INFO - Sync 1 DAGs
[2025-04-08T15:42:10.453+0000] {logging_mixin.py:190} INFO - [2025-04-08T15:42:10.453+0000] {dag.py:4180} INFO - Setting next_dagrun for extract_raw_data_pipeline to 2025-04-08 07:58:00+00:00, run_after=2025-04-08 07:59:00+00:00
[2025-04-08T15:42:10.477+0000] {processor.py:208} INFO - Processing /opt/airflow/dags/driven_data_pipeline.py took 0.430 seconds
[2025-04-08T15:42:40.818+0000] {processor.py:186} INFO - Started process (PID=69) to work on /opt/airflow/dags/driven_data_pipeline.py
[2025-04-08T15:42:40.820+0000] {processor.py:914} INFO - Processing file /opt/airflow/dags/driven_data_pipeline.py for tasks to queue
[2025-04-08T15:42:40.822+0000] {logging_mixin.py:190} INFO - [2025-04-08T15:42:40.822+0000] {dagbag.py:588} INFO - Filling up the DagBag from /opt/airflow/dags/driven_data_pipeline.py
[2025-04-08T15:42:41.210+0000] {processor.py:925} INFO - DAG(s) 'extract_raw_data_pipeline' retrieved from /opt/airflow/dags/driven_data_pipeline.py
[2025-04-08T15:42:41.237+0000] {logging_mixin.py:190} INFO - [2025-04-08T15:42:41.237+0000] {dag.py:3239} INFO - Sync 1 DAGs
[2025-04-08T15:42:41.264+0000] {logging_mixin.py:190} INFO - [2025-04-08T15:42:41.263+0000] {dag.py:4180} INFO - Setting next_dagrun for extract_raw_data_pipeline to 2025-04-08 07:58:00+00:00, run_after=2025-04-08 07:59:00+00:00
[2025-04-08T15:42:41.284+0000] {processor.py:208} INFO - Processing /opt/airflow/dags/driven_data_pipeline.py took 0.473 seconds
[2025-04-08T15:43:11.643+0000] {processor.py:186} INFO - Started process (PID=72) to work on /opt/airflow/dags/driven_data_pipeline.py
[2025-04-08T15:43:11.645+0000] {processor.py:914} INFO - Processing file /opt/airflow/dags/driven_data_pipeline.py for tasks to queue
[2025-04-08T15:43:11.647+0000] {logging_mixin.py:190} INFO - [2025-04-08T15:43:11.647+0000] {dagbag.py:588} INFO - Filling up the DagBag from /opt/airflow/dags/driven_data_pipeline.py
[2025-04-08T15:43:12.028+0000] {processor.py:925} INFO - DAG(s) 'extract_raw_data_pipeline' retrieved from /opt/airflow/dags/driven_data_pipeline.py
[2025-04-08T15:43:12.055+0000] {logging_mixin.py:190} INFO - [2025-04-08T15:43:12.055+0000] {dag.py:3239} INFO - Sync 1 DAGs
[2025-04-08T15:43:12.082+0000] {logging_mixin.py:190} INFO - [2025-04-08T15:43:12.081+0000] {dag.py:4180} INFO - Setting next_dagrun for extract_raw_data_pipeline to 2025-04-08 07:58:00+00:00, run_after=2025-04-08 07:59:00+00:00
[2025-04-08T15:43:12.099+0000] {processor.py:208} INFO - Processing /opt/airflow/dags/driven_data_pipeline.py took 0.463 seconds
[2025-04-08T15:43:42.431+0000] {processor.py:186} INFO - Started process (PID=75) to work on /opt/airflow/dags/driven_data_pipeline.py
[2025-04-08T15:43:42.432+0000] {processor.py:914} INFO - Processing file /opt/airflow/dags/driven_data_pipeline.py for tasks to queue
[2025-04-08T15:43:42.435+0000] {logging_mixin.py:190} INFO - [2025-04-08T15:43:42.435+0000] {dagbag.py:588} INFO - Filling up the DagBag from /opt/airflow/dags/driven_data_pipeline.py
[2025-04-08T15:43:42.779+0000] {processor.py:925} INFO - DAG(s) 'extract_raw_data_pipeline' retrieved from /opt/airflow/dags/driven_data_pipeline.py
[2025-04-08T15:43:42.799+0000] {logging_mixin.py:190} INFO - [2025-04-08T15:43:42.799+0000] {dag.py:3239} INFO - Sync 1 DAGs
[2025-04-08T15:43:42.817+0000] {logging_mixin.py:190} INFO - [2025-04-08T15:43:42.817+0000] {dag.py:4180} INFO - Setting next_dagrun for extract_raw_data_pipeline to 2025-04-08 07:58:00+00:00, run_after=2025-04-08 07:59:00+00:00
[2025-04-08T15:43:42.835+0000] {processor.py:208} INFO - Processing /opt/airflow/dags/driven_data_pipeline.py took 0.410 seconds
[2025-04-08T15:44:13.147+0000] {processor.py:186} INFO - Started process (PID=78) to work on /opt/airflow/dags/driven_data_pipeline.py
[2025-04-08T15:44:13.148+0000] {processor.py:914} INFO - Processing file /opt/airflow/dags/driven_data_pipeline.py for tasks to queue
[2025-04-08T15:44:13.151+0000] {logging_mixin.py:190} INFO - [2025-04-08T15:44:13.151+0000] {dagbag.py:588} INFO - Filling up the DagBag from /opt/airflow/dags/driven_data_pipeline.py
[2025-04-08T15:44:13.475+0000] {processor.py:925} INFO - DAG(s) 'extract_raw_data_pipeline' retrieved from /opt/airflow/dags/driven_data_pipeline.py
[2025-04-08T15:44:13.497+0000] {logging_mixin.py:190} INFO - [2025-04-08T15:44:13.496+0000] {dag.py:3239} INFO - Sync 1 DAGs
[2025-04-08T15:44:13.514+0000] {logging_mixin.py:190} INFO - [2025-04-08T15:44:13.514+0000] {dag.py:4180} INFO - Setting next_dagrun for extract_raw_data_pipeline to 2025-04-08 07:58:00+00:00, run_after=2025-04-08 07:59:00+00:00
[2025-04-08T15:44:13.534+0000] {processor.py:208} INFO - Processing /opt/airflow/dags/driven_data_pipeline.py took 0.394 seconds
[2025-04-08T15:44:43.853+0000] {processor.py:186} INFO - Started process (PID=81) to work on /opt/airflow/dags/driven_data_pipeline.py
[2025-04-08T15:44:43.855+0000] {processor.py:914} INFO - Processing file /opt/airflow/dags/driven_data_pipeline.py for tasks to queue
[2025-04-08T15:44:43.858+0000] {logging_mixin.py:190} INFO - [2025-04-08T15:44:43.858+0000] {dagbag.py:588} INFO - Filling up the DagBag from /opt/airflow/dags/driven_data_pipeline.py
[2025-04-08T15:44:44.253+0000] {processor.py:925} INFO - DAG(s) 'extract_raw_data_pipeline' retrieved from /opt/airflow/dags/driven_data_pipeline.py
[2025-04-08T15:44:44.283+0000] {logging_mixin.py:190} INFO - [2025-04-08T15:44:44.282+0000] {dag.py:3239} INFO - Sync 1 DAGs
[2025-04-08T15:44:44.311+0000] {logging_mixin.py:190} INFO - [2025-04-08T15:44:44.310+0000] {dag.py:4180} INFO - Setting next_dagrun for extract_raw_data_pipeline to 2025-04-08 07:58:00+00:00, run_after=2025-04-08 07:59:00+00:00
[2025-04-08T15:44:44.337+0000] {processor.py:208} INFO - Processing /opt/airflow/dags/driven_data_pipeline.py took 0.491 seconds
[2025-04-08T15:45:14.658+0000] {processor.py:186} INFO - Started process (PID=84) to work on /opt/airflow/dags/driven_data_pipeline.py
[2025-04-08T15:45:14.659+0000] {processor.py:914} INFO - Processing file /opt/airflow/dags/driven_data_pipeline.py for tasks to queue
[2025-04-08T15:45:14.662+0000] {logging_mixin.py:190} INFO - [2025-04-08T15:45:14.662+0000] {dagbag.py:588} INFO - Filling up the DagBag from /opt/airflow/dags/driven_data_pipeline.py
[2025-04-08T15:45:15.058+0000] {processor.py:925} INFO - DAG(s) 'extract_raw_data_pipeline' retrieved from /opt/airflow/dags/driven_data_pipeline.py
[2025-04-08T15:45:15.087+0000] {logging_mixin.py:190} INFO - [2025-04-08T15:45:15.087+0000] {dag.py:3239} INFO - Sync 1 DAGs
[2025-04-08T15:45:15.110+0000] {logging_mixin.py:190} INFO - [2025-04-08T15:45:15.110+0000] {dag.py:4180} INFO - Setting next_dagrun for extract_raw_data_pipeline to 2025-04-08 07:58:00+00:00, run_after=2025-04-08 07:59:00+00:00
[2025-04-08T15:45:15.131+0000] {processor.py:208} INFO - Processing /opt/airflow/dags/driven_data_pipeline.py took 0.480 seconds
[2025-04-08T15:45:45.473+0000] {processor.py:186} INFO - Started process (PID=87) to work on /opt/airflow/dags/driven_data_pipeline.py
[2025-04-08T15:45:45.474+0000] {processor.py:914} INFO - Processing file /opt/airflow/dags/driven_data_pipeline.py for tasks to queue
[2025-04-08T15:45:45.477+0000] {logging_mixin.py:190} INFO - [2025-04-08T15:45:45.477+0000] {dagbag.py:588} INFO - Filling up the DagBag from /opt/airflow/dags/driven_data_pipeline.py
[2025-04-08T15:45:45.878+0000] {processor.py:925} INFO - DAG(s) 'extract_raw_data_pipeline' retrieved from /opt/airflow/dags/driven_data_pipeline.py
[2025-04-08T15:45:45.913+0000] {logging_mixin.py:190} INFO - [2025-04-08T15:45:45.913+0000] {dag.py:3239} INFO - Sync 1 DAGs
[2025-04-08T15:45:45.933+0000] {logging_mixin.py:190} INFO - [2025-04-08T15:45:45.933+0000] {dag.py:4180} INFO - Setting next_dagrun for extract_raw_data_pipeline to 2025-04-08 07:58:00+00:00, run_after=2025-04-08 07:59:00+00:00
[2025-04-08T15:45:45.953+0000] {processor.py:208} INFO - Processing /opt/airflow/dags/driven_data_pipeline.py took 0.488 seconds
[2025-04-08T15:46:16.282+0000] {processor.py:186} INFO - Started process (PID=90) to work on /opt/airflow/dags/driven_data_pipeline.py
[2025-04-08T15:46:16.283+0000] {processor.py:914} INFO - Processing file /opt/airflow/dags/driven_data_pipeline.py for tasks to queue
[2025-04-08T15:46:16.285+0000] {logging_mixin.py:190} INFO - [2025-04-08T15:46:16.285+0000] {dagbag.py:588} INFO - Filling up the DagBag from /opt/airflow/dags/driven_data_pipeline.py
[2025-04-08T15:46:16.631+0000] {processor.py:925} INFO - DAG(s) 'extract_raw_data_pipeline' retrieved from /opt/airflow/dags/driven_data_pipeline.py
[2025-04-08T15:46:16.653+0000] {logging_mixin.py:190} INFO - [2025-04-08T15:46:16.652+0000] {dag.py:3239} INFO - Sync 1 DAGs
[2025-04-08T15:46:16.670+0000] {logging_mixin.py:190} INFO - [2025-04-08T15:46:16.670+0000] {dag.py:4180} INFO - Setting next_dagrun for extract_raw_data_pipeline to 2025-04-08 07:58:00+00:00, run_after=2025-04-08 07:59:00+00:00
[2025-04-08T15:46:16.688+0000] {processor.py:208} INFO - Processing /opt/airflow/dags/driven_data_pipeline.py took 0.412 seconds
[2025-04-08T15:46:46.978+0000] {processor.py:186} INFO - Started process (PID=93) to work on /opt/airflow/dags/driven_data_pipeline.py
[2025-04-08T15:46:46.979+0000] {processor.py:914} INFO - Processing file /opt/airflow/dags/driven_data_pipeline.py for tasks to queue
[2025-04-08T15:46:46.982+0000] {logging_mixin.py:190} INFO - [2025-04-08T15:46:46.982+0000] {dagbag.py:588} INFO - Filling up the DagBag from /opt/airflow/dags/driven_data_pipeline.py
[2025-04-08T15:46:47.338+0000] {processor.py:925} INFO - DAG(s) 'extract_raw_data_pipeline' retrieved from /opt/airflow/dags/driven_data_pipeline.py
[2025-04-08T15:46:47.359+0000] {logging_mixin.py:190} INFO - [2025-04-08T15:46:47.359+0000] {dag.py:3239} INFO - Sync 1 DAGs
[2025-04-08T15:46:47.384+0000] {logging_mixin.py:190} INFO - [2025-04-08T15:46:47.384+0000] {dag.py:4180} INFO - Setting next_dagrun for extract_raw_data_pipeline to 2025-04-08 07:58:00+00:00, run_after=2025-04-08 07:59:00+00:00
[2025-04-08T15:46:47.401+0000] {processor.py:208} INFO - Processing /opt/airflow/dags/driven_data_pipeline.py took 0.430 seconds
[2025-04-08T15:47:17.677+0000] {processor.py:186} INFO - Started process (PID=96) to work on /opt/airflow/dags/driven_data_pipeline.py
[2025-04-08T15:47:17.679+0000] {processor.py:914} INFO - Processing file /opt/airflow/dags/driven_data_pipeline.py for tasks to queue
[2025-04-08T15:47:17.681+0000] {logging_mixin.py:190} INFO - [2025-04-08T15:47:17.681+0000] {dagbag.py:588} INFO - Filling up the DagBag from /opt/airflow/dags/driven_data_pipeline.py
[2025-04-08T15:47:18.030+0000] {processor.py:925} INFO - DAG(s) 'extract_raw_data_pipeline' retrieved from /opt/airflow/dags/driven_data_pipeline.py
[2025-04-08T15:47:18.054+0000] {logging_mixin.py:190} INFO - [2025-04-08T15:47:18.054+0000] {dag.py:3239} INFO - Sync 1 DAGs
[2025-04-08T15:47:18.080+0000] {logging_mixin.py:190} INFO - [2025-04-08T15:47:18.079+0000] {dag.py:4180} INFO - Setting next_dagrun for extract_raw_data_pipeline to 2025-04-08 07:58:00+00:00, run_after=2025-04-08 07:59:00+00:00
[2025-04-08T15:47:18.098+0000] {processor.py:208} INFO - Processing /opt/airflow/dags/driven_data_pipeline.py took 0.428 seconds
[2025-04-08T15:47:48.407+0000] {processor.py:186} INFO - Started process (PID=99) to work on /opt/airflow/dags/driven_data_pipeline.py
[2025-04-08T15:47:48.410+0000] {processor.py:914} INFO - Processing file /opt/airflow/dags/driven_data_pipeline.py for tasks to queue
[2025-04-08T15:47:48.415+0000] {logging_mixin.py:190} INFO - [2025-04-08T15:47:48.414+0000] {dagbag.py:588} INFO - Filling up the DagBag from /opt/airflow/dags/driven_data_pipeline.py
[2025-04-08T15:47:48.858+0000] {processor.py:925} INFO - DAG(s) 'extract_raw_data_pipeline' retrieved from /opt/airflow/dags/driven_data_pipeline.py
[2025-04-08T15:47:48.884+0000] {logging_mixin.py:190} INFO - [2025-04-08T15:47:48.884+0000] {dag.py:3239} INFO - Sync 1 DAGs
[2025-04-08T15:47:48.907+0000] {logging_mixin.py:190} INFO - [2025-04-08T15:47:48.906+0000] {dag.py:4180} INFO - Setting next_dagrun for extract_raw_data_pipeline to 2025-04-08 07:58:00+00:00, run_after=2025-04-08 07:59:00+00:00
[2025-04-08T15:47:48.929+0000] {processor.py:208} INFO - Processing /opt/airflow/dags/driven_data_pipeline.py took 0.532 seconds
[2025-04-08T15:48:19.233+0000] {processor.py:186} INFO - Started process (PID=102) to work on /opt/airflow/dags/driven_data_pipeline.py
[2025-04-08T15:48:19.234+0000] {processor.py:914} INFO - Processing file /opt/airflow/dags/driven_data_pipeline.py for tasks to queue
[2025-04-08T15:48:19.236+0000] {logging_mixin.py:190} INFO - [2025-04-08T15:48:19.236+0000] {dagbag.py:588} INFO - Filling up the DagBag from /opt/airflow/dags/driven_data_pipeline.py
[2025-04-08T15:48:19.509+0000] {processor.py:925} INFO - DAG(s) 'extract_raw_data_pipeline' retrieved from /opt/airflow/dags/driven_data_pipeline.py
[2025-04-08T15:48:19.529+0000] {logging_mixin.py:190} INFO - [2025-04-08T15:48:19.529+0000] {dag.py:3239} INFO - Sync 1 DAGs
[2025-04-08T15:48:19.548+0000] {logging_mixin.py:190} INFO - [2025-04-08T15:48:19.548+0000] {dag.py:4180} INFO - Setting next_dagrun for extract_raw_data_pipeline to 2025-04-08 07:58:00+00:00, run_after=2025-04-08 07:59:00+00:00
[2025-04-08T15:48:19.567+0000] {processor.py:208} INFO - Processing /opt/airflow/dags/driven_data_pipeline.py took 0.340 seconds
[2025-04-08T15:48:49.854+0000] {processor.py:186} INFO - Started process (PID=105) to work on /opt/airflow/dags/driven_data_pipeline.py
[2025-04-08T15:48:49.855+0000] {processor.py:914} INFO - Processing file /opt/airflow/dags/driven_data_pipeline.py for tasks to queue
[2025-04-08T15:48:49.857+0000] {logging_mixin.py:190} INFO - [2025-04-08T15:48:49.857+0000] {dagbag.py:588} INFO - Filling up the DagBag from /opt/airflow/dags/driven_data_pipeline.py
[2025-04-08T15:48:50.155+0000] {processor.py:925} INFO - DAG(s) 'extract_raw_data_pipeline' retrieved from /opt/airflow/dags/driven_data_pipeline.py
[2025-04-08T15:48:50.175+0000] {logging_mixin.py:190} INFO - [2025-04-08T15:48:50.175+0000] {dag.py:3239} INFO - Sync 1 DAGs
[2025-04-08T15:48:50.194+0000] {logging_mixin.py:190} INFO - [2025-04-08T15:48:50.194+0000] {dag.py:4180} INFO - Setting next_dagrun for extract_raw_data_pipeline to 2025-04-08 07:58:00+00:00, run_after=2025-04-08 07:59:00+00:00
[2025-04-08T15:48:50.212+0000] {processor.py:208} INFO - Processing /opt/airflow/dags/driven_data_pipeline.py took 0.364 seconds
[2025-04-08T15:49:20.519+0000] {processor.py:186} INFO - Started process (PID=108) to work on /opt/airflow/dags/driven_data_pipeline.py
[2025-04-08T15:49:20.520+0000] {processor.py:914} INFO - Processing file /opt/airflow/dags/driven_data_pipeline.py for tasks to queue
[2025-04-08T15:49:20.523+0000] {logging_mixin.py:190} INFO - [2025-04-08T15:49:20.523+0000] {dagbag.py:588} INFO - Filling up the DagBag from /opt/airflow/dags/driven_data_pipeline.py
[2025-04-08T15:49:20.846+0000] {processor.py:925} INFO - DAG(s) 'extract_raw_data_pipeline' retrieved from /opt/airflow/dags/driven_data_pipeline.py
[2025-04-08T15:49:20.869+0000] {logging_mixin.py:190} INFO - [2025-04-08T15:49:20.869+0000] {dag.py:3239} INFO - Sync 1 DAGs
[2025-04-08T15:49:20.889+0000] {logging_mixin.py:190} INFO - [2025-04-08T15:49:20.889+0000] {dag.py:4180} INFO - Setting next_dagrun for extract_raw_data_pipeline to 2025-04-08 07:58:00+00:00, run_after=2025-04-08 07:59:00+00:00
[2025-04-08T15:49:20.906+0000] {processor.py:208} INFO - Processing /opt/airflow/dags/driven_data_pipeline.py took 0.394 seconds
[2025-04-08T15:49:51.162+0000] {processor.py:186} INFO - Started process (PID=111) to work on /opt/airflow/dags/driven_data_pipeline.py
[2025-04-08T15:49:51.163+0000] {processor.py:914} INFO - Processing file /opt/airflow/dags/driven_data_pipeline.py for tasks to queue
[2025-04-08T15:49:51.165+0000] {logging_mixin.py:190} INFO - [2025-04-08T15:49:51.165+0000] {dagbag.py:588} INFO - Filling up the DagBag from /opt/airflow/dags/driven_data_pipeline.py
[2025-04-08T15:49:51.472+0000] {processor.py:925} INFO - DAG(s) 'extract_raw_data_pipeline' retrieved from /opt/airflow/dags/driven_data_pipeline.py
[2025-04-08T15:49:51.492+0000] {logging_mixin.py:190} INFO - [2025-04-08T15:49:51.492+0000] {dag.py:3239} INFO - Sync 1 DAGs
[2025-04-08T15:49:51.510+0000] {logging_mixin.py:190} INFO - [2025-04-08T15:49:51.509+0000] {dag.py:4180} INFO - Setting next_dagrun for extract_raw_data_pipeline to 2025-04-08 07:58:00+00:00, run_after=2025-04-08 07:59:00+00:00
[2025-04-08T15:49:51.531+0000] {processor.py:208} INFO - Processing /opt/airflow/dags/driven_data_pipeline.py took 0.375 seconds
[2025-04-08T15:50:21.793+0000] {processor.py:186} INFO - Started process (PID=114) to work on /opt/airflow/dags/driven_data_pipeline.py
[2025-04-08T15:50:21.794+0000] {processor.py:914} INFO - Processing file /opt/airflow/dags/driven_data_pipeline.py for tasks to queue
[2025-04-08T15:50:21.796+0000] {logging_mixin.py:190} INFO - [2025-04-08T15:50:21.796+0000] {dagbag.py:588} INFO - Filling up the DagBag from /opt/airflow/dags/driven_data_pipeline.py
[2025-04-08T15:50:22.173+0000] {processor.py:925} INFO - DAG(s) 'extract_raw_data_pipeline' retrieved from /opt/airflow/dags/driven_data_pipeline.py
[2025-04-08T15:50:22.203+0000] {logging_mixin.py:190} INFO - [2025-04-08T15:50:22.203+0000] {dag.py:3239} INFO - Sync 1 DAGs
[2025-04-08T15:50:22.230+0000] {logging_mixin.py:190} INFO - [2025-04-08T15:50:22.230+0000] {dag.py:4180} INFO - Setting next_dagrun for extract_raw_data_pipeline to 2025-04-08 07:58:00+00:00, run_after=2025-04-08 07:59:00+00:00
[2025-04-08T15:50:22.248+0000] {processor.py:208} INFO - Processing /opt/airflow/dags/driven_data_pipeline.py took 0.462 seconds
[2025-04-08T15:50:52.547+0000] {processor.py:186} INFO - Started process (PID=117) to work on /opt/airflow/dags/driven_data_pipeline.py
[2025-04-08T15:50:52.548+0000] {processor.py:914} INFO - Processing file /opt/airflow/dags/driven_data_pipeline.py for tasks to queue
[2025-04-08T15:50:52.551+0000] {logging_mixin.py:190} INFO - [2025-04-08T15:50:52.551+0000] {dagbag.py:588} INFO - Filling up the DagBag from /opt/airflow/dags/driven_data_pipeline.py
[2025-04-08T15:50:52.709+0000] {processor.py:925} INFO - DAG(s) 'extract_raw_data_pipeline' retrieved from /opt/airflow/dags/driven_data_pipeline.py
[2025-04-08T15:50:52.737+0000] {logging_mixin.py:190} INFO - [2025-04-08T15:50:52.737+0000] {dag.py:3239} INFO - Sync 1 DAGs
[2025-04-08T15:50:52.760+0000] {logging_mixin.py:190} INFO - [2025-04-08T15:50:52.760+0000] {dag.py:4180} INFO - Setting next_dagrun for extract_raw_data_pipeline to 2025-04-08 07:58:00+00:00, run_after=2025-04-08 07:59:00+00:00
[2025-04-08T15:50:52.783+0000] {processor.py:208} INFO - Processing /opt/airflow/dags/driven_data_pipeline.py took 0.243 seconds
[2025-04-08T15:51:23.089+0000] {processor.py:186} INFO - Started process (PID=120) to work on /opt/airflow/dags/driven_data_pipeline.py
[2025-04-08T15:51:23.090+0000] {processor.py:914} INFO - Processing file /opt/airflow/dags/driven_data_pipeline.py for tasks to queue
[2025-04-08T15:51:23.093+0000] {logging_mixin.py:190} INFO - [2025-04-08T15:51:23.093+0000] {dagbag.py:588} INFO - Filling up the DagBag from /opt/airflow/dags/driven_data_pipeline.py
[2025-04-08T15:51:23.262+0000] {processor.py:925} INFO - DAG(s) 'extract_raw_data_pipeline' retrieved from /opt/airflow/dags/driven_data_pipeline.py
[2025-04-08T15:51:23.295+0000] {logging_mixin.py:190} INFO - [2025-04-08T15:51:23.295+0000] {dag.py:3239} INFO - Sync 1 DAGs
[2025-04-08T15:51:23.320+0000] {logging_mixin.py:190} INFO - [2025-04-08T15:51:23.320+0000] {dag.py:4180} INFO - Setting next_dagrun for extract_raw_data_pipeline to 2025-04-08 07:58:00+00:00, run_after=2025-04-08 07:59:00+00:00
[2025-04-08T15:51:23.339+0000] {processor.py:208} INFO - Processing /opt/airflow/dags/driven_data_pipeline.py took 0.257 seconds
[2025-04-08T15:51:53.401+0000] {processor.py:186} INFO - Started process (PID=123) to work on /opt/airflow/dags/driven_data_pipeline.py
[2025-04-08T15:51:53.402+0000] {processor.py:914} INFO - Processing file /opt/airflow/dags/driven_data_pipeline.py for tasks to queue
[2025-04-08T15:51:53.405+0000] {logging_mixin.py:190} INFO - [2025-04-08T15:51:53.404+0000] {dagbag.py:588} INFO - Filling up the DagBag from /opt/airflow/dags/driven_data_pipeline.py
[2025-04-08T15:51:53.548+0000] {processor.py:925} INFO - DAG(s) 'extract_raw_data_pipeline' retrieved from /opt/airflow/dags/driven_data_pipeline.py
[2025-04-08T15:51:53.569+0000] {logging_mixin.py:190} INFO - [2025-04-08T15:51:53.569+0000] {dag.py:3239} INFO - Sync 1 DAGs
[2025-04-08T15:51:53.588+0000] {logging_mixin.py:190} INFO - [2025-04-08T15:51:53.587+0000] {dag.py:4180} INFO - Setting next_dagrun for extract_raw_data_pipeline to 2025-04-08 07:58:00+00:00, run_after=2025-04-08 07:59:00+00:00
[2025-04-08T15:51:53.607+0000] {processor.py:208} INFO - Processing /opt/airflow/dags/driven_data_pipeline.py took 0.211 seconds
[2025-04-08T15:52:23.879+0000] {processor.py:186} INFO - Started process (PID=126) to work on /opt/airflow/dags/driven_data_pipeline.py
[2025-04-08T15:52:23.880+0000] {processor.py:914} INFO - Processing file /opt/airflow/dags/driven_data_pipeline.py for tasks to queue
[2025-04-08T15:52:23.882+0000] {logging_mixin.py:190} INFO - [2025-04-08T15:52:23.882+0000] {dagbag.py:588} INFO - Filling up the DagBag from /opt/airflow/dags/driven_data_pipeline.py
[2025-04-08T15:52:24.039+0000] {processor.py:925} INFO - DAG(s) 'extract_raw_data_pipeline' retrieved from /opt/airflow/dags/driven_data_pipeline.py
[2025-04-08T15:52:24.065+0000] {logging_mixin.py:190} INFO - [2025-04-08T15:52:24.064+0000] {dag.py:3239} INFO - Sync 1 DAGs
[2025-04-08T15:52:24.085+0000] {logging_mixin.py:190} INFO - [2025-04-08T15:52:24.085+0000] {dag.py:4180} INFO - Setting next_dagrun for extract_raw_data_pipeline to 2025-04-08 07:58:00+00:00, run_after=2025-04-08 07:59:00+00:00
[2025-04-08T15:52:24.105+0000] {processor.py:208} INFO - Processing /opt/airflow/dags/driven_data_pipeline.py took 0.232 seconds
[2025-04-08T15:52:54.157+0000] {processor.py:186} INFO - Started process (PID=129) to work on /opt/airflow/dags/driven_data_pipeline.py
[2025-04-08T15:52:54.158+0000] {processor.py:914} INFO - Processing file /opt/airflow/dags/driven_data_pipeline.py for tasks to queue
[2025-04-08T15:52:54.163+0000] {logging_mixin.py:190} INFO - [2025-04-08T15:52:54.162+0000] {dagbag.py:588} INFO - Filling up the DagBag from /opt/airflow/dags/driven_data_pipeline.py
[2025-04-08T15:52:54.358+0000] {processor.py:925} INFO - DAG(s) 'extract_raw_data_pipeline' retrieved from /opt/airflow/dags/driven_data_pipeline.py
[2025-04-08T15:52:54.384+0000] {logging_mixin.py:190} INFO - [2025-04-08T15:52:54.384+0000] {dag.py:3239} INFO - Sync 1 DAGs
[2025-04-08T15:52:54.408+0000] {logging_mixin.py:190} INFO - [2025-04-08T15:52:54.407+0000] {dag.py:4180} INFO - Setting next_dagrun for extract_raw_data_pipeline to 2025-04-08 07:58:00+00:00, run_after=2025-04-08 07:59:00+00:00
[2025-04-08T15:52:54.435+0000] {processor.py:208} INFO - Processing /opt/airflow/dags/driven_data_pipeline.py took 0.285 seconds
[2025-04-08T15:53:24.674+0000] {processor.py:186} INFO - Started process (PID=132) to work on /opt/airflow/dags/driven_data_pipeline.py
[2025-04-08T15:53:24.675+0000] {processor.py:914} INFO - Processing file /opt/airflow/dags/driven_data_pipeline.py for tasks to queue
[2025-04-08T15:53:24.679+0000] {logging_mixin.py:190} INFO - [2025-04-08T15:53:24.678+0000] {dagbag.py:588} INFO - Filling up the DagBag from /opt/airflow/dags/driven_data_pipeline.py
[2025-04-08T15:53:24.841+0000] {processor.py:925} INFO - DAG(s) 'extract_raw_data_pipeline' retrieved from /opt/airflow/dags/driven_data_pipeline.py
[2025-04-08T15:53:24.863+0000] {logging_mixin.py:190} INFO - [2025-04-08T15:53:24.863+0000] {dag.py:3239} INFO - Sync 1 DAGs
[2025-04-08T15:53:24.883+0000] {logging_mixin.py:190} INFO - [2025-04-08T15:53:24.882+0000] {dag.py:4180} INFO - Setting next_dagrun for extract_raw_data_pipeline to 2025-04-08 07:58:00+00:00, run_after=2025-04-08 07:59:00+00:00
[2025-04-08T15:53:24.900+0000] {processor.py:208} INFO - Processing /opt/airflow/dags/driven_data_pipeline.py took 0.234 seconds
[2025-04-08T15:53:55.037+0000] {processor.py:186} INFO - Started process (PID=135) to work on /opt/airflow/dags/driven_data_pipeline.py
[2025-04-08T15:53:55.038+0000] {processor.py:914} INFO - Processing file /opt/airflow/dags/driven_data_pipeline.py for tasks to queue
[2025-04-08T15:53:55.041+0000] {logging_mixin.py:190} INFO - [2025-04-08T15:53:55.041+0000] {dagbag.py:588} INFO - Filling up the DagBag from /opt/airflow/dags/driven_data_pipeline.py
[2025-04-08T15:53:55.213+0000] {processor.py:925} INFO - DAG(s) 'extract_raw_data_pipeline' retrieved from /opt/airflow/dags/driven_data_pipeline.py
[2025-04-08T15:53:55.237+0000] {logging_mixin.py:190} INFO - [2025-04-08T15:53:55.237+0000] {dag.py:3239} INFO - Sync 1 DAGs
[2025-04-08T15:53:55.258+0000] {logging_mixin.py:190} INFO - [2025-04-08T15:53:55.258+0000] {dag.py:4180} INFO - Setting next_dagrun for extract_raw_data_pipeline to 2025-04-08 07:58:00+00:00, run_after=2025-04-08 07:59:00+00:00
[2025-04-08T15:53:55.276+0000] {processor.py:208} INFO - Processing /opt/airflow/dags/driven_data_pipeline.py took 0.246 seconds
[2025-04-08T15:54:25.455+0000] {processor.py:186} INFO - Started process (PID=138) to work on /opt/airflow/dags/driven_data_pipeline.py
[2025-04-08T15:54:25.456+0000] {processor.py:914} INFO - Processing file /opt/airflow/dags/driven_data_pipeline.py for tasks to queue
[2025-04-08T15:54:25.461+0000] {logging_mixin.py:190} INFO - [2025-04-08T15:54:25.460+0000] {dagbag.py:588} INFO - Filling up the DagBag from /opt/airflow/dags/driven_data_pipeline.py
[2025-04-08T15:54:25.630+0000] {processor.py:925} INFO - DAG(s) 'extract_raw_data_pipeline' retrieved from /opt/airflow/dags/driven_data_pipeline.py
[2025-04-08T15:54:25.653+0000] {logging_mixin.py:190} INFO - [2025-04-08T15:54:25.652+0000] {dag.py:3239} INFO - Sync 1 DAGs
[2025-04-08T15:54:25.674+0000] {logging_mixin.py:190} INFO - [2025-04-08T15:54:25.674+0000] {dag.py:4180} INFO - Setting next_dagrun for extract_raw_data_pipeline to 2025-04-08 07:58:00+00:00, run_after=2025-04-08 07:59:00+00:00
[2025-04-08T15:54:25.697+0000] {processor.py:208} INFO - Processing /opt/airflow/dags/driven_data_pipeline.py took 0.251 seconds
[2025-04-08T15:54:55.829+0000] {processor.py:186} INFO - Started process (PID=141) to work on /opt/airflow/dags/driven_data_pipeline.py
[2025-04-08T15:54:55.831+0000] {processor.py:914} INFO - Processing file /opt/airflow/dags/driven_data_pipeline.py for tasks to queue
[2025-04-08T15:54:55.834+0000] {logging_mixin.py:190} INFO - [2025-04-08T15:54:55.833+0000] {dagbag.py:588} INFO - Filling up the DagBag from /opt/airflow/dags/driven_data_pipeline.py
[2025-04-08T15:54:56.007+0000] {processor.py:925} INFO - DAG(s) 'extract_raw_data_pipeline' retrieved from /opt/airflow/dags/driven_data_pipeline.py
[2025-04-08T15:54:56.033+0000] {logging_mixin.py:190} INFO - [2025-04-08T15:54:56.033+0000] {dag.py:3239} INFO - Sync 1 DAGs
[2025-04-08T15:54:56.057+0000] {logging_mixin.py:190} INFO - [2025-04-08T15:54:56.056+0000] {dag.py:4180} INFO - Setting next_dagrun for extract_raw_data_pipeline to 2025-04-08 07:58:00+00:00, run_after=2025-04-08 07:59:00+00:00
[2025-04-08T15:54:56.075+0000] {processor.py:208} INFO - Processing /opt/airflow/dags/driven_data_pipeline.py took 0.253 seconds
[2025-04-08T15:55:26.194+0000] {processor.py:186} INFO - Started process (PID=144) to work on /opt/airflow/dags/driven_data_pipeline.py
[2025-04-08T15:55:26.195+0000] {processor.py:914} INFO - Processing file /opt/airflow/dags/driven_data_pipeline.py for tasks to queue
[2025-04-08T15:55:26.198+0000] {logging_mixin.py:190} INFO - [2025-04-08T15:55:26.198+0000] {dagbag.py:588} INFO - Filling up the DagBag from /opt/airflow/dags/driven_data_pipeline.py
[2025-04-08T15:55:26.357+0000] {processor.py:925} INFO - DAG(s) 'extract_raw_data_pipeline' retrieved from /opt/airflow/dags/driven_data_pipeline.py
[2025-04-08T15:55:26.384+0000] {logging_mixin.py:190} INFO - [2025-04-08T15:55:26.383+0000] {dag.py:3239} INFO - Sync 1 DAGs
[2025-04-08T15:55:26.408+0000] {logging_mixin.py:190} INFO - [2025-04-08T15:55:26.408+0000] {dag.py:4180} INFO - Setting next_dagrun for extract_raw_data_pipeline to 2025-04-08 07:58:00+00:00, run_after=2025-04-08 07:59:00+00:00
[2025-04-08T15:55:26.428+0000] {processor.py:208} INFO - Processing /opt/airflow/dags/driven_data_pipeline.py took 0.239 seconds
[2025-04-08T15:55:56.575+0000] {processor.py:186} INFO - Started process (PID=147) to work on /opt/airflow/dags/driven_data_pipeline.py
[2025-04-08T15:55:56.576+0000] {processor.py:914} INFO - Processing file /opt/airflow/dags/driven_data_pipeline.py for tasks to queue
[2025-04-08T15:55:56.580+0000] {logging_mixin.py:190} INFO - [2025-04-08T15:55:56.580+0000] {dagbag.py:588} INFO - Filling up the DagBag from /opt/airflow/dags/driven_data_pipeline.py
[2025-04-08T15:55:56.761+0000] {processor.py:925} INFO - DAG(s) 'extract_raw_data_pipeline' retrieved from /opt/airflow/dags/driven_data_pipeline.py
[2025-04-08T15:55:56.787+0000] {logging_mixin.py:190} INFO - [2025-04-08T15:55:56.786+0000] {dag.py:3239} INFO - Sync 1 DAGs
[2025-04-08T15:55:56.811+0000] {logging_mixin.py:190} INFO - [2025-04-08T15:55:56.811+0000] {dag.py:4180} INFO - Setting next_dagrun for extract_raw_data_pipeline to 2025-04-08 07:58:00+00:00, run_after=2025-04-08 07:59:00+00:00
[2025-04-08T15:55:56.828+0000] {processor.py:208} INFO - Processing /opt/airflow/dags/driven_data_pipeline.py took 0.262 seconds
[2025-04-08T15:56:26.975+0000] {processor.py:186} INFO - Started process (PID=150) to work on /opt/airflow/dags/driven_data_pipeline.py
[2025-04-08T15:56:26.976+0000] {processor.py:914} INFO - Processing file /opt/airflow/dags/driven_data_pipeline.py for tasks to queue
[2025-04-08T15:56:26.979+0000] {logging_mixin.py:190} INFO - [2025-04-08T15:56:26.978+0000] {dagbag.py:588} INFO - Filling up the DagBag from /opt/airflow/dags/driven_data_pipeline.py
[2025-04-08T15:56:27.133+0000] {processor.py:925} INFO - DAG(s) 'extract_raw_data_pipeline' retrieved from /opt/airflow/dags/driven_data_pipeline.py
[2025-04-08T15:56:27.156+0000] {logging_mixin.py:190} INFO - [2025-04-08T15:56:27.156+0000] {dag.py:3239} INFO - Sync 1 DAGs
[2025-04-08T15:56:27.176+0000] {logging_mixin.py:190} INFO - [2025-04-08T15:56:27.175+0000] {dag.py:4180} INFO - Setting next_dagrun for extract_raw_data_pipeline to 2025-04-08 07:58:00+00:00, run_after=2025-04-08 07:59:00+00:00
[2025-04-08T15:56:27.194+0000] {processor.py:208} INFO - Processing /opt/airflow/dags/driven_data_pipeline.py took 0.225 seconds
[2025-04-08T15:56:57.401+0000] {processor.py:186} INFO - Started process (PID=153) to work on /opt/airflow/dags/driven_data_pipeline.py
[2025-04-08T15:56:57.402+0000] {processor.py:914} INFO - Processing file /opt/airflow/dags/driven_data_pipeline.py for tasks to queue
[2025-04-08T15:56:57.404+0000] {logging_mixin.py:190} INFO - [2025-04-08T15:56:57.404+0000] {dagbag.py:588} INFO - Filling up the DagBag from /opt/airflow/dags/driven_data_pipeline.py
[2025-04-08T15:56:57.551+0000] {processor.py:925} INFO - DAG(s) 'extract_raw_data_pipeline' retrieved from /opt/airflow/dags/driven_data_pipeline.py
[2025-04-08T15:56:57.572+0000] {logging_mixin.py:190} INFO - [2025-04-08T15:56:57.572+0000] {dag.py:3239} INFO - Sync 1 DAGs
[2025-04-08T15:56:57.596+0000] {logging_mixin.py:190} INFO - [2025-04-08T15:56:57.596+0000] {dag.py:4180} INFO - Setting next_dagrun for extract_raw_data_pipeline to 2025-04-08 07:58:00+00:00, run_after=2025-04-08 07:59:00+00:00
[2025-04-08T15:56:57.614+0000] {processor.py:208} INFO - Processing /opt/airflow/dags/driven_data_pipeline.py took 0.219 seconds
[2025-04-08T15:57:27.757+0000] {processor.py:186} INFO - Started process (PID=156) to work on /opt/airflow/dags/driven_data_pipeline.py
[2025-04-08T15:57:27.759+0000] {processor.py:914} INFO - Processing file /opt/airflow/dags/driven_data_pipeline.py for tasks to queue
[2025-04-08T15:57:27.761+0000] {logging_mixin.py:190} INFO - [2025-04-08T15:57:27.761+0000] {dagbag.py:588} INFO - Filling up the DagBag from /opt/airflow/dags/driven_data_pipeline.py
[2025-04-08T15:57:27.927+0000] {processor.py:925} INFO - DAG(s) 'extract_raw_data_pipeline' retrieved from /opt/airflow/dags/driven_data_pipeline.py
[2025-04-08T15:57:27.955+0000] {logging_mixin.py:190} INFO - [2025-04-08T15:57:27.955+0000] {dag.py:3239} INFO - Sync 1 DAGs
[2025-04-08T15:57:27.983+0000] {logging_mixin.py:190} INFO - [2025-04-08T15:57:27.982+0000] {dag.py:4180} INFO - Setting next_dagrun for extract_raw_data_pipeline to 2025-04-08 07:58:00+00:00, run_after=2025-04-08 07:59:00+00:00
[2025-04-08T15:57:28.003+0000] {processor.py:208} INFO - Processing /opt/airflow/dags/driven_data_pipeline.py took 0.253 seconds
[2025-04-08T15:57:58.171+0000] {processor.py:186} INFO - Started process (PID=159) to work on /opt/airflow/dags/driven_data_pipeline.py
[2025-04-08T15:57:58.172+0000] {processor.py:914} INFO - Processing file /opt/airflow/dags/driven_data_pipeline.py for tasks to queue
[2025-04-08T15:57:58.175+0000] {logging_mixin.py:190} INFO - [2025-04-08T15:57:58.174+0000] {dagbag.py:588} INFO - Filling up the DagBag from /opt/airflow/dags/driven_data_pipeline.py
[2025-04-08T15:57:58.314+0000] {processor.py:925} INFO - DAG(s) 'extract_raw_data_pipeline' retrieved from /opt/airflow/dags/driven_data_pipeline.py
[2025-04-08T15:57:58.335+0000] {logging_mixin.py:190} INFO - [2025-04-08T15:57:58.335+0000] {dag.py:3239} INFO - Sync 1 DAGs
[2025-04-08T15:57:58.354+0000] {logging_mixin.py:190} INFO - [2025-04-08T15:57:58.354+0000] {dag.py:4180} INFO - Setting next_dagrun for extract_raw_data_pipeline to 2025-04-08 07:58:00+00:00, run_after=2025-04-08 07:59:00+00:00
[2025-04-08T15:57:58.377+0000] {processor.py:208} INFO - Processing /opt/airflow/dags/driven_data_pipeline.py took 0.211 seconds
[2025-04-08T15:58:28.586+0000] {processor.py:186} INFO - Started process (PID=162) to work on /opt/airflow/dags/driven_data_pipeline.py
[2025-04-08T15:58:28.588+0000] {processor.py:914} INFO - Processing file /opt/airflow/dags/driven_data_pipeline.py for tasks to queue
[2025-04-08T15:58:28.590+0000] {logging_mixin.py:190} INFO - [2025-04-08T15:58:28.590+0000] {dagbag.py:588} INFO - Filling up the DagBag from /opt/airflow/dags/driven_data_pipeline.py
[2025-04-08T15:58:28.734+0000] {processor.py:925} INFO - DAG(s) 'extract_raw_data_pipeline' retrieved from /opt/airflow/dags/driven_data_pipeline.py
[2025-04-08T15:58:28.761+0000] {logging_mixin.py:190} INFO - [2025-04-08T15:58:28.761+0000] {dag.py:3239} INFO - Sync 1 DAGs
[2025-04-08T15:58:28.782+0000] {logging_mixin.py:190} INFO - [2025-04-08T15:58:28.781+0000] {dag.py:4180} INFO - Setting next_dagrun for extract_raw_data_pipeline to 2025-04-08 07:58:00+00:00, run_after=2025-04-08 07:59:00+00:00
[2025-04-08T15:58:28.799+0000] {processor.py:208} INFO - Processing /opt/airflow/dags/driven_data_pipeline.py took 0.219 seconds
[2025-04-08T16:42:34.202+0000] {processor.py:186} INFO - Started process (PID=164) to work on /opt/airflow/dags/driven_data_pipeline.py
[2025-04-08T16:42:34.203+0000] {processor.py:914} INFO - Processing file /opt/airflow/dags/driven_data_pipeline.py for tasks to queue
[2025-04-08T16:42:34.206+0000] {logging_mixin.py:190} INFO - [2025-04-08T16:42:34.206+0000] {dagbag.py:588} INFO - Filling up the DagBag from /opt/airflow/dags/driven_data_pipeline.py
[2025-04-08T16:42:34.439+0000] {processor.py:925} INFO - DAG(s) 'extract_raw_data_pipeline' retrieved from /opt/airflow/dags/driven_data_pipeline.py
[2025-04-08T16:42:34.467+0000] {logging_mixin.py:190} INFO - [2025-04-08T16:42:34.467+0000] {dag.py:3239} INFO - Sync 1 DAGs
[2025-04-08T16:42:34.498+0000] {logging_mixin.py:190} INFO - [2025-04-08T16:42:34.498+0000] {dag.py:4180} INFO - Setting next_dagrun for extract_raw_data_pipeline to 2025-04-08 07:58:00+00:00, run_after=2025-04-08 07:59:00+00:00
[2025-04-08T16:42:34.531+0000] {processor.py:208} INFO - Processing /opt/airflow/dags/driven_data_pipeline.py took 0.336 seconds
[2025-04-08T16:43:05.170+0000] {processor.py:186} INFO - Started process (PID=167) to work on /opt/airflow/dags/driven_data_pipeline.py
[2025-04-08T16:43:05.173+0000] {processor.py:914} INFO - Processing file /opt/airflow/dags/driven_data_pipeline.py for tasks to queue
[2025-04-08T16:43:05.180+0000] {logging_mixin.py:190} INFO - [2025-04-08T16:43:05.179+0000] {dagbag.py:588} INFO - Filling up the DagBag from /opt/airflow/dags/driven_data_pipeline.py
[2025-04-08T16:43:05.528+0000] {processor.py:925} INFO - DAG(s) 'extract_raw_data_pipeline' retrieved from /opt/airflow/dags/driven_data_pipeline.py
[2025-04-08T16:43:05.590+0000] {logging_mixin.py:190} INFO - [2025-04-08T16:43:05.590+0000] {dag.py:3239} INFO - Sync 1 DAGs
[2025-04-08T16:43:05.661+0000] {logging_mixin.py:190} INFO - [2025-04-08T16:43:05.660+0000] {dag.py:4180} INFO - Setting next_dagrun for extract_raw_data_pipeline to 2025-04-08 07:58:00+00:00, run_after=2025-04-08 07:59:00+00:00
[2025-04-08T16:43:05.724+0000] {processor.py:208} INFO - Processing /opt/airflow/dags/driven_data_pipeline.py took 0.568 seconds
[2025-04-08T16:43:36.206+0000] {processor.py:186} INFO - Started process (PID=170) to work on /opt/airflow/dags/driven_data_pipeline.py
[2025-04-08T16:43:36.208+0000] {processor.py:914} INFO - Processing file /opt/airflow/dags/driven_data_pipeline.py for tasks to queue
[2025-04-08T16:43:36.212+0000] {logging_mixin.py:190} INFO - [2025-04-08T16:43:36.211+0000] {dagbag.py:588} INFO - Filling up the DagBag from /opt/airflow/dags/driven_data_pipeline.py
[2025-04-08T16:43:36.435+0000] {processor.py:925} INFO - DAG(s) 'extract_raw_data_pipeline' retrieved from /opt/airflow/dags/driven_data_pipeline.py
[2025-04-08T16:43:36.475+0000] {logging_mixin.py:190} INFO - [2025-04-08T16:43:36.475+0000] {dag.py:3239} INFO - Sync 1 DAGs
[2025-04-08T16:43:36.511+0000] {logging_mixin.py:190} INFO - [2025-04-08T16:43:36.510+0000] {dag.py:4180} INFO - Setting next_dagrun for extract_raw_data_pipeline to 2025-04-08 07:58:00+00:00, run_after=2025-04-08 07:59:00+00:00
[2025-04-08T16:43:36.547+0000] {processor.py:208} INFO - Processing /opt/airflow/dags/driven_data_pipeline.py took 0.351 seconds
[2025-04-08T16:46:05.360+0000] {processor.py:186} INFO - Started process (PID=31) to work on /opt/airflow/dags/driven_data_pipeline.py
[2025-04-08T16:46:05.362+0000] {processor.py:914} INFO - Processing file /opt/airflow/dags/driven_data_pipeline.py for tasks to queue
[2025-04-08T16:46:05.366+0000] {logging_mixin.py:190} INFO - [2025-04-08T16:46:05.365+0000] {dagbag.py:588} INFO - Filling up the DagBag from /opt/airflow/dags/driven_data_pipeline.py
[2025-04-08T16:46:05.825+0000] {processor.py:925} INFO - DAG(s) 'extract_raw_data_pipeline' retrieved from /opt/airflow/dags/driven_data_pipeline.py
[2025-04-08T16:46:06.090+0000] {logging_mixin.py:190} INFO - [2025-04-08T16:46:06.088+0000] {override.py:1900} INFO - Created Permission View: can delete on DAG:extract_raw_data_pipeline
[2025-04-08T16:46:06.106+0000] {logging_mixin.py:190} INFO - [2025-04-08T16:46:06.106+0000] {override.py:1900} INFO - Created Permission View: can edit on DAG:extract_raw_data_pipeline
[2025-04-08T16:46:06.117+0000] {logging_mixin.py:190} INFO - [2025-04-08T16:46:06.117+0000] {override.py:1900} INFO - Created Permission View: can read on DAG:extract_raw_data_pipeline
[2025-04-08T16:46:06.130+0000] {logging_mixin.py:190} INFO - [2025-04-08T16:46:06.129+0000] {override.py:1900} INFO - Created Permission View: can delete on DAG Run:extract_raw_data_pipeline
[2025-04-08T16:46:06.139+0000] {logging_mixin.py:190} INFO - [2025-04-08T16:46:06.139+0000] {override.py:1900} INFO - Created Permission View: can create on DAG Run:extract_raw_data_pipeline
[2025-04-08T16:46:06.150+0000] {logging_mixin.py:190} INFO - [2025-04-08T16:46:06.149+0000] {override.py:1900} INFO - Created Permission View: can read on DAG Run:extract_raw_data_pipeline
[2025-04-08T16:46:06.159+0000] {logging_mixin.py:190} INFO - [2025-04-08T16:46:06.159+0000] {override.py:1900} INFO - Created Permission View: menu access on DAG Run:extract_raw_data_pipeline
[2025-04-08T16:46:06.160+0000] {logging_mixin.py:190} INFO - [2025-04-08T16:46:06.160+0000] {dag.py:3239} INFO - Sync 1 DAGs
[2025-04-08T16:46:06.177+0000] {logging_mixin.py:190} INFO - [2025-04-08T16:46:06.177+0000] {dag.py:3262} INFO - Creating ORM DAG for extract_raw_data_pipeline
[2025-04-08T16:46:06.201+0000] {logging_mixin.py:190} INFO - [2025-04-08T16:46:06.200+0000] {dag.py:4180} INFO - Setting next_dagrun for extract_raw_data_pipeline to 2025-04-08 07:58:00+00:00, run_after=2025-04-08 07:59:00+00:00
[2025-04-08T16:46:06.236+0000] {processor.py:208} INFO - Processing /opt/airflow/dags/driven_data_pipeline.py took 0.887 seconds
[2025-04-08T16:46:36.963+0000] {processor.py:186} INFO - Started process (PID=34) to work on /opt/airflow/dags/driven_data_pipeline.py
[2025-04-08T16:46:36.965+0000] {processor.py:914} INFO - Processing file /opt/airflow/dags/driven_data_pipeline.py for tasks to queue
[2025-04-08T16:46:36.971+0000] {logging_mixin.py:190} INFO - [2025-04-08T16:46:36.970+0000] {dagbag.py:588} INFO - Filling up the DagBag from /opt/airflow/dags/driven_data_pipeline.py
[2025-04-08T16:46:37.378+0000] {processor.py:925} INFO - DAG(s) 'extract_raw_data_pipeline' retrieved from /opt/airflow/dags/driven_data_pipeline.py
[2025-04-08T16:46:37.402+0000] {logging_mixin.py:190} INFO - [2025-04-08T16:46:37.402+0000] {dag.py:3239} INFO - Sync 1 DAGs
[2025-04-08T16:46:37.427+0000] {logging_mixin.py:190} INFO - [2025-04-08T16:46:37.427+0000] {dag.py:4180} INFO - Setting next_dagrun for extract_raw_data_pipeline to 2025-04-08 07:58:00+00:00, run_after=2025-04-08 07:59:00+00:00
[2025-04-08T16:46:37.446+0000] {processor.py:208} INFO - Processing /opt/airflow/dags/driven_data_pipeline.py took 0.494 seconds
[2025-04-08T16:47:07.606+0000] {processor.py:186} INFO - Started process (PID=37) to work on /opt/airflow/dags/driven_data_pipeline.py
[2025-04-08T16:47:07.607+0000] {processor.py:914} INFO - Processing file /opt/airflow/dags/driven_data_pipeline.py for tasks to queue
[2025-04-08T16:47:07.610+0000] {logging_mixin.py:190} INFO - [2025-04-08T16:47:07.610+0000] {dagbag.py:588} INFO - Filling up the DagBag from /opt/airflow/dags/driven_data_pipeline.py
[2025-04-08T16:47:07.986+0000] {processor.py:925} INFO - DAG(s) 'extract_raw_data_pipeline' retrieved from /opt/airflow/dags/driven_data_pipeline.py
[2025-04-08T16:47:08.010+0000] {logging_mixin.py:190} INFO - [2025-04-08T16:47:08.010+0000] {dag.py:3239} INFO - Sync 1 DAGs
[2025-04-08T16:47:08.030+0000] {logging_mixin.py:190} INFO - [2025-04-08T16:47:08.030+0000] {dag.py:4180} INFO - Setting next_dagrun for extract_raw_data_pipeline to 2025-04-08 07:58:00+00:00, run_after=2025-04-08 07:59:00+00:00
[2025-04-08T16:47:08.049+0000] {processor.py:208} INFO - Processing /opt/airflow/dags/driven_data_pipeline.py took 0.450 seconds
[2025-04-08T16:47:38.846+0000] {processor.py:186} INFO - Started process (PID=40) to work on /opt/airflow/dags/driven_data_pipeline.py
[2025-04-08T16:47:38.847+0000] {processor.py:914} INFO - Processing file /opt/airflow/dags/driven_data_pipeline.py for tasks to queue
[2025-04-08T16:47:38.851+0000] {logging_mixin.py:190} INFO - [2025-04-08T16:47:38.851+0000] {dagbag.py:588} INFO - Filling up the DagBag from /opt/airflow/dags/driven_data_pipeline.py
[2025-04-08T16:47:39.271+0000] {processor.py:925} INFO - DAG(s) 'extract_raw_data_pipeline' retrieved from /opt/airflow/dags/driven_data_pipeline.py
[2025-04-08T16:47:39.293+0000] {logging_mixin.py:190} INFO - [2025-04-08T16:47:39.293+0000] {dag.py:3239} INFO - Sync 1 DAGs
[2025-04-08T16:47:39.315+0000] {logging_mixin.py:190} INFO - [2025-04-08T16:47:39.315+0000] {dag.py:4180} INFO - Setting next_dagrun for extract_raw_data_pipeline to 2025-04-08 07:58:00+00:00, run_after=2025-04-08 07:59:00+00:00
[2025-04-08T16:47:39.332+0000] {processor.py:208} INFO - Processing /opt/airflow/dags/driven_data_pipeline.py took 0.495 seconds
[2025-04-08T16:48:09.427+0000] {processor.py:186} INFO - Started process (PID=43) to work on /opt/airflow/dags/driven_data_pipeline.py
[2025-04-08T16:48:09.429+0000] {processor.py:914} INFO - Processing file /opt/airflow/dags/driven_data_pipeline.py for tasks to queue
[2025-04-08T16:48:09.432+0000] {logging_mixin.py:190} INFO - [2025-04-08T16:48:09.432+0000] {dagbag.py:588} INFO - Filling up the DagBag from /opt/airflow/dags/driven_data_pipeline.py
[2025-04-08T16:48:09.842+0000] {processor.py:925} INFO - DAG(s) 'extract_raw_data_pipeline' retrieved from /opt/airflow/dags/driven_data_pipeline.py
[2025-04-08T16:48:09.866+0000] {logging_mixin.py:190} INFO - [2025-04-08T16:48:09.865+0000] {dag.py:3239} INFO - Sync 1 DAGs
[2025-04-08T16:48:09.885+0000] {logging_mixin.py:190} INFO - [2025-04-08T16:48:09.884+0000] {dag.py:4180} INFO - Setting next_dagrun for extract_raw_data_pipeline to 2025-04-08 07:58:00+00:00, run_after=2025-04-08 07:59:00+00:00
[2025-04-08T16:48:09.904+0000] {processor.py:208} INFO - Processing /opt/airflow/dags/driven_data_pipeline.py took 0.483 seconds
[2025-04-08T16:48:40.036+0000] {processor.py:186} INFO - Started process (PID=52) to work on /opt/airflow/dags/driven_data_pipeline.py
[2025-04-08T16:48:40.039+0000] {processor.py:914} INFO - Processing file /opt/airflow/dags/driven_data_pipeline.py for tasks to queue
[2025-04-08T16:48:40.047+0000] {logging_mixin.py:190} INFO - [2025-04-08T16:48:40.047+0000] {dagbag.py:588} INFO - Filling up the DagBag from /opt/airflow/dags/driven_data_pipeline.py
[2025-04-08T16:48:40.983+0000] {processor.py:925} INFO - DAG(s) 'extract_raw_data_pipeline' retrieved from /opt/airflow/dags/driven_data_pipeline.py
[2025-04-08T16:48:41.095+0000] {logging_mixin.py:190} INFO - [2025-04-08T16:48:41.093+0000] {dag.py:3239} INFO - Sync 1 DAGs
[2025-04-08T16:48:41.164+0000] {logging_mixin.py:190} INFO - [2025-04-08T16:48:41.163+0000] {dag.py:4180} INFO - Setting next_dagrun for extract_raw_data_pipeline to 2025-04-08 07:59:00+00:00, run_after=2025-04-09 07:00:00+00:00
[2025-04-08T16:48:41.227+0000] {processor.py:208} INFO - Processing /opt/airflow/dags/driven_data_pipeline.py took 1.206 seconds
[2025-04-08T16:49:11.613+0000] {processor.py:186} INFO - Started process (PID=55) to work on /opt/airflow/dags/driven_data_pipeline.py
[2025-04-08T16:49:11.615+0000] {processor.py:914} INFO - Processing file /opt/airflow/dags/driven_data_pipeline.py for tasks to queue
[2025-04-08T16:49:11.621+0000] {logging_mixin.py:190} INFO - [2025-04-08T16:49:11.620+0000] {dagbag.py:588} INFO - Filling up the DagBag from /opt/airflow/dags/driven_data_pipeline.py
[2025-04-08T16:49:12.054+0000] {processor.py:925} INFO - DAG(s) 'extract_raw_data_pipeline' retrieved from /opt/airflow/dags/driven_data_pipeline.py
[2025-04-08T16:49:12.084+0000] {logging_mixin.py:190} INFO - [2025-04-08T16:49:12.083+0000] {dag.py:3239} INFO - Sync 1 DAGs
[2025-04-08T16:49:12.106+0000] {logging_mixin.py:190} INFO - [2025-04-08T16:49:12.106+0000] {dag.py:4180} INFO - Setting next_dagrun for extract_raw_data_pipeline to 2025-04-08 07:59:00+00:00, run_after=2025-04-09 07:00:00+00:00
[2025-04-08T16:49:12.123+0000] {processor.py:208} INFO - Processing /opt/airflow/dags/driven_data_pipeline.py took 0.524 seconds
[2025-04-08T16:49:42.643+0000] {processor.py:186} INFO - Started process (PID=58) to work on /opt/airflow/dags/driven_data_pipeline.py
[2025-04-08T16:49:42.645+0000] {processor.py:914} INFO - Processing file /opt/airflow/dags/driven_data_pipeline.py for tasks to queue
[2025-04-08T16:49:42.650+0000] {logging_mixin.py:190} INFO - [2025-04-08T16:49:42.649+0000] {dagbag.py:588} INFO - Filling up the DagBag from /opt/airflow/dags/driven_data_pipeline.py
[2025-04-08T16:49:43.204+0000] {processor.py:925} INFO - DAG(s) 'extract_raw_data_pipeline' retrieved from /opt/airflow/dags/driven_data_pipeline.py
[2025-04-08T16:49:43.243+0000] {logging_mixin.py:190} INFO - [2025-04-08T16:49:43.243+0000] {dag.py:3239} INFO - Sync 1 DAGs
[2025-04-08T16:49:43.273+0000] {logging_mixin.py:190} INFO - [2025-04-08T16:49:43.273+0000] {dag.py:4180} INFO - Setting next_dagrun for extract_raw_data_pipeline to 2025-04-08 07:59:00+00:00, run_after=2025-04-09 07:00:00+00:00
[2025-04-08T16:49:43.307+0000] {processor.py:208} INFO - Processing /opt/airflow/dags/driven_data_pipeline.py took 0.675 seconds
[2025-04-08T16:50:14.048+0000] {processor.py:186} INFO - Started process (PID=61) to work on /opt/airflow/dags/driven_data_pipeline.py
[2025-04-08T16:50:14.050+0000] {processor.py:914} INFO - Processing file /opt/airflow/dags/driven_data_pipeline.py for tasks to queue
[2025-04-08T16:50:14.056+0000] {logging_mixin.py:190} INFO - [2025-04-08T16:50:14.054+0000] {dagbag.py:588} INFO - Filling up the DagBag from /opt/airflow/dags/driven_data_pipeline.py
[2025-04-08T16:50:14.626+0000] {processor.py:925} INFO - DAG(s) 'extract_raw_data_pipeline' retrieved from /opt/airflow/dags/driven_data_pipeline.py
[2025-04-08T16:50:14.663+0000] {logging_mixin.py:190} INFO - [2025-04-08T16:50:14.663+0000] {dag.py:3239} INFO - Sync 1 DAGs
[2025-04-08T16:50:14.692+0000] {logging_mixin.py:190} INFO - [2025-04-08T16:50:14.692+0000] {dag.py:4180} INFO - Setting next_dagrun for extract_raw_data_pipeline to 2025-04-08 07:59:00+00:00, run_after=2025-04-09 07:00:00+00:00
[2025-04-08T16:50:14.717+0000] {processor.py:208} INFO - Processing /opt/airflow/dags/driven_data_pipeline.py took 0.683 seconds
[2025-04-08T16:50:44.844+0000] {processor.py:186} INFO - Started process (PID=64) to work on /opt/airflow/dags/driven_data_pipeline.py
[2025-04-08T16:50:44.846+0000] {processor.py:914} INFO - Processing file /opt/airflow/dags/driven_data_pipeline.py for tasks to queue
[2025-04-08T16:50:44.850+0000] {logging_mixin.py:190} INFO - [2025-04-08T16:50:44.849+0000] {dagbag.py:588} INFO - Filling up the DagBag from /opt/airflow/dags/driven_data_pipeline.py
[2025-04-08T16:50:45.415+0000] {processor.py:925} INFO - DAG(s) 'extract_raw_data_pipeline' retrieved from /opt/airflow/dags/driven_data_pipeline.py
[2025-04-08T16:50:45.447+0000] {logging_mixin.py:190} INFO - [2025-04-08T16:50:45.446+0000] {dag.py:3239} INFO - Sync 1 DAGs
[2025-04-08T16:50:45.477+0000] {logging_mixin.py:190} INFO - [2025-04-08T16:50:45.476+0000] {dag.py:4180} INFO - Setting next_dagrun for extract_raw_data_pipeline to 2025-04-08 07:59:00+00:00, run_after=2025-04-09 07:00:00+00:00
[2025-04-08T16:50:45.502+0000] {processor.py:208} INFO - Processing /opt/airflow/dags/driven_data_pipeline.py took 0.668 seconds
[2025-04-08T16:51:16.080+0000] {processor.py:186} INFO - Started process (PID=67) to work on /opt/airflow/dags/driven_data_pipeline.py
[2025-04-08T16:51:16.082+0000] {processor.py:914} INFO - Processing file /opt/airflow/dags/driven_data_pipeline.py for tasks to queue
[2025-04-08T16:51:16.086+0000] {logging_mixin.py:190} INFO - [2025-04-08T16:51:16.085+0000] {dagbag.py:588} INFO - Filling up the DagBag from /opt/airflow/dags/driven_data_pipeline.py
[2025-04-08T16:51:16.493+0000] {processor.py:925} INFO - DAG(s) 'extract_raw_data_pipeline' retrieved from /opt/airflow/dags/driven_data_pipeline.py
[2025-04-08T16:51:16.534+0000] {logging_mixin.py:190} INFO - [2025-04-08T16:51:16.534+0000] {dag.py:3239} INFO - Sync 1 DAGs
[2025-04-08T16:51:16.561+0000] {logging_mixin.py:190} INFO - [2025-04-08T16:51:16.561+0000] {dag.py:4180} INFO - Setting next_dagrun for extract_raw_data_pipeline to 2025-04-08 07:59:00+00:00, run_after=2025-04-09 07:00:00+00:00
[2025-04-08T16:51:16.583+0000] {processor.py:208} INFO - Processing /opt/airflow/dags/driven_data_pipeline.py took 0.511 seconds
[2025-04-08T16:51:47.187+0000] {processor.py:186} INFO - Started process (PID=70) to work on /opt/airflow/dags/driven_data_pipeline.py
[2025-04-08T16:51:47.193+0000] {processor.py:914} INFO - Processing file /opt/airflow/dags/driven_data_pipeline.py for tasks to queue
[2025-04-08T16:51:47.201+0000] {logging_mixin.py:190} INFO - [2025-04-08T16:51:47.200+0000] {dagbag.py:588} INFO - Filling up the DagBag from /opt/airflow/dags/driven_data_pipeline.py
[2025-04-08T16:51:47.678+0000] {processor.py:925} INFO - DAG(s) 'extract_raw_data_pipeline' retrieved from /opt/airflow/dags/driven_data_pipeline.py
[2025-04-08T16:51:47.703+0000] {logging_mixin.py:190} INFO - [2025-04-08T16:51:47.702+0000] {dag.py:3239} INFO - Sync 1 DAGs
[2025-04-08T16:51:47.726+0000] {logging_mixin.py:190} INFO - [2025-04-08T16:51:47.726+0000] {dag.py:4180} INFO - Setting next_dagrun for extract_raw_data_pipeline to 2025-04-08 07:59:00+00:00, run_after=2025-04-09 07:00:00+00:00
[2025-04-08T16:51:47.748+0000] {processor.py:208} INFO - Processing /opt/airflow/dags/driven_data_pipeline.py took 0.590 seconds
[2025-04-08T16:52:18.115+0000] {processor.py:186} INFO - Started process (PID=73) to work on /opt/airflow/dags/driven_data_pipeline.py
[2025-04-08T16:52:18.117+0000] {processor.py:914} INFO - Processing file /opt/airflow/dags/driven_data_pipeline.py for tasks to queue
[2025-04-08T16:52:18.121+0000] {logging_mixin.py:190} INFO - [2025-04-08T16:52:18.120+0000] {dagbag.py:588} INFO - Filling up the DagBag from /opt/airflow/dags/driven_data_pipeline.py
[2025-04-08T16:52:18.633+0000] {processor.py:925} INFO - DAG(s) 'extract_raw_data_pipeline' retrieved from /opt/airflow/dags/driven_data_pipeline.py
[2025-04-08T16:52:18.663+0000] {logging_mixin.py:190} INFO - [2025-04-08T16:52:18.663+0000] {dag.py:3239} INFO - Sync 1 DAGs
[2025-04-08T16:52:18.691+0000] {logging_mixin.py:190} INFO - [2025-04-08T16:52:18.691+0000] {dag.py:4180} INFO - Setting next_dagrun for extract_raw_data_pipeline to 2025-04-08 07:59:00+00:00, run_after=2025-04-09 07:00:00+00:00
[2025-04-08T16:52:18.719+0000] {processor.py:208} INFO - Processing /opt/airflow/dags/driven_data_pipeline.py took 0.615 seconds
[2025-04-08T16:52:49.112+0000] {processor.py:186} INFO - Started process (PID=76) to work on /opt/airflow/dags/driven_data_pipeline.py
[2025-04-08T16:52:49.117+0000] {processor.py:914} INFO - Processing file /opt/airflow/dags/driven_data_pipeline.py for tasks to queue
[2025-04-08T16:52:49.122+0000] {logging_mixin.py:190} INFO - [2025-04-08T16:52:49.121+0000] {dagbag.py:588} INFO - Filling up the DagBag from /opt/airflow/dags/driven_data_pipeline.py
[2025-04-08T16:52:49.502+0000] {processor.py:925} INFO - DAG(s) 'extract_raw_data_pipeline' retrieved from /opt/airflow/dags/driven_data_pipeline.py
[2025-04-08T16:52:49.539+0000] {logging_mixin.py:190} INFO - [2025-04-08T16:52:49.538+0000] {dag.py:3239} INFO - Sync 1 DAGs
[2025-04-08T16:52:49.574+0000] {logging_mixin.py:190} INFO - [2025-04-08T16:52:49.574+0000] {dag.py:4180} INFO - Setting next_dagrun for extract_raw_data_pipeline to 2025-04-08 07:59:00+00:00, run_after=2025-04-09 07:00:00+00:00
[2025-04-08T16:52:49.604+0000] {processor.py:208} INFO - Processing /opt/airflow/dags/driven_data_pipeline.py took 0.499 seconds
[2025-04-08T16:53:20.103+0000] {processor.py:186} INFO - Started process (PID=79) to work on /opt/airflow/dags/driven_data_pipeline.py
[2025-04-08T16:53:20.105+0000] {processor.py:914} INFO - Processing file /opt/airflow/dags/driven_data_pipeline.py for tasks to queue
[2025-04-08T16:53:20.110+0000] {logging_mixin.py:190} INFO - [2025-04-08T16:53:20.109+0000] {dagbag.py:588} INFO - Filling up the DagBag from /opt/airflow/dags/driven_data_pipeline.py
[2025-04-08T16:53:20.712+0000] {processor.py:925} INFO - DAG(s) 'extract_raw_data_pipeline' retrieved from /opt/airflow/dags/driven_data_pipeline.py
[2025-04-08T16:53:20.765+0000] {logging_mixin.py:190} INFO - [2025-04-08T16:53:20.765+0000] {dag.py:3239} INFO - Sync 1 DAGs
[2025-04-08T16:53:20.826+0000] {logging_mixin.py:190} INFO - [2025-04-08T16:53:20.826+0000] {dag.py:4180} INFO - Setting next_dagrun for extract_raw_data_pipeline to 2025-04-08 07:59:00+00:00, run_after=2025-04-09 07:00:00+00:00
[2025-04-08T16:53:20.865+0000] {processor.py:208} INFO - Processing /opt/airflow/dags/driven_data_pipeline.py took 0.774 seconds
[2025-04-08T16:53:51.037+0000] {processor.py:186} INFO - Started process (PID=82) to work on /opt/airflow/dags/driven_data_pipeline.py
[2025-04-08T16:53:51.038+0000] {processor.py:914} INFO - Processing file /opt/airflow/dags/driven_data_pipeline.py for tasks to queue
[2025-04-08T16:53:51.042+0000] {logging_mixin.py:190} INFO - [2025-04-08T16:53:51.041+0000] {dagbag.py:588} INFO - Filling up the DagBag from /opt/airflow/dags/driven_data_pipeline.py
[2025-04-08T16:53:51.484+0000] {processor.py:925} INFO - DAG(s) 'extract_raw_data_pipeline' retrieved from /opt/airflow/dags/driven_data_pipeline.py
[2025-04-08T16:53:51.523+0000] {logging_mixin.py:190} INFO - [2025-04-08T16:53:51.523+0000] {dag.py:3239} INFO - Sync 1 DAGs
[2025-04-08T16:53:51.556+0000] {logging_mixin.py:190} INFO - [2025-04-08T16:53:51.556+0000] {dag.py:4180} INFO - Setting next_dagrun for extract_raw_data_pipeline to 2025-04-08 07:59:00+00:00, run_after=2025-04-09 07:00:00+00:00
[2025-04-08T16:53:51.584+0000] {processor.py:208} INFO - Processing /opt/airflow/dags/driven_data_pipeline.py took 0.556 seconds
[2025-04-08T16:54:21.972+0000] {processor.py:186} INFO - Started process (PID=85) to work on /opt/airflow/dags/driven_data_pipeline.py
[2025-04-08T16:54:21.974+0000] {processor.py:914} INFO - Processing file /opt/airflow/dags/driven_data_pipeline.py for tasks to queue
[2025-04-08T16:54:21.978+0000] {logging_mixin.py:190} INFO - [2025-04-08T16:54:21.977+0000] {dagbag.py:588} INFO - Filling up the DagBag from /opt/airflow/dags/driven_data_pipeline.py
[2025-04-08T16:54:22.644+0000] {processor.py:925} INFO - DAG(s) 'extract_raw_data_pipeline' retrieved from /opt/airflow/dags/driven_data_pipeline.py
[2025-04-08T16:54:22.688+0000] {logging_mixin.py:190} INFO - [2025-04-08T16:54:22.688+0000] {dag.py:3239} INFO - Sync 1 DAGs
[2025-04-08T16:54:22.725+0000] {logging_mixin.py:190} INFO - [2025-04-08T16:54:22.725+0000] {dag.py:4180} INFO - Setting next_dagrun for extract_raw_data_pipeline to 2025-04-08 07:59:00+00:00, run_after=2025-04-09 07:00:00+00:00
[2025-04-08T16:54:22.763+0000] {processor.py:208} INFO - Processing /opt/airflow/dags/driven_data_pipeline.py took 0.800 seconds
[2025-04-08T16:54:53.334+0000] {processor.py:186} INFO - Started process (PID=88) to work on /opt/airflow/dags/driven_data_pipeline.py
[2025-04-08T16:54:53.335+0000] {processor.py:914} INFO - Processing file /opt/airflow/dags/driven_data_pipeline.py for tasks to queue
[2025-04-08T16:54:53.338+0000] {logging_mixin.py:190} INFO - [2025-04-08T16:54:53.338+0000] {dagbag.py:588} INFO - Filling up the DagBag from /opt/airflow/dags/driven_data_pipeline.py
[2025-04-08T16:54:53.729+0000] {processor.py:925} INFO - DAG(s) 'extract_raw_data_pipeline' retrieved from /opt/airflow/dags/driven_data_pipeline.py
[2025-04-08T16:54:53.757+0000] {logging_mixin.py:190} INFO - [2025-04-08T16:54:53.756+0000] {dag.py:3239} INFO - Sync 1 DAGs
[2025-04-08T16:54:53.784+0000] {logging_mixin.py:190} INFO - [2025-04-08T16:54:53.784+0000] {dag.py:4180} INFO - Setting next_dagrun for extract_raw_data_pipeline to 2025-04-08 07:59:00+00:00, run_after=2025-04-09 07:00:00+00:00
[2025-04-08T16:54:53.807+0000] {processor.py:208} INFO - Processing /opt/airflow/dags/driven_data_pipeline.py took 0.482 seconds
[2025-04-08T16:55:23.903+0000] {processor.py:186} INFO - Started process (PID=91) to work on /opt/airflow/dags/driven_data_pipeline.py
[2025-04-08T16:55:23.905+0000] {processor.py:914} INFO - Processing file /opt/airflow/dags/driven_data_pipeline.py for tasks to queue
[2025-04-08T16:55:23.910+0000] {logging_mixin.py:190} INFO - [2025-04-08T16:55:23.910+0000] {dagbag.py:588} INFO - Filling up the DagBag from /opt/airflow/dags/driven_data_pipeline.py
[2025-04-08T16:55:23.694+0000] {processor.py:925} INFO - DAG(s) 'extract_raw_data_pipeline' retrieved from /opt/airflow/dags/driven_data_pipeline.py
[2025-04-08T16:55:23.740+0000] {logging_mixin.py:190} INFO - [2025-04-08T16:55:23.740+0000] {dag.py:3239} INFO - Sync 1 DAGs
[2025-04-08T16:55:23.777+0000] {logging_mixin.py:190} INFO - [2025-04-08T16:55:23.777+0000] {dag.py:4180} INFO - Setting next_dagrun for extract_raw_data_pipeline to 2025-04-08 07:59:00+00:00, run_after=2025-04-09 07:00:00+00:00
[2025-04-08T16:55:23.805+0000] {processor.py:208} INFO - Processing /opt/airflow/dags/driven_data_pipeline.py took 0.716 seconds
[2025-04-08T16:55:54.265+0000] {processor.py:186} INFO - Started process (PID=94) to work on /opt/airflow/dags/driven_data_pipeline.py
[2025-04-08T16:55:54.267+0000] {processor.py:914} INFO - Processing file /opt/airflow/dags/driven_data_pipeline.py for tasks to queue
[2025-04-08T16:55:54.271+0000] {logging_mixin.py:190} INFO - [2025-04-08T16:55:54.270+0000] {dagbag.py:588} INFO - Filling up the DagBag from /opt/airflow/dags/driven_data_pipeline.py
[2025-04-08T16:55:54.754+0000] {processor.py:925} INFO - DAG(s) 'extract_raw_data_pipeline' retrieved from /opt/airflow/dags/driven_data_pipeline.py
[2025-04-08T16:55:54.791+0000] {logging_mixin.py:190} INFO - [2025-04-08T16:55:54.790+0000] {dag.py:3239} INFO - Sync 1 DAGs
[2025-04-08T16:55:54.828+0000] {logging_mixin.py:190} INFO - [2025-04-08T16:55:54.828+0000] {dag.py:4180} INFO - Setting next_dagrun for extract_raw_data_pipeline to 2025-04-08 07:59:00+00:00, run_after=2025-04-09 07:00:00+00:00
[2025-04-08T16:55:54.864+0000] {processor.py:208} INFO - Processing /opt/airflow/dags/driven_data_pipeline.py took 0.608 seconds
[2025-04-08T16:56:25.128+0000] {processor.py:186} INFO - Started process (PID=101) to work on /opt/airflow/dags/driven_data_pipeline.py
[2025-04-08T16:56:25.129+0000] {processor.py:914} INFO - Processing file /opt/airflow/dags/driven_data_pipeline.py for tasks to queue
[2025-04-08T16:56:25.132+0000] {logging_mixin.py:190} INFO - [2025-04-08T16:56:25.132+0000] {dagbag.py:588} INFO - Filling up the DagBag from /opt/airflow/dags/driven_data_pipeline.py
[2025-04-08T16:56:25.505+0000] {processor.py:925} INFO - DAG(s) 'extract_raw_data_pipeline' retrieved from /opt/airflow/dags/driven_data_pipeline.py
[2025-04-08T16:56:25.530+0000] {logging_mixin.py:190} INFO - [2025-04-08T16:56:25.530+0000] {dag.py:3239} INFO - Sync 1 DAGs
[2025-04-08T16:56:25.554+0000] {logging_mixin.py:190} INFO - [2025-04-08T16:56:25.554+0000] {dag.py:4180} INFO - Setting next_dagrun for extract_raw_data_pipeline to 2025-04-08 07:59:00+00:00, run_after=2025-04-09 07:00:00+00:00
[2025-04-08T16:56:25.578+0000] {processor.py:208} INFO - Processing /opt/airflow/dags/driven_data_pipeline.py took 0.457 seconds
[2025-04-08T16:56:55.844+0000] {processor.py:186} INFO - Started process (PID=104) to work on /opt/airflow/dags/driven_data_pipeline.py
[2025-04-08T16:56:55.847+0000] {processor.py:914} INFO - Processing file /opt/airflow/dags/driven_data_pipeline.py for tasks to queue
[2025-04-08T16:56:55.855+0000] {logging_mixin.py:190} INFO - [2025-04-08T16:56:55.854+0000] {dagbag.py:588} INFO - Filling up the DagBag from /opt/airflow/dags/driven_data_pipeline.py
[2025-04-08T16:56:56.321+0000] {processor.py:925} INFO - DAG(s) 'extract_raw_data_pipeline' retrieved from /opt/airflow/dags/driven_data_pipeline.py
[2025-04-08T16:56:56.348+0000] {logging_mixin.py:190} INFO - [2025-04-08T16:56:56.348+0000] {dag.py:3239} INFO - Sync 1 DAGs
[2025-04-08T16:56:56.372+0000] {logging_mixin.py:190} INFO - [2025-04-08T16:56:56.371+0000] {dag.py:4180} INFO - Setting next_dagrun for extract_raw_data_pipeline to 2025-04-08 07:59:00+00:00, run_after=2025-04-09 07:00:00+00:00
[2025-04-08T16:56:56.390+0000] {processor.py:208} INFO - Processing /opt/airflow/dags/driven_data_pipeline.py took 0.569 seconds
[2025-04-08T16:57:26.820+0000] {processor.py:186} INFO - Started process (PID=107) to work on /opt/airflow/dags/driven_data_pipeline.py
[2025-04-08T16:57:26.822+0000] {processor.py:914} INFO - Processing file /opt/airflow/dags/driven_data_pipeline.py for tasks to queue
[2025-04-08T16:57:26.828+0000] {logging_mixin.py:190} INFO - [2025-04-08T16:57:26.827+0000] {dagbag.py:588} INFO - Filling up the DagBag from /opt/airflow/dags/driven_data_pipeline.py
[2025-04-08T16:57:27.261+0000] {processor.py:925} INFO - DAG(s) 'extract_raw_data_pipeline' retrieved from /opt/airflow/dags/driven_data_pipeline.py
[2025-04-08T16:57:27.291+0000] {logging_mixin.py:190} INFO - [2025-04-08T16:57:27.291+0000] {dag.py:3239} INFO - Sync 1 DAGs
[2025-04-08T16:57:27.317+0000] {logging_mixin.py:190} INFO - [2025-04-08T16:57:27.316+0000] {dag.py:4180} INFO - Setting next_dagrun for extract_raw_data_pipeline to 2025-04-08 07:59:00+00:00, run_after=2025-04-09 07:00:00+00:00
[2025-04-08T16:57:27.339+0000] {processor.py:208} INFO - Processing /opt/airflow/dags/driven_data_pipeline.py took 0.528 seconds
[2025-04-08T16:57:57.897+0000] {processor.py:186} INFO - Started process (PID=110) to work on /opt/airflow/dags/driven_data_pipeline.py
[2025-04-08T16:57:57.901+0000] {processor.py:914} INFO - Processing file /opt/airflow/dags/driven_data_pipeline.py for tasks to queue
[2025-04-08T16:57:57.919+0000] {logging_mixin.py:190} INFO - [2025-04-08T16:57:57.918+0000] {dagbag.py:588} INFO - Filling up the DagBag from /opt/airflow/dags/driven_data_pipeline.py
[2025-04-08T16:57:58.482+0000] {processor.py:925} INFO - DAG(s) 'extract_raw_data_pipeline' retrieved from /opt/airflow/dags/driven_data_pipeline.py
[2025-04-08T16:57:58.522+0000] {logging_mixin.py:190} INFO - [2025-04-08T16:57:58.521+0000] {dag.py:3239} INFO - Sync 1 DAGs
[2025-04-08T16:57:58.568+0000] {logging_mixin.py:190} INFO - [2025-04-08T16:57:58.567+0000] {dag.py:4180} INFO - Setting next_dagrun for extract_raw_data_pipeline to 2025-04-08 07:59:00+00:00, run_after=2025-04-09 07:00:00+00:00
[2025-04-08T16:57:58.611+0000] {processor.py:208} INFO - Processing /opt/airflow/dags/driven_data_pipeline.py took 0.734 seconds
[2025-04-08T16:58:29.210+0000] {processor.py:186} INFO - Started process (PID=113) to work on /opt/airflow/dags/driven_data_pipeline.py
[2025-04-08T16:58:29.212+0000] {processor.py:914} INFO - Processing file /opt/airflow/dags/driven_data_pipeline.py for tasks to queue
[2025-04-08T16:58:29.216+0000] {logging_mixin.py:190} INFO - [2025-04-08T16:58:29.216+0000] {dagbag.py:588} INFO - Filling up the DagBag from /opt/airflow/dags/driven_data_pipeline.py
[2025-04-08T16:58:29.727+0000] {processor.py:925} INFO - DAG(s) 'extract_raw_data_pipeline' retrieved from /opt/airflow/dags/driven_data_pipeline.py
[2025-04-08T16:58:29.778+0000] {logging_mixin.py:190} INFO - [2025-04-08T16:58:29.777+0000] {dag.py:3239} INFO - Sync 1 DAGs
[2025-04-08T16:58:29.821+0000] {logging_mixin.py:190} INFO - [2025-04-08T16:58:29.821+0000] {dag.py:4180} INFO - Setting next_dagrun for extract_raw_data_pipeline to 2025-04-08 07:59:00+00:00, run_after=2025-04-09 07:00:00+00:00
[2025-04-08T16:58:29.848+0000] {processor.py:208} INFO - Processing /opt/airflow/dags/driven_data_pipeline.py took 0.646 seconds
[2025-04-08T16:59:00.361+0000] {processor.py:186} INFO - Started process (PID=117) to work on /opt/airflow/dags/driven_data_pipeline.py
[2025-04-08T16:59:00.363+0000] {processor.py:914} INFO - Processing file /opt/airflow/dags/driven_data_pipeline.py for tasks to queue
[2025-04-08T16:59:00.368+0000] {logging_mixin.py:190} INFO - [2025-04-08T16:59:00.367+0000] {dagbag.py:588} INFO - Filling up the DagBag from /opt/airflow/dags/driven_data_pipeline.py
[2025-04-08T16:59:00.882+0000] {processor.py:925} INFO - DAG(s) 'extract_raw_data_pipeline' retrieved from /opt/airflow/dags/driven_data_pipeline.py
[2025-04-08T16:59:00.912+0000] {logging_mixin.py:190} INFO - [2025-04-08T16:59:00.912+0000] {dag.py:3239} INFO - Sync 1 DAGs
[2025-04-08T16:59:00.943+0000] {logging_mixin.py:190} INFO - [2025-04-08T16:59:00.943+0000] {dag.py:4180} INFO - Setting next_dagrun for extract_raw_data_pipeline to 2025-04-08 07:59:00+00:00, run_after=2025-04-09 07:00:00+00:00
[2025-04-08T16:59:00.965+0000] {processor.py:208} INFO - Processing /opt/airflow/dags/driven_data_pipeline.py took 0.613 seconds
[2025-04-08T16:59:31.274+0000] {processor.py:186} INFO - Started process (PID=120) to work on /opt/airflow/dags/driven_data_pipeline.py
[2025-04-08T16:59:31.276+0000] {processor.py:914} INFO - Processing file /opt/airflow/dags/driven_data_pipeline.py for tasks to queue
[2025-04-08T16:59:31.280+0000] {logging_mixin.py:190} INFO - [2025-04-08T16:59:31.280+0000] {dagbag.py:588} INFO - Filling up the DagBag from /opt/airflow/dags/driven_data_pipeline.py
[2025-04-08T16:59:31.683+0000] {processor.py:925} INFO - DAG(s) 'extract_raw_data_pipeline' retrieved from /opt/airflow/dags/driven_data_pipeline.py
[2025-04-08T16:59:31.713+0000] {logging_mixin.py:190} INFO - [2025-04-08T16:59:31.713+0000] {dag.py:3239} INFO - Sync 1 DAGs
[2025-04-08T16:59:31.743+0000] {logging_mixin.py:190} INFO - [2025-04-08T16:59:31.742+0000] {dag.py:4180} INFO - Setting next_dagrun for extract_raw_data_pipeline to 2025-04-08 07:59:00+00:00, run_after=2025-04-09 07:00:00+00:00
[2025-04-08T16:59:31.764+0000] {processor.py:208} INFO - Processing /opt/airflow/dags/driven_data_pipeline.py took 0.499 seconds
[2025-04-08T17:00:01.885+0000] {processor.py:186} INFO - Started process (PID=123) to work on /opt/airflow/dags/driven_data_pipeline.py
[2025-04-08T17:00:01.887+0000] {processor.py:914} INFO - Processing file /opt/airflow/dags/driven_data_pipeline.py for tasks to queue
[2025-04-08T17:00:01.891+0000] {logging_mixin.py:190} INFO - [2025-04-08T17:00:01.890+0000] {dagbag.py:588} INFO - Filling up the DagBag from /opt/airflow/dags/driven_data_pipeline.py
[2025-04-08T17:00:02.450+0000] {processor.py:925} INFO - DAG(s) 'extract_raw_data_pipeline' retrieved from /opt/airflow/dags/driven_data_pipeline.py
[2025-04-08T17:00:02.525+0000] {logging_mixin.py:190} INFO - [2025-04-08T17:00:02.525+0000] {dag.py:3239} INFO - Sync 1 DAGs
[2025-04-08T17:00:02.571+0000] {logging_mixin.py:190} INFO - [2025-04-08T17:00:02.570+0000] {dag.py:4180} INFO - Setting next_dagrun for extract_raw_data_pipeline to 2025-04-08 07:59:00+00:00, run_after=2025-04-09 07:00:00+00:00
[2025-04-08T17:00:02.600+0000] {processor.py:208} INFO - Processing /opt/airflow/dags/driven_data_pipeline.py took 0.724 seconds
[2025-04-08T17:00:18.000+0000] {processor.py:186} INFO - Started process (PID=125) to work on /opt/airflow/dags/driven_data_pipeline.py
[2025-04-08T17:00:18.002+0000] {processor.py:914} INFO - Processing file /opt/airflow/dags/driven_data_pipeline.py for tasks to queue
[2025-04-08T17:00:18.005+0000] {logging_mixin.py:190} INFO - [2025-04-08T17:00:18.005+0000] {dagbag.py:588} INFO - Filling up the DagBag from /opt/airflow/dags/driven_data_pipeline.py
[2025-04-08T17:00:18.442+0000] {processor.py:925} INFO - DAG(s) 'extract_raw_data_pipeline' retrieved from /opt/airflow/dags/driven_data_pipeline.py
[2025-04-08T17:00:18.564+0000] {logging_mixin.py:190} INFO - [2025-04-08T17:00:18.564+0000] {dag.py:3239} INFO - Sync 1 DAGs
[2025-04-08T17:00:18.586+0000] {logging_mixin.py:190} INFO - [2025-04-08T17:00:18.585+0000] {dag.py:4180} INFO - Setting next_dagrun for extract_raw_data_pipeline to 2025-04-08 07:59:00+00:00, run_after=2025-04-09 07:00:00+00:00
[2025-04-08T17:00:18.617+0000] {processor.py:208} INFO - Processing /opt/airflow/dags/driven_data_pipeline.py took 0.625 seconds
[2025-04-08T17:00:18.669+0000] {processor.py:186} INFO - Started process (PID=127) to work on /opt/airflow/dags/driven_data_pipeline.py
[2025-04-08T17:00:18.670+0000] {processor.py:914} INFO - Processing file /opt/airflow/dags/driven_data_pipeline.py for tasks to queue
[2025-04-08T17:00:18.673+0000] {logging_mixin.py:190} INFO - [2025-04-08T17:00:18.673+0000] {dagbag.py:588} INFO - Filling up the DagBag from /opt/airflow/dags/driven_data_pipeline.py
[2025-04-08T17:00:19.121+0000] {processor.py:925} INFO - DAG(s) 'extract_raw_data_pipeline' retrieved from /opt/airflow/dags/driven_data_pipeline.py
[2025-04-08T17:00:19.135+0000] {logging_mixin.py:190} INFO - [2025-04-08T17:00:19.135+0000] {dag.py:3239} INFO - Sync 1 DAGs
[2025-04-08T17:00:19.166+0000] {logging_mixin.py:190} INFO - [2025-04-08T17:00:19.166+0000] {dag.py:4180} INFO - Setting next_dagrun for extract_raw_data_pipeline to 2025-04-08 07:59:00+00:00, run_after=2025-04-09 07:00:00+00:00
[2025-04-08T17:00:19.192+0000] {processor.py:208} INFO - Processing /opt/airflow/dags/driven_data_pipeline.py took 0.532 seconds
[2025-04-08T17:00:45.301+0000] {processor.py:186} INFO - Started process (PID=134) to work on /opt/airflow/dags/driven_data_pipeline.py
[2025-04-08T17:00:45.302+0000] {processor.py:914} INFO - Processing file /opt/airflow/dags/driven_data_pipeline.py for tasks to queue
[2025-04-08T17:00:45.307+0000] {logging_mixin.py:190} INFO - [2025-04-08T17:00:45.306+0000] {dagbag.py:588} INFO - Filling up the DagBag from /opt/airflow/dags/driven_data_pipeline.py
[2025-04-08T17:00:45.565+0000] {processor.py:925} INFO - DAG(s) 'extract_raw_data_pipeline' retrieved from /opt/airflow/dags/driven_data_pipeline.py
[2025-04-08T17:00:45.580+0000] {logging_mixin.py:190} INFO - [2025-04-08T17:00:45.580+0000] {dag.py:3239} INFO - Sync 1 DAGs
[2025-04-08T17:00:45.615+0000] {logging_mixin.py:190} INFO - [2025-04-08T17:00:45.614+0000] {dag.py:4180} INFO - Setting next_dagrun for extract_raw_data_pipeline to 2025-04-08 07:59:00+00:00, run_after=2025-04-09 07:00:00+00:00
[2025-04-08T17:00:45.646+0000] {processor.py:208} INFO - Processing /opt/airflow/dags/driven_data_pipeline.py took 0.358 seconds
[2025-04-08T17:00:46.325+0000] {processor.py:186} INFO - Started process (PID=136) to work on /opt/airflow/dags/driven_data_pipeline.py
[2025-04-08T17:00:46.327+0000] {processor.py:914} INFO - Processing file /opt/airflow/dags/driven_data_pipeline.py for tasks to queue
[2025-04-08T17:00:46.331+0000] {logging_mixin.py:190} INFO - [2025-04-08T17:00:46.331+0000] {dagbag.py:588} INFO - Filling up the DagBag from /opt/airflow/dags/driven_data_pipeline.py
[2025-04-08T17:00:46.597+0000] {processor.py:925} INFO - DAG(s) 'extract_raw_data_pipeline' retrieved from /opt/airflow/dags/driven_data_pipeline.py
[2025-04-08T17:00:46.620+0000] {logging_mixin.py:190} INFO - [2025-04-08T17:00:46.620+0000] {dag.py:3239} INFO - Sync 1 DAGs
[2025-04-08T17:00:46.671+0000] {logging_mixin.py:190} INFO - [2025-04-08T17:00:46.671+0000] {dag.py:4180} INFO - Setting next_dagrun for extract_raw_data_pipeline to 2025-04-08 07:59:00+00:00, run_after=2025-04-09 07:00:00+00:00
[2025-04-08T17:00:46.712+0000] {processor.py:208} INFO - Processing /opt/airflow/dags/driven_data_pipeline.py took 0.398 seconds
[2025-04-08T17:01:16.146+0000] {processor.py:186} INFO - Started process (PID=143) to work on /opt/airflow/dags/driven_data_pipeline.py
[2025-04-08T17:01:16.148+0000] {processor.py:914} INFO - Processing file /opt/airflow/dags/driven_data_pipeline.py for tasks to queue
[2025-04-08T17:01:16.154+0000] {logging_mixin.py:190} INFO - [2025-04-08T17:01:16.154+0000] {dagbag.py:588} INFO - Filling up the DagBag from /opt/airflow/dags/driven_data_pipeline.py
[2025-04-08T17:01:16.488+0000] {processor.py:925} INFO - DAG(s) 'extract_raw_data_pipeline' retrieved from /opt/airflow/dags/driven_data_pipeline.py
[2025-04-08T17:01:16.638+0000] {logging_mixin.py:190} INFO - [2025-04-08T17:01:16.638+0000] {dag.py:3239} INFO - Sync 1 DAGs
[2025-04-08T17:01:16.673+0000] {logging_mixin.py:190} INFO - [2025-04-08T17:01:16.673+0000] {dag.py:4180} INFO - Setting next_dagrun for extract_raw_data_pipeline to 2025-04-08 07:59:00+00:00, run_after=2025-04-09 07:00:00+00:00
[2025-04-08T17:01:16.710+0000] {processor.py:208} INFO - Processing /opt/airflow/dags/driven_data_pipeline.py took 0.577 seconds
[2025-04-08T17:01:47.135+0000] {processor.py:186} INFO - Started process (PID=146) to work on /opt/airflow/dags/driven_data_pipeline.py
[2025-04-08T17:01:47.136+0000] {processor.py:914} INFO - Processing file /opt/airflow/dags/driven_data_pipeline.py for tasks to queue
[2025-04-08T17:01:47.140+0000] {logging_mixin.py:190} INFO - [2025-04-08T17:01:47.140+0000] {dagbag.py:588} INFO - Filling up the DagBag from /opt/airflow/dags/driven_data_pipeline.py
[2025-04-08T17:01:47.368+0000] {processor.py:925} INFO - DAG(s) 'extract_raw_data_pipeline' retrieved from /opt/airflow/dags/driven_data_pipeline.py
[2025-04-08T17:01:47.417+0000] {logging_mixin.py:190} INFO - [2025-04-08T17:01:47.417+0000] {dag.py:3239} INFO - Sync 1 DAGs
[2025-04-08T17:01:47.457+0000] {logging_mixin.py:190} INFO - [2025-04-08T17:01:47.456+0000] {dag.py:4180} INFO - Setting next_dagrun for extract_raw_data_pipeline to 2025-04-08 07:59:00+00:00, run_after=2025-04-09 07:00:00+00:00
[2025-04-08T17:01:47.488+0000] {processor.py:208} INFO - Processing /opt/airflow/dags/driven_data_pipeline.py took 0.363 seconds
[2025-04-08T17:02:17.886+0000] {processor.py:186} INFO - Started process (PID=149) to work on /opt/airflow/dags/driven_data_pipeline.py
[2025-04-08T17:02:17.888+0000] {processor.py:914} INFO - Processing file /opt/airflow/dags/driven_data_pipeline.py for tasks to queue
[2025-04-08T17:02:17.892+0000] {logging_mixin.py:190} INFO - [2025-04-08T17:02:17.892+0000] {dagbag.py:588} INFO - Filling up the DagBag from /opt/airflow/dags/driven_data_pipeline.py
[2025-04-08T17:02:18.134+0000] {processor.py:925} INFO - DAG(s) 'extract_raw_data_pipeline' retrieved from /opt/airflow/dags/driven_data_pipeline.py
[2025-04-08T17:02:18.185+0000] {logging_mixin.py:190} INFO - [2025-04-08T17:02:18.185+0000] {dag.py:3239} INFO - Sync 1 DAGs
[2025-04-08T17:02:18.218+0000] {logging_mixin.py:190} INFO - [2025-04-08T17:02:18.218+0000] {dag.py:4180} INFO - Setting next_dagrun for extract_raw_data_pipeline to 2025-04-08 07:59:00+00:00, run_after=2025-04-09 07:00:00+00:00
[2025-04-08T17:02:18.247+0000] {processor.py:208} INFO - Processing /opt/airflow/dags/driven_data_pipeline.py took 0.370 seconds
[2025-04-08T17:02:48.428+0000] {processor.py:186} INFO - Started process (PID=152) to work on /opt/airflow/dags/driven_data_pipeline.py
[2025-04-08T17:02:48.430+0000] {processor.py:914} INFO - Processing file /opt/airflow/dags/driven_data_pipeline.py for tasks to queue
[2025-04-08T17:02:48.435+0000] {logging_mixin.py:190} INFO - [2025-04-08T17:02:48.434+0000] {dagbag.py:588} INFO - Filling up the DagBag from /opt/airflow/dags/driven_data_pipeline.py
[2025-04-08T17:02:48.652+0000] {processor.py:925} INFO - DAG(s) 'extract_raw_data_pipeline' retrieved from /opt/airflow/dags/driven_data_pipeline.py
[2025-04-08T17:02:48.687+0000] {logging_mixin.py:190} INFO - [2025-04-08T17:02:48.687+0000] {dag.py:3239} INFO - Sync 1 DAGs
[2025-04-08T17:02:48.720+0000] {logging_mixin.py:190} INFO - [2025-04-08T17:02:48.720+0000] {dag.py:4180} INFO - Setting next_dagrun for extract_raw_data_pipeline to 2025-04-08 07:59:00+00:00, run_after=2025-04-09 07:00:00+00:00
[2025-04-08T17:02:48.744+0000] {processor.py:208} INFO - Processing /opt/airflow/dags/driven_data_pipeline.py took 0.324 seconds
[2025-04-08T17:03:19.262+0000] {processor.py:186} INFO - Started process (PID=155) to work on /opt/airflow/dags/driven_data_pipeline.py
[2025-04-08T17:03:19.263+0000] {processor.py:914} INFO - Processing file /opt/airflow/dags/driven_data_pipeline.py for tasks to queue
[2025-04-08T17:03:19.266+0000] {logging_mixin.py:190} INFO - [2025-04-08T17:03:19.265+0000] {dagbag.py:588} INFO - Filling up the DagBag from /opt/airflow/dags/driven_data_pipeline.py
[2025-04-08T17:03:19.499+0000] {processor.py:925} INFO - DAG(s) 'extract_raw_data_pipeline' retrieved from /opt/airflow/dags/driven_data_pipeline.py
[2025-04-08T17:03:19.536+0000] {logging_mixin.py:190} INFO - [2025-04-08T17:03:19.536+0000] {dag.py:3239} INFO - Sync 1 DAGs
[2025-04-08T17:03:19.567+0000] {logging_mixin.py:190} INFO - [2025-04-08T17:03:19.567+0000] {dag.py:4180} INFO - Setting next_dagrun for extract_raw_data_pipeline to 2025-04-08 07:59:00+00:00, run_after=2025-04-09 07:00:00+00:00
[2025-04-08T17:03:19.594+0000] {processor.py:208} INFO - Processing /opt/airflow/dags/driven_data_pipeline.py took 0.339 seconds
[2025-04-08T17:03:49.802+0000] {processor.py:186} INFO - Started process (PID=158) to work on /opt/airflow/dags/driven_data_pipeline.py
[2025-04-08T17:03:49.803+0000] {processor.py:914} INFO - Processing file /opt/airflow/dags/driven_data_pipeline.py for tasks to queue
[2025-04-08T17:03:49.806+0000] {logging_mixin.py:190} INFO - [2025-04-08T17:03:49.805+0000] {dagbag.py:588} INFO - Filling up the DagBag from /opt/airflow/dags/driven_data_pipeline.py
[2025-04-08T17:03:50.012+0000] {processor.py:925} INFO - DAG(s) 'extract_raw_data_pipeline' retrieved from /opt/airflow/dags/driven_data_pipeline.py
[2025-04-08T17:03:50.047+0000] {logging_mixin.py:190} INFO - [2025-04-08T17:03:50.047+0000] {dag.py:3239} INFO - Sync 1 DAGs
[2025-04-08T17:03:50.077+0000] {logging_mixin.py:190} INFO - [2025-04-08T17:03:50.077+0000] {dag.py:4180} INFO - Setting next_dagrun for extract_raw_data_pipeline to 2025-04-08 07:59:00+00:00, run_after=2025-04-09 07:00:00+00:00
[2025-04-08T17:03:50.102+0000] {processor.py:208} INFO - Processing /opt/airflow/dags/driven_data_pipeline.py took 0.307 seconds
[2025-04-08T17:04:20.530+0000] {processor.py:186} INFO - Started process (PID=165) to work on /opt/airflow/dags/driven_data_pipeline.py
[2025-04-08T17:04:20.532+0000] {processor.py:914} INFO - Processing file /opt/airflow/dags/driven_data_pipeline.py for tasks to queue
[2025-04-08T17:04:20.535+0000] {logging_mixin.py:190} INFO - [2025-04-08T17:04:20.535+0000] {dagbag.py:588} INFO - Filling up the DagBag from /opt/airflow/dags/driven_data_pipeline.py
[2025-04-08T17:04:20.794+0000] {processor.py:925} INFO - DAG(s) 'extract_raw_data_pipeline' retrieved from /opt/airflow/dags/driven_data_pipeline.py
[2025-04-08T17:04:20.828+0000] {logging_mixin.py:190} INFO - [2025-04-08T17:04:20.828+0000] {dag.py:3239} INFO - Sync 1 DAGs
[2025-04-08T17:04:20.870+0000] {logging_mixin.py:190} INFO - [2025-04-08T17:04:20.869+0000] {dag.py:4180} INFO - Setting next_dagrun for extract_raw_data_pipeline to 2025-04-08 07:59:00+00:00, run_after=2025-04-09 07:00:00+00:00
[2025-04-08T17:04:20.905+0000] {processor.py:208} INFO - Processing /opt/airflow/dags/driven_data_pipeline.py took 0.384 seconds
[2025-04-08T17:04:51.001+0000] {processor.py:186} INFO - Started process (PID=168) to work on /opt/airflow/dags/driven_data_pipeline.py
[2025-04-08T17:04:51.002+0000] {processor.py:914} INFO - Processing file /opt/airflow/dags/driven_data_pipeline.py for tasks to queue
[2025-04-08T17:04:51.007+0000] {logging_mixin.py:190} INFO - [2025-04-08T17:04:51.007+0000] {dagbag.py:588} INFO - Filling up the DagBag from /opt/airflow/dags/driven_data_pipeline.py
[2025-04-08T17:04:51.246+0000] {processor.py:925} INFO - DAG(s) 'extract_raw_data_pipeline' retrieved from /opt/airflow/dags/driven_data_pipeline.py
[2025-04-08T17:04:51.277+0000] {logging_mixin.py:190} INFO - [2025-04-08T17:04:51.276+0000] {dag.py:3239} INFO - Sync 1 DAGs
[2025-04-08T17:04:51.314+0000] {logging_mixin.py:190} INFO - [2025-04-08T17:04:51.314+0000] {dag.py:4180} INFO - Setting next_dagrun for extract_raw_data_pipeline to 2025-04-08 07:59:00+00:00, run_after=2025-04-09 07:00:00+00:00
[2025-04-08T17:04:51.341+0000] {processor.py:208} INFO - Processing /opt/airflow/dags/driven_data_pipeline.py took 0.349 seconds
[2025-04-08T17:05:21.452+0000] {processor.py:186} INFO - Started process (PID=175) to work on /opt/airflow/dags/driven_data_pipeline.py
[2025-04-08T17:05:21.456+0000] {processor.py:914} INFO - Processing file /opt/airflow/dags/driven_data_pipeline.py for tasks to queue
[2025-04-08T17:05:21.463+0000] {logging_mixin.py:190} INFO - [2025-04-08T17:05:21.462+0000] {dagbag.py:588} INFO - Filling up the DagBag from /opt/airflow/dags/driven_data_pipeline.py
[2025-04-08T17:05:21.874+0000] {processor.py:925} INFO - DAG(s) 'extract_raw_data_pipeline' retrieved from /opt/airflow/dags/driven_data_pipeline.py
[2025-04-08T17:05:21.928+0000] {logging_mixin.py:190} INFO - [2025-04-08T17:05:21.927+0000] {dag.py:3239} INFO - Sync 1 DAGs
[2025-04-08T17:05:21.985+0000] {logging_mixin.py:190} INFO - [2025-04-08T17:05:21.985+0000] {dag.py:4180} INFO - Setting next_dagrun for extract_raw_data_pipeline to 2025-04-08 07:59:00+00:00, run_after=2025-04-09 07:00:00+00:00
[2025-04-08T17:05:22.042+0000] {processor.py:208} INFO - Processing /opt/airflow/dags/driven_data_pipeline.py took 0.610 seconds
[2025-04-08T17:05:52.411+0000] {processor.py:186} INFO - Started process (PID=178) to work on /opt/airflow/dags/driven_data_pipeline.py
[2025-04-08T17:05:52.413+0000] {processor.py:914} INFO - Processing file /opt/airflow/dags/driven_data_pipeline.py for tasks to queue
[2025-04-08T17:05:52.417+0000] {logging_mixin.py:190} INFO - [2025-04-08T17:05:52.416+0000] {dagbag.py:588} INFO - Filling up the DagBag from /opt/airflow/dags/driven_data_pipeline.py
[2025-04-08T17:05:52.696+0000] {processor.py:925} INFO - DAG(s) 'extract_raw_data_pipeline' retrieved from /opt/airflow/dags/driven_data_pipeline.py
[2025-04-08T17:05:52.740+0000] {logging_mixin.py:190} INFO - [2025-04-08T17:05:52.738+0000] {dag.py:3239} INFO - Sync 1 DAGs
[2025-04-08T17:05:52.777+0000] {logging_mixin.py:190} INFO - [2025-04-08T17:05:52.776+0000] {dag.py:4180} INFO - Setting next_dagrun for extract_raw_data_pipeline to 2025-04-08 07:59:00+00:00, run_after=2025-04-09 07:00:00+00:00
[2025-04-08T17:05:52.804+0000] {processor.py:208} INFO - Processing /opt/airflow/dags/driven_data_pipeline.py took 0.402 seconds
[2025-04-08T17:05:56.494+0000] {processor.py:186} INFO - Started process (PID=180) to work on /opt/airflow/dags/driven_data_pipeline.py
[2025-04-08T17:05:56.497+0000] {processor.py:914} INFO - Processing file /opt/airflow/dags/driven_data_pipeline.py for tasks to queue
[2025-04-08T17:05:56.501+0000] {logging_mixin.py:190} INFO - [2025-04-08T17:05:56.500+0000] {dagbag.py:588} INFO - Filling up the DagBag from /opt/airflow/dags/driven_data_pipeline.py
[2025-04-08T17:05:56.795+0000] {processor.py:925} INFO - DAG(s) 'extract_raw_data_pipeline' retrieved from /opt/airflow/dags/driven_data_pipeline.py
[2025-04-08T17:05:56.966+0000] {logging_mixin.py:190} INFO - [2025-04-08T17:05:56.966+0000] {dag.py:3239} INFO - Sync 1 DAGs
[2025-04-08T17:05:56.995+0000] {logging_mixin.py:190} INFO - [2025-04-08T17:05:56.995+0000] {dag.py:4180} INFO - Setting next_dagrun for extract_raw_data_pipeline to 2025-04-08 07:59:00+00:00, run_after=2025-04-09 07:00:00+00:00
[2025-04-08T17:05:57.035+0000] {processor.py:208} INFO - Processing /opt/airflow/dags/driven_data_pipeline.py took 0.553 seconds
[2025-04-08T17:06:11.094+0000] {processor.py:186} INFO - Started process (PID=187) to work on /opt/airflow/dags/driven_data_pipeline.py
[2025-04-08T17:06:11.095+0000] {processor.py:914} INFO - Processing file /opt/airflow/dags/driven_data_pipeline.py for tasks to queue
[2025-04-08T17:06:11.100+0000] {logging_mixin.py:190} INFO - [2025-04-08T17:06:11.099+0000] {dagbag.py:588} INFO - Filling up the DagBag from /opt/airflow/dags/driven_data_pipeline.py
[2025-04-08T17:06:11.316+0000] {processor.py:925} INFO - DAG(s) 'extract_raw_data_pipeline' retrieved from /opt/airflow/dags/driven_data_pipeline.py
[2025-04-08T17:06:11.330+0000] {logging_mixin.py:190} INFO - [2025-04-08T17:06:11.330+0000] {dag.py:3239} INFO - Sync 1 DAGs
[2025-04-08T17:06:11.364+0000] {logging_mixin.py:190} INFO - [2025-04-08T17:06:11.363+0000] {dag.py:4180} INFO - Setting next_dagrun for extract_raw_data_pipeline to 2025-04-08 07:59:00+00:00, run_after=2025-04-09 07:00:00+00:00
[2025-04-08T17:06:11.401+0000] {processor.py:208} INFO - Processing /opt/airflow/dags/driven_data_pipeline.py took 0.320 seconds
[2025-04-08T17:06:41.551+0000] {processor.py:186} INFO - Started process (PID=194) to work on /opt/airflow/dags/driven_data_pipeline.py
[2025-04-08T17:06:41.554+0000] {processor.py:914} INFO - Processing file /opt/airflow/dags/driven_data_pipeline.py for tasks to queue
[2025-04-08T17:06:41.558+0000] {logging_mixin.py:190} INFO - [2025-04-08T17:06:41.557+0000] {dagbag.py:588} INFO - Filling up the DagBag from /opt/airflow/dags/driven_data_pipeline.py
[2025-04-08T17:06:41.768+0000] {processor.py:925} INFO - DAG(s) 'extract_raw_data_pipeline' retrieved from /opt/airflow/dags/driven_data_pipeline.py
[2025-04-08T17:06:41.875+0000] {logging_mixin.py:190} INFO - [2025-04-08T17:06:41.874+0000] {dag.py:3239} INFO - Sync 1 DAGs
[2025-04-08T17:06:41.898+0000] {logging_mixin.py:190} INFO - [2025-04-08T17:06:41.898+0000] {dag.py:4180} INFO - Setting next_dagrun for extract_raw_data_pipeline to 2025-04-08 07:59:00+00:00, run_after=2025-04-09 07:00:00+00:00
[2025-04-08T17:06:41.918+0000] {processor.py:208} INFO - Processing /opt/airflow/dags/driven_data_pipeline.py took 0.376 seconds
[2025-04-08T17:07:12.107+0000] {processor.py:186} INFO - Started process (PID=197) to work on /opt/airflow/dags/driven_data_pipeline.py
[2025-04-08T17:07:12.109+0000] {processor.py:914} INFO - Processing file /opt/airflow/dags/driven_data_pipeline.py for tasks to queue
[2025-04-08T17:07:12.112+0000] {logging_mixin.py:190} INFO - [2025-04-08T17:07:12.112+0000] {dagbag.py:588} INFO - Filling up the DagBag from /opt/airflow/dags/driven_data_pipeline.py
[2025-04-08T17:07:12.292+0000] {processor.py:925} INFO - DAG(s) 'extract_raw_data_pipeline' retrieved from /opt/airflow/dags/driven_data_pipeline.py
[2025-04-08T17:07:12.320+0000] {logging_mixin.py:190} INFO - [2025-04-08T17:07:12.320+0000] {dag.py:3239} INFO - Sync 1 DAGs
[2025-04-08T17:07:12.347+0000] {logging_mixin.py:190} INFO - [2025-04-08T17:07:12.347+0000] {dag.py:4180} INFO - Setting next_dagrun for extract_raw_data_pipeline to 2025-04-08 07:59:00+00:00, run_after=2025-04-09 07:00:00+00:00
[2025-04-08T17:07:12.375+0000] {processor.py:208} INFO - Processing /opt/airflow/dags/driven_data_pipeline.py took 0.277 seconds
[2025-04-08T17:07:18.506+0000] {processor.py:186} INFO - Started process (PID=199) to work on /opt/airflow/dags/driven_data_pipeline.py
[2025-04-08T17:07:18.508+0000] {processor.py:914} INFO - Processing file /opt/airflow/dags/driven_data_pipeline.py for tasks to queue
[2025-04-08T17:07:18.512+0000] {logging_mixin.py:190} INFO - [2025-04-08T17:07:18.511+0000] {dagbag.py:588} INFO - Filling up the DagBag from /opt/airflow/dags/driven_data_pipeline.py
[2025-04-08T17:07:18.800+0000] {processor.py:925} INFO - DAG(s) 'extract_raw_data_pipeline' retrieved from /opt/airflow/dags/driven_data_pipeline.py
[2025-04-08T17:07:18.945+0000] {logging_mixin.py:190} INFO - [2025-04-08T17:07:18.945+0000] {dag.py:3239} INFO - Sync 1 DAGs
[2025-04-08T17:07:18.975+0000] {logging_mixin.py:190} INFO - [2025-04-08T17:07:18.975+0000] {dag.py:4180} INFO - Setting next_dagrun for extract_raw_data_pipeline to 2025-04-08 07:59:00+00:00, run_after=2025-04-09 07:00:00+00:00
[2025-04-08T17:07:19.023+0000] {processor.py:208} INFO - Processing /opt/airflow/dags/driven_data_pipeline.py took 0.528 seconds
[2025-04-08T17:07:19.530+0000] {processor.py:186} INFO - Started process (PID=201) to work on /opt/airflow/dags/driven_data_pipeline.py
[2025-04-08T17:07:19.533+0000] {processor.py:914} INFO - Processing file /opt/airflow/dags/driven_data_pipeline.py for tasks to queue
[2025-04-08T17:07:19.539+0000] {logging_mixin.py:190} INFO - [2025-04-08T17:07:19.538+0000] {dagbag.py:588} INFO - Filling up the DagBag from /opt/airflow/dags/driven_data_pipeline.py
[2025-04-08T17:07:19.791+0000] {processor.py:925} INFO - DAG(s) 'extract_raw_data_pipeline' retrieved from /opt/airflow/dags/driven_data_pipeline.py
[2025-04-08T17:07:19.806+0000] {logging_mixin.py:190} INFO - [2025-04-08T17:07:19.806+0000] {dag.py:3239} INFO - Sync 1 DAGs
[2025-04-08T17:07:19.844+0000] {logging_mixin.py:190} INFO - [2025-04-08T17:07:19.843+0000] {dag.py:4180} INFO - Setting next_dagrun for extract_raw_data_pipeline to 2025-04-08 07:59:00+00:00, run_after=2025-04-09 07:00:00+00:00
[2025-04-08T17:07:19.878+0000] {processor.py:208} INFO - Processing /opt/airflow/dags/driven_data_pipeline.py took 0.358 seconds
[2025-04-08T17:07:49.941+0000] {processor.py:186} INFO - Started process (PID=208) to work on /opt/airflow/dags/driven_data_pipeline.py
[2025-04-08T17:07:49.942+0000] {processor.py:914} INFO - Processing file /opt/airflow/dags/driven_data_pipeline.py for tasks to queue
[2025-04-08T17:07:49.946+0000] {logging_mixin.py:190} INFO - [2025-04-08T17:07:49.945+0000] {dagbag.py:588} INFO - Filling up the DagBag from /opt/airflow/dags/driven_data_pipeline.py
[2025-04-08T17:07:50.155+0000] {processor.py:925} INFO - DAG(s) 'extract_raw_data_pipeline' retrieved from /opt/airflow/dags/driven_data_pipeline.py
[2025-04-08T17:07:50.186+0000] {logging_mixin.py:190} INFO - [2025-04-08T17:07:50.186+0000] {dag.py:3239} INFO - Sync 1 DAGs
[2025-04-08T17:07:50.217+0000] {logging_mixin.py:190} INFO - [2025-04-08T17:07:50.217+0000] {dag.py:4180} INFO - Setting next_dagrun for extract_raw_data_pipeline to 2025-04-08 07:59:00+00:00, run_after=2025-04-09 07:00:00+00:00
[2025-04-08T17:07:50.246+0000] {processor.py:208} INFO - Processing /opt/airflow/dags/driven_data_pipeline.py took 0.314 seconds
[2025-04-08T17:08:06.186+0000] {processor.py:186} INFO - Started process (PID=215) to work on /opt/airflow/dags/driven_data_pipeline.py
[2025-04-08T17:08:06.188+0000] {processor.py:914} INFO - Processing file /opt/airflow/dags/driven_data_pipeline.py for tasks to queue
[2025-04-08T17:08:06.191+0000] {logging_mixin.py:190} INFO - [2025-04-08T17:08:06.191+0000] {dagbag.py:588} INFO - Filling up the DagBag from /opt/airflow/dags/driven_data_pipeline.py
[2025-04-08T17:08:06.391+0000] {processor.py:925} INFO - DAG(s) 'extract_raw_data_pipeline' retrieved from /opt/airflow/dags/driven_data_pipeline.py
[2025-04-08T17:08:06.499+0000] {logging_mixin.py:190} INFO - [2025-04-08T17:08:06.499+0000] {dag.py:3239} INFO - Sync 1 DAGs
[2025-04-08T17:08:06.521+0000] {logging_mixin.py:190} INFO - [2025-04-08T17:08:06.521+0000] {dag.py:4180} INFO - Setting next_dagrun for extract_raw_data_pipeline to 2025-04-08 07:59:00+00:00, run_after=2025-04-09 07:00:00+00:00
[2025-04-08T17:08:06.545+0000] {processor.py:208} INFO - Processing /opt/airflow/dags/driven_data_pipeline.py took 0.367 seconds
[2025-04-08T17:08:11.625+0000] {processor.py:186} INFO - Started process (PID=217) to work on /opt/airflow/dags/driven_data_pipeline.py
[2025-04-08T17:08:11.626+0000] {processor.py:914} INFO - Processing file /opt/airflow/dags/driven_data_pipeline.py for tasks to queue
[2025-04-08T17:08:11.630+0000] {logging_mixin.py:190} INFO - [2025-04-08T17:08:11.630+0000] {dagbag.py:588} INFO - Filling up the DagBag from /opt/airflow/dags/driven_data_pipeline.py
[2025-04-08T17:08:11.870+0000] {processor.py:925} INFO - DAG(s) 'extract_raw_data_pipeline' retrieved from /opt/airflow/dags/driven_data_pipeline.py
[2025-04-08T17:08:11.887+0000] {logging_mixin.py:190} INFO - [2025-04-08T17:08:11.887+0000] {dag.py:3239} INFO - Sync 1 DAGs
[2025-04-08T17:08:11.926+0000] {logging_mixin.py:190} INFO - [2025-04-08T17:08:11.925+0000] {dag.py:4180} INFO - Setting next_dagrun for extract_raw_data_pipeline to 2025-04-08 07:59:00+00:00, run_after=2025-04-09 07:00:00+00:00
[2025-04-08T17:08:11.976+0000] {processor.py:208} INFO - Processing /opt/airflow/dags/driven_data_pipeline.py took 0.360 seconds
[2025-04-08T17:08:32.376+0000] {processor.py:186} INFO - Started process (PID=224) to work on /opt/airflow/dags/driven_data_pipeline.py
[2025-04-08T17:08:32.378+0000] {processor.py:914} INFO - Processing file /opt/airflow/dags/driven_data_pipeline.py for tasks to queue
[2025-04-08T17:08:32.383+0000] {logging_mixin.py:190} INFO - [2025-04-08T17:08:32.382+0000] {dagbag.py:588} INFO - Filling up the DagBag from /opt/airflow/dags/driven_data_pipeline.py
[2025-04-08T17:08:32.701+0000] {processor.py:925} INFO - DAG(s) 'extract_raw_data_pipeline' retrieved from /opt/airflow/dags/driven_data_pipeline.py
[2025-04-08T17:08:32.722+0000] {logging_mixin.py:190} INFO - [2025-04-08T17:08:32.722+0000] {dag.py:3239} INFO - Sync 1 DAGs
[2025-04-08T17:08:32.762+0000] {logging_mixin.py:190} INFO - [2025-04-08T17:08:32.761+0000] {dag.py:4180} INFO - Setting next_dagrun for extract_raw_data_pipeline to 2025-04-08 07:59:00+00:00, run_after=2025-04-09 07:00:00+00:00
[2025-04-08T17:08:32.798+0000] {processor.py:208} INFO - Processing /opt/airflow/dags/driven_data_pipeline.py took 0.432 seconds
[2025-04-08T17:09:03.266+0000] {processor.py:186} INFO - Started process (PID=227) to work on /opt/airflow/dags/driven_data_pipeline.py
[2025-04-08T17:09:03.268+0000] {processor.py:914} INFO - Processing file /opt/airflow/dags/driven_data_pipeline.py for tasks to queue
[2025-04-08T17:09:03.272+0000] {logging_mixin.py:190} INFO - [2025-04-08T17:09:03.271+0000] {dagbag.py:588} INFO - Filling up the DagBag from /opt/airflow/dags/driven_data_pipeline.py
[2025-04-08T17:09:03.506+0000] {processor.py:925} INFO - DAG(s) 'extract_raw_data_pipeline' retrieved from /opt/airflow/dags/driven_data_pipeline.py
[2025-04-08T17:09:03.545+0000] {logging_mixin.py:190} INFO - [2025-04-08T17:09:03.545+0000] {dag.py:3239} INFO - Sync 1 DAGs
[2025-04-08T17:09:03.577+0000] {logging_mixin.py:190} INFO - [2025-04-08T17:09:03.577+0000] {dag.py:4180} INFO - Setting next_dagrun for extract_raw_data_pipeline to 2025-04-08 07:59:00+00:00, run_after=2025-04-09 07:00:00+00:00
[2025-04-08T17:09:03.614+0000] {processor.py:208} INFO - Processing /opt/airflow/dags/driven_data_pipeline.py took 0.356 seconds
[2025-04-08T17:09:33.721+0000] {processor.py:186} INFO - Started process (PID=230) to work on /opt/airflow/dags/driven_data_pipeline.py
[2025-04-08T17:09:33.723+0000] {processor.py:914} INFO - Processing file /opt/airflow/dags/driven_data_pipeline.py for tasks to queue
[2025-04-08T17:09:33.727+0000] {logging_mixin.py:190} INFO - [2025-04-08T17:09:33.727+0000] {dagbag.py:588} INFO - Filling up the DagBag from /opt/airflow/dags/driven_data_pipeline.py
[2025-04-08T17:09:33.995+0000] {processor.py:925} INFO - DAG(s) 'extract_raw_data_pipeline' retrieved from /opt/airflow/dags/driven_data_pipeline.py
[2025-04-08T17:09:34.047+0000] {logging_mixin.py:190} INFO - [2025-04-08T17:09:34.047+0000] {dag.py:3239} INFO - Sync 1 DAGs
[2025-04-08T17:09:34.100+0000] {logging_mixin.py:190} INFO - [2025-04-08T17:09:34.100+0000] {dag.py:4180} INFO - Setting next_dagrun for extract_raw_data_pipeline to 2025-04-08 07:59:00+00:00, run_after=2025-04-09 07:00:00+00:00
[2025-04-08T17:09:34.122+0000] {processor.py:208} INFO - Processing /opt/airflow/dags/driven_data_pipeline.py took 0.412 seconds
[2025-04-08T17:10:04.583+0000] {processor.py:186} INFO - Started process (PID=233) to work on /opt/airflow/dags/driven_data_pipeline.py
[2025-04-08T17:10:04.584+0000] {processor.py:914} INFO - Processing file /opt/airflow/dags/driven_data_pipeline.py for tasks to queue
[2025-04-08T17:10:04.587+0000] {logging_mixin.py:190} INFO - [2025-04-08T17:10:04.587+0000] {dagbag.py:588} INFO - Filling up the DagBag from /opt/airflow/dags/driven_data_pipeline.py
[2025-04-08T17:10:04.748+0000] {processor.py:925} INFO - DAG(s) 'extract_raw_data_pipeline' retrieved from /opt/airflow/dags/driven_data_pipeline.py
[2025-04-08T17:10:04.772+0000] {logging_mixin.py:190} INFO - [2025-04-08T17:10:04.772+0000] {dag.py:3239} INFO - Sync 1 DAGs
[2025-04-08T17:10:04.799+0000] {logging_mixin.py:190} INFO - [2025-04-08T17:10:04.799+0000] {dag.py:4180} INFO - Setting next_dagrun for extract_raw_data_pipeline to 2025-04-08 07:59:00+00:00, run_after=2025-04-09 07:00:00+00:00
[2025-04-08T17:10:04.824+0000] {processor.py:208} INFO - Processing /opt/airflow/dags/driven_data_pipeline.py took 0.248 seconds
[2025-04-08T17:10:35.001+0000] {processor.py:186} INFO - Started process (PID=236) to work on /opt/airflow/dags/driven_data_pipeline.py
[2025-04-08T17:10:35.003+0000] {processor.py:914} INFO - Processing file /opt/airflow/dags/driven_data_pipeline.py for tasks to queue
[2025-04-08T17:10:35.007+0000] {logging_mixin.py:190} INFO - [2025-04-08T17:10:35.006+0000] {dagbag.py:588} INFO - Filling up the DagBag from /opt/airflow/dags/driven_data_pipeline.py
[2025-04-08T17:10:35.229+0000] {processor.py:925} INFO - DAG(s) 'extract_raw_data_pipeline' retrieved from /opt/airflow/dags/driven_data_pipeline.py
[2025-04-08T17:10:35.263+0000] {logging_mixin.py:190} INFO - [2025-04-08T17:10:35.263+0000] {dag.py:3239} INFO - Sync 1 DAGs
[2025-04-08T17:10:35.294+0000] {logging_mixin.py:190} INFO - [2025-04-08T17:10:35.294+0000] {dag.py:4180} INFO - Setting next_dagrun for extract_raw_data_pipeline to 2025-04-08 07:59:00+00:00, run_after=2025-04-09 07:00:00+00:00
[2025-04-08T17:10:35.324+0000] {processor.py:208} INFO - Processing /opt/airflow/dags/driven_data_pipeline.py took 0.332 seconds
[2025-04-08T17:11:05.461+0000] {processor.py:186} INFO - Started process (PID=239) to work on /opt/airflow/dags/driven_data_pipeline.py
[2025-04-08T17:11:05.463+0000] {processor.py:914} INFO - Processing file /opt/airflow/dags/driven_data_pipeline.py for tasks to queue
[2025-04-08T17:11:05.465+0000] {logging_mixin.py:190} INFO - [2025-04-08T17:11:05.465+0000] {dagbag.py:588} INFO - Filling up the DagBag from /opt/airflow/dags/driven_data_pipeline.py
[2025-04-08T17:11:05.648+0000] {processor.py:925} INFO - DAG(s) 'extract_raw_data_pipeline' retrieved from /opt/airflow/dags/driven_data_pipeline.py
[2025-04-08T17:11:05.673+0000] {logging_mixin.py:190} INFO - [2025-04-08T17:11:05.673+0000] {dag.py:3239} INFO - Sync 1 DAGs
[2025-04-08T17:11:05.697+0000] {logging_mixin.py:190} INFO - [2025-04-08T17:11:05.696+0000] {dag.py:4180} INFO - Setting next_dagrun for extract_raw_data_pipeline to 2025-04-08 07:59:00+00:00, run_after=2025-04-09 07:00:00+00:00
[2025-04-08T17:11:05.716+0000] {processor.py:208} INFO - Processing /opt/airflow/dags/driven_data_pipeline.py took 0.261 seconds
[2025-04-08T17:11:36.091+0000] {processor.py:186} INFO - Started process (PID=242) to work on /opt/airflow/dags/driven_data_pipeline.py
[2025-04-08T17:11:36.093+0000] {processor.py:914} INFO - Processing file /opt/airflow/dags/driven_data_pipeline.py for tasks to queue
[2025-04-08T17:11:36.095+0000] {logging_mixin.py:190} INFO - [2025-04-08T17:11:36.095+0000] {dagbag.py:588} INFO - Filling up the DagBag from /opt/airflow/dags/driven_data_pipeline.py
[2025-04-08T17:11:36.284+0000] {processor.py:925} INFO - DAG(s) 'extract_raw_data_pipeline' retrieved from /opt/airflow/dags/driven_data_pipeline.py
[2025-04-08T17:11:36.309+0000] {logging_mixin.py:190} INFO - [2025-04-08T17:11:36.309+0000] {dag.py:3239} INFO - Sync 1 DAGs
[2025-04-08T17:11:36.335+0000] {logging_mixin.py:190} INFO - [2025-04-08T17:11:36.334+0000] {dag.py:4180} INFO - Setting next_dagrun for extract_raw_data_pipeline to 2025-04-08 07:59:00+00:00, run_after=2025-04-09 07:00:00+00:00
[2025-04-08T17:11:36.362+0000] {processor.py:208} INFO - Processing /opt/airflow/dags/driven_data_pipeline.py took 0.277 seconds
[2025-04-08T17:12:06.486+0000] {processor.py:186} INFO - Started process (PID=245) to work on /opt/airflow/dags/driven_data_pipeline.py
[2025-04-08T17:12:06.487+0000] {processor.py:914} INFO - Processing file /opt/airflow/dags/driven_data_pipeline.py for tasks to queue
[2025-04-08T17:12:06.489+0000] {logging_mixin.py:190} INFO - [2025-04-08T17:12:06.489+0000] {dagbag.py:588} INFO - Filling up the DagBag from /opt/airflow/dags/driven_data_pipeline.py
[2025-04-08T17:12:06.647+0000] {processor.py:925} INFO - DAG(s) 'extract_raw_data_pipeline' retrieved from /opt/airflow/dags/driven_data_pipeline.py
[2025-04-08T17:12:06.670+0000] {logging_mixin.py:190} INFO - [2025-04-08T17:12:06.670+0000] {dag.py:3239} INFO - Sync 1 DAGs
[2025-04-08T17:12:06.691+0000] {logging_mixin.py:190} INFO - [2025-04-08T17:12:06.691+0000] {dag.py:4180} INFO - Setting next_dagrun for extract_raw_data_pipeline to 2025-04-08 07:59:00+00:00, run_after=2025-04-09 07:00:00+00:00
[2025-04-08T17:12:06.709+0000] {processor.py:208} INFO - Processing /opt/airflow/dags/driven_data_pipeline.py took 0.230 seconds
[2025-04-08T17:12:37.065+0000] {processor.py:186} INFO - Started process (PID=248) to work on /opt/airflow/dags/driven_data_pipeline.py
[2025-04-08T17:12:37.066+0000] {processor.py:914} INFO - Processing file /opt/airflow/dags/driven_data_pipeline.py for tasks to queue
[2025-04-08T17:12:37.068+0000] {logging_mixin.py:190} INFO - [2025-04-08T17:12:37.068+0000] {dagbag.py:588} INFO - Filling up the DagBag from /opt/airflow/dags/driven_data_pipeline.py
[2025-04-08T17:12:37.217+0000] {processor.py:925} INFO - DAG(s) 'extract_raw_data_pipeline' retrieved from /opt/airflow/dags/driven_data_pipeline.py
[2025-04-08T17:12:37.244+0000] {logging_mixin.py:190} INFO - [2025-04-08T17:12:37.244+0000] {dag.py:3239} INFO - Sync 1 DAGs
[2025-04-08T17:12:37.268+0000] {logging_mixin.py:190} INFO - [2025-04-08T17:12:37.268+0000] {dag.py:4180} INFO - Setting next_dagrun for extract_raw_data_pipeline to 2025-04-08 07:59:00+00:00, run_after=2025-04-09 07:00:00+00:00
[2025-04-08T17:12:37.287+0000] {processor.py:208} INFO - Processing /opt/airflow/dags/driven_data_pipeline.py took 0.229 seconds
[2025-04-08T17:13:07.416+0000] {processor.py:186} INFO - Started process (PID=251) to work on /opt/airflow/dags/driven_data_pipeline.py
[2025-04-08T17:13:07.417+0000] {processor.py:914} INFO - Processing file /opt/airflow/dags/driven_data_pipeline.py for tasks to queue
[2025-04-08T17:13:07.421+0000] {logging_mixin.py:190} INFO - [2025-04-08T17:13:07.420+0000] {dagbag.py:588} INFO - Filling up the DagBag from /opt/airflow/dags/driven_data_pipeline.py
[2025-04-08T17:13:07.604+0000] {processor.py:925} INFO - DAG(s) 'extract_raw_data_pipeline' retrieved from /opt/airflow/dags/driven_data_pipeline.py
[2025-04-08T17:13:07.628+0000] {logging_mixin.py:190} INFO - [2025-04-08T17:13:07.627+0000] {dag.py:3239} INFO - Sync 1 DAGs
[2025-04-08T17:13:07.654+0000] {logging_mixin.py:190} INFO - [2025-04-08T17:13:07.654+0000] {dag.py:4180} INFO - Setting next_dagrun for extract_raw_data_pipeline to 2025-04-08 07:59:00+00:00, run_after=2025-04-09 07:00:00+00:00
[2025-04-08T17:13:07.673+0000] {processor.py:208} INFO - Processing /opt/airflow/dags/driven_data_pipeline.py took 0.265 seconds
[2025-04-08T17:13:38.044+0000] {processor.py:186} INFO - Started process (PID=254) to work on /opt/airflow/dags/driven_data_pipeline.py
[2025-04-08T17:13:38.046+0000] {processor.py:914} INFO - Processing file /opt/airflow/dags/driven_data_pipeline.py for tasks to queue
[2025-04-08T17:13:38.050+0000] {logging_mixin.py:190} INFO - [2025-04-08T17:13:38.049+0000] {dagbag.py:588} INFO - Filling up the DagBag from /opt/airflow/dags/driven_data_pipeline.py
[2025-04-08T17:13:38.235+0000] {processor.py:925} INFO - DAG(s) 'extract_raw_data_pipeline' retrieved from /opt/airflow/dags/driven_data_pipeline.py
[2025-04-08T17:13:38.262+0000] {logging_mixin.py:190} INFO - [2025-04-08T17:13:38.261+0000] {dag.py:3239} INFO - Sync 1 DAGs
[2025-04-08T17:13:38.285+0000] {logging_mixin.py:190} INFO - [2025-04-08T17:13:38.285+0000] {dag.py:4180} INFO - Setting next_dagrun for extract_raw_data_pipeline to 2025-04-08 07:59:00+00:00, run_after=2025-04-09 07:00:00+00:00
[2025-04-08T17:13:38.305+0000] {processor.py:208} INFO - Processing /opt/airflow/dags/driven_data_pipeline.py took 0.270 seconds
[2025-04-08T17:14:08.456+0000] {processor.py:186} INFO - Started process (PID=257) to work on /opt/airflow/dags/driven_data_pipeline.py
[2025-04-08T17:14:08.457+0000] {processor.py:914} INFO - Processing file /opt/airflow/dags/driven_data_pipeline.py for tasks to queue
[2025-04-08T17:14:08.460+0000] {logging_mixin.py:190} INFO - [2025-04-08T17:14:08.459+0000] {dagbag.py:588} INFO - Filling up the DagBag from /opt/airflow/dags/driven_data_pipeline.py
[2025-04-08T17:14:08.607+0000] {processor.py:925} INFO - DAG(s) 'extract_raw_data_pipeline' retrieved from /opt/airflow/dags/driven_data_pipeline.py
[2025-04-08T17:14:08.628+0000] {logging_mixin.py:190} INFO - [2025-04-08T17:14:08.628+0000] {dag.py:3239} INFO - Sync 1 DAGs
[2025-04-08T17:14:08.651+0000] {logging_mixin.py:190} INFO - [2025-04-08T17:14:08.651+0000] {dag.py:4180} INFO - Setting next_dagrun for extract_raw_data_pipeline to 2025-04-08 07:59:00+00:00, run_after=2025-04-09 07:00:00+00:00
[2025-04-08T17:14:08.675+0000] {processor.py:208} INFO - Processing /opt/airflow/dags/driven_data_pipeline.py took 0.225 seconds
[2025-04-08T17:14:39.043+0000] {processor.py:186} INFO - Started process (PID=260) to work on /opt/airflow/dags/driven_data_pipeline.py
[2025-04-08T17:14:39.044+0000] {processor.py:914} INFO - Processing file /opt/airflow/dags/driven_data_pipeline.py for tasks to queue
[2025-04-08T17:14:39.047+0000] {logging_mixin.py:190} INFO - [2025-04-08T17:14:39.046+0000] {dagbag.py:588} INFO - Filling up the DagBag from /opt/airflow/dags/driven_data_pipeline.py
[2025-04-08T17:14:39.221+0000] {processor.py:925} INFO - DAG(s) 'extract_raw_data_pipeline' retrieved from /opt/airflow/dags/driven_data_pipeline.py
[2025-04-08T17:14:39.244+0000] {logging_mixin.py:190} INFO - [2025-04-08T17:14:39.244+0000] {dag.py:3239} INFO - Sync 1 DAGs
[2025-04-08T17:14:39.276+0000] {logging_mixin.py:190} INFO - [2025-04-08T17:14:39.275+0000] {dag.py:4180} INFO - Setting next_dagrun for extract_raw_data_pipeline to 2025-04-08 07:59:00+00:00, run_after=2025-04-09 07:00:00+00:00
[2025-04-08T17:14:39.294+0000] {processor.py:208} INFO - Processing /opt/airflow/dags/driven_data_pipeline.py took 0.258 seconds
[2025-04-08T17:15:09.536+0000] {processor.py:186} INFO - Started process (PID=263) to work on /opt/airflow/dags/driven_data_pipeline.py
[2025-04-08T17:15:09.537+0000] {processor.py:914} INFO - Processing file /opt/airflow/dags/driven_data_pipeline.py for tasks to queue
[2025-04-08T17:15:09.540+0000] {logging_mixin.py:190} INFO - [2025-04-08T17:15:09.539+0000] {dagbag.py:588} INFO - Filling up the DagBag from /opt/airflow/dags/driven_data_pipeline.py
[2025-04-08T17:15:09.689+0000] {processor.py:925} INFO - DAG(s) 'extract_raw_data_pipeline' retrieved from /opt/airflow/dags/driven_data_pipeline.py
[2025-04-08T17:15:09.714+0000] {logging_mixin.py:190} INFO - [2025-04-08T17:15:09.714+0000] {dag.py:3239} INFO - Sync 1 DAGs
[2025-04-08T17:15:09.735+0000] {logging_mixin.py:190} INFO - [2025-04-08T17:15:09.735+0000] {dag.py:4180} INFO - Setting next_dagrun for extract_raw_data_pipeline to 2025-04-08 07:59:00+00:00, run_after=2025-04-09 07:00:00+00:00
[2025-04-08T17:15:09.759+0000] {processor.py:208} INFO - Processing /opt/airflow/dags/driven_data_pipeline.py took 0.230 seconds
[2025-04-08T17:15:40.159+0000] {processor.py:186} INFO - Started process (PID=266) to work on /opt/airflow/dags/driven_data_pipeline.py
[2025-04-08T17:15:40.161+0000] {processor.py:914} INFO - Processing file /opt/airflow/dags/driven_data_pipeline.py for tasks to queue
[2025-04-08T17:15:40.163+0000] {logging_mixin.py:190} INFO - [2025-04-08T17:15:40.163+0000] {dagbag.py:588} INFO - Filling up the DagBag from /opt/airflow/dags/driven_data_pipeline.py
[2025-04-08T17:15:40.329+0000] {processor.py:925} INFO - DAG(s) 'extract_raw_data_pipeline' retrieved from /opt/airflow/dags/driven_data_pipeline.py
[2025-04-08T17:15:40.353+0000] {logging_mixin.py:190} INFO - [2025-04-08T17:15:40.353+0000] {dag.py:3239} INFO - Sync 1 DAGs
[2025-04-08T17:15:40.377+0000] {logging_mixin.py:190} INFO - [2025-04-08T17:15:40.377+0000] {dag.py:4180} INFO - Setting next_dagrun for extract_raw_data_pipeline to 2025-04-08 07:59:00+00:00, run_after=2025-04-09 07:00:00+00:00
[2025-04-08T17:15:40.403+0000] {processor.py:208} INFO - Processing /opt/airflow/dags/driven_data_pipeline.py took 0.249 seconds
[2025-04-08T17:16:10.759+0000] {processor.py:186} INFO - Started process (PID=269) to work on /opt/airflow/dags/driven_data_pipeline.py
[2025-04-08T17:16:10.760+0000] {processor.py:914} INFO - Processing file /opt/airflow/dags/driven_data_pipeline.py for tasks to queue
[2025-04-08T17:16:10.763+0000] {logging_mixin.py:190} INFO - [2025-04-08T17:16:10.762+0000] {dagbag.py:588} INFO - Filling up the DagBag from /opt/airflow/dags/driven_data_pipeline.py
[2025-04-08T17:16:10.922+0000] {processor.py:925} INFO - DAG(s) 'extract_raw_data_pipeline' retrieved from /opt/airflow/dags/driven_data_pipeline.py
[2025-04-08T17:16:10.944+0000] {logging_mixin.py:190} INFO - [2025-04-08T17:16:10.944+0000] {dag.py:3239} INFO - Sync 1 DAGs
[2025-04-08T17:16:10.973+0000] {logging_mixin.py:190} INFO - [2025-04-08T17:16:10.972+0000] {dag.py:4180} INFO - Setting next_dagrun for extract_raw_data_pipeline to 2025-04-08 07:59:00+00:00, run_after=2025-04-09 07:00:00+00:00
[2025-04-08T17:16:10.994+0000] {processor.py:208} INFO - Processing /opt/airflow/dags/driven_data_pipeline.py took 0.243 seconds
[2025-04-08T17:16:41.327+0000] {processor.py:186} INFO - Started process (PID=272) to work on /opt/airflow/dags/driven_data_pipeline.py
[2025-04-08T17:16:41.329+0000] {processor.py:914} INFO - Processing file /opt/airflow/dags/driven_data_pipeline.py for tasks to queue
[2025-04-08T17:16:41.332+0000] {logging_mixin.py:190} INFO - [2025-04-08T17:16:41.332+0000] {dagbag.py:588} INFO - Filling up the DagBag from /opt/airflow/dags/driven_data_pipeline.py
[2025-04-08T17:16:41.507+0000] {processor.py:925} INFO - DAG(s) 'extract_raw_data_pipeline' retrieved from /opt/airflow/dags/driven_data_pipeline.py
[2025-04-08T17:16:41.535+0000] {logging_mixin.py:190} INFO - [2025-04-08T17:16:41.535+0000] {dag.py:3239} INFO - Sync 1 DAGs
[2025-04-08T17:16:41.559+0000] {logging_mixin.py:190} INFO - [2025-04-08T17:16:41.558+0000] {dag.py:4180} INFO - Setting next_dagrun for extract_raw_data_pipeline to 2025-04-08 07:59:00+00:00, run_after=2025-04-09 07:00:00+00:00
[2025-04-08T17:16:41.582+0000] {processor.py:208} INFO - Processing /opt/airflow/dags/driven_data_pipeline.py took 0.263 seconds
[2025-04-08T17:17:11.824+0000] {processor.py:186} INFO - Started process (PID=275) to work on /opt/airflow/dags/driven_data_pipeline.py
[2025-04-08T17:17:11.825+0000] {processor.py:914} INFO - Processing file /opt/airflow/dags/driven_data_pipeline.py for tasks to queue
[2025-04-08T17:17:11.828+0000] {logging_mixin.py:190} INFO - [2025-04-08T17:17:11.827+0000] {dagbag.py:588} INFO - Filling up the DagBag from /opt/airflow/dags/driven_data_pipeline.py
[2025-04-08T17:17:12.003+0000] {processor.py:925} INFO - DAG(s) 'extract_raw_data_pipeline' retrieved from /opt/airflow/dags/driven_data_pipeline.py
[2025-04-08T17:17:12.029+0000] {logging_mixin.py:190} INFO - [2025-04-08T17:17:12.029+0000] {dag.py:3239} INFO - Sync 1 DAGs
[2025-04-08T17:17:12.055+0000] {logging_mixin.py:190} INFO - [2025-04-08T17:17:12.055+0000] {dag.py:4180} INFO - Setting next_dagrun for extract_raw_data_pipeline to 2025-04-08 07:59:00+00:00, run_after=2025-04-09 07:00:00+00:00
[2025-04-08T17:17:12.074+0000] {processor.py:208} INFO - Processing /opt/airflow/dags/driven_data_pipeline.py took 0.257 seconds
[2025-04-08T17:17:42.259+0000] {processor.py:186} INFO - Started process (PID=278) to work on /opt/airflow/dags/driven_data_pipeline.py
[2025-04-08T17:17:42.261+0000] {processor.py:914} INFO - Processing file /opt/airflow/dags/driven_data_pipeline.py for tasks to queue
[2025-04-08T17:17:42.266+0000] {logging_mixin.py:190} INFO - [2025-04-08T17:17:42.265+0000] {dagbag.py:588} INFO - Filling up the DagBag from /opt/airflow/dags/driven_data_pipeline.py
[2025-04-08T17:17:42.470+0000] {processor.py:925} INFO - DAG(s) 'extract_raw_data_pipeline' retrieved from /opt/airflow/dags/driven_data_pipeline.py
[2025-04-08T17:17:42.498+0000] {logging_mixin.py:190} INFO - [2025-04-08T17:17:42.498+0000] {dag.py:3239} INFO - Sync 1 DAGs
[2025-04-08T17:17:42.520+0000] {logging_mixin.py:190} INFO - [2025-04-08T17:17:42.520+0000] {dag.py:4180} INFO - Setting next_dagrun for extract_raw_data_pipeline to 2025-04-08 07:59:00+00:00, run_after=2025-04-09 07:00:00+00:00
[2025-04-08T17:17:42.544+0000] {processor.py:208} INFO - Processing /opt/airflow/dags/driven_data_pipeline.py took 0.296 seconds
[2025-04-08T17:18:12.793+0000] {processor.py:186} INFO - Started process (PID=281) to work on /opt/airflow/dags/driven_data_pipeline.py
[2025-04-08T17:18:12.795+0000] {processor.py:914} INFO - Processing file /opt/airflow/dags/driven_data_pipeline.py for tasks to queue
[2025-04-08T17:18:12.798+0000] {logging_mixin.py:190} INFO - [2025-04-08T17:18:12.797+0000] {dagbag.py:588} INFO - Filling up the DagBag from /opt/airflow/dags/driven_data_pipeline.py
[2025-04-08T17:18:12.969+0000] {processor.py:925} INFO - DAG(s) 'extract_raw_data_pipeline' retrieved from /opt/airflow/dags/driven_data_pipeline.py
[2025-04-08T17:18:12.996+0000] {logging_mixin.py:190} INFO - [2025-04-08T17:18:12.996+0000] {dag.py:3239} INFO - Sync 1 DAGs
[2025-04-08T17:18:13.022+0000] {logging_mixin.py:190} INFO - [2025-04-08T17:18:13.022+0000] {dag.py:4180} INFO - Setting next_dagrun for extract_raw_data_pipeline to 2025-04-08 07:59:00+00:00, run_after=2025-04-09 07:00:00+00:00
[2025-04-08T17:18:13.042+0000] {processor.py:208} INFO - Processing /opt/airflow/dags/driven_data_pipeline.py took 0.256 seconds
[2025-04-08T17:18:43.300+0000] {processor.py:186} INFO - Started process (PID=284) to work on /opt/airflow/dags/driven_data_pipeline.py
[2025-04-08T17:18:43.301+0000] {processor.py:914} INFO - Processing file /opt/airflow/dags/driven_data_pipeline.py for tasks to queue
[2025-04-08T17:18:43.304+0000] {logging_mixin.py:190} INFO - [2025-04-08T17:18:43.303+0000] {dagbag.py:588} INFO - Filling up the DagBag from /opt/airflow/dags/driven_data_pipeline.py
[2025-04-08T17:18:43.472+0000] {processor.py:925} INFO - DAG(s) 'extract_raw_data_pipeline' retrieved from /opt/airflow/dags/driven_data_pipeline.py
[2025-04-08T17:18:43.499+0000] {logging_mixin.py:190} INFO - [2025-04-08T17:18:43.498+0000] {dag.py:3239} INFO - Sync 1 DAGs
[2025-04-08T17:18:43.528+0000] {logging_mixin.py:190} INFO - [2025-04-08T17:18:43.528+0000] {dag.py:4180} INFO - Setting next_dagrun for extract_raw_data_pipeline to 2025-04-08 07:59:00+00:00, run_after=2025-04-09 07:00:00+00:00
[2025-04-08T17:18:43.552+0000] {processor.py:208} INFO - Processing /opt/airflow/dags/driven_data_pipeline.py took 0.259 seconds
[2025-04-08T17:19:13.832+0000] {processor.py:186} INFO - Started process (PID=287) to work on /opt/airflow/dags/driven_data_pipeline.py
[2025-04-08T17:19:13.833+0000] {processor.py:914} INFO - Processing file /opt/airflow/dags/driven_data_pipeline.py for tasks to queue
[2025-04-08T17:19:13.835+0000] {logging_mixin.py:190} INFO - [2025-04-08T17:19:13.835+0000] {dagbag.py:588} INFO - Filling up the DagBag from /opt/airflow/dags/driven_data_pipeline.py
[2025-04-08T17:19:14.002+0000] {processor.py:925} INFO - DAG(s) 'extract_raw_data_pipeline' retrieved from /opt/airflow/dags/driven_data_pipeline.py
[2025-04-08T17:19:14.031+0000] {logging_mixin.py:190} INFO - [2025-04-08T17:19:14.031+0000] {dag.py:3239} INFO - Sync 1 DAGs
[2025-04-08T17:19:14.058+0000] {logging_mixin.py:190} INFO - [2025-04-08T17:19:14.058+0000] {dag.py:4180} INFO - Setting next_dagrun for extract_raw_data_pipeline to 2025-04-08 07:59:00+00:00, run_after=2025-04-09 07:00:00+00:00
[2025-04-08T17:19:14.077+0000] {processor.py:208} INFO - Processing /opt/airflow/dags/driven_data_pipeline.py took 0.252 seconds
[2025-04-08T17:19:44.186+0000] {processor.py:186} INFO - Started process (PID=290) to work on /opt/airflow/dags/driven_data_pipeline.py
[2025-04-08T17:19:44.188+0000] {processor.py:914} INFO - Processing file /opt/airflow/dags/driven_data_pipeline.py for tasks to queue
[2025-04-08T17:19:44.190+0000] {logging_mixin.py:190} INFO - [2025-04-08T17:19:44.190+0000] {dagbag.py:588} INFO - Filling up the DagBag from /opt/airflow/dags/driven_data_pipeline.py
[2025-04-08T17:19:44.350+0000] {processor.py:925} INFO - DAG(s) 'extract_raw_data_pipeline' retrieved from /opt/airflow/dags/driven_data_pipeline.py
[2025-04-08T17:19:44.373+0000] {logging_mixin.py:190} INFO - [2025-04-08T17:19:44.373+0000] {dag.py:3239} INFO - Sync 1 DAGs
[2025-04-08T17:19:44.396+0000] {logging_mixin.py:190} INFO - [2025-04-08T17:19:44.396+0000] {dag.py:4180} INFO - Setting next_dagrun for extract_raw_data_pipeline to 2025-04-08 07:59:00+00:00, run_after=2025-04-09 07:00:00+00:00
[2025-04-08T17:19:44.417+0000] {processor.py:208} INFO - Processing /opt/airflow/dags/driven_data_pipeline.py took 0.238 seconds
[2025-04-08T17:20:14.656+0000] {processor.py:186} INFO - Started process (PID=293) to work on /opt/airflow/dags/driven_data_pipeline.py
[2025-04-08T17:20:14.658+0000] {processor.py:914} INFO - Processing file /opt/airflow/dags/driven_data_pipeline.py for tasks to queue
[2025-04-08T17:20:14.661+0000] {logging_mixin.py:190} INFO - [2025-04-08T17:20:14.660+0000] {dagbag.py:588} INFO - Filling up the DagBag from /opt/airflow/dags/driven_data_pipeline.py
[2025-04-08T17:20:14.826+0000] {processor.py:925} INFO - DAG(s) 'extract_raw_data_pipeline' retrieved from /opt/airflow/dags/driven_data_pipeline.py
[2025-04-08T17:20:14.850+0000] {logging_mixin.py:190} INFO - [2025-04-08T17:20:14.850+0000] {dag.py:3239} INFO - Sync 1 DAGs
[2025-04-08T17:20:14.876+0000] {logging_mixin.py:190} INFO - [2025-04-08T17:20:14.876+0000] {dag.py:4180} INFO - Setting next_dagrun for extract_raw_data_pipeline to 2025-04-08 07:59:00+00:00, run_after=2025-04-09 07:00:00+00:00
[2025-04-08T17:20:14.897+0000] {processor.py:208} INFO - Processing /opt/airflow/dags/driven_data_pipeline.py took 0.246 seconds
[2025-04-08T17:20:45.021+0000] {processor.py:186} INFO - Started process (PID=296) to work on /opt/airflow/dags/driven_data_pipeline.py
[2025-04-08T17:20:45.023+0000] {processor.py:914} INFO - Processing file /opt/airflow/dags/driven_data_pipeline.py for tasks to queue
[2025-04-08T17:20:45.026+0000] {logging_mixin.py:190} INFO - [2025-04-08T17:20:45.025+0000] {dagbag.py:588} INFO - Filling up the DagBag from /opt/airflow/dags/driven_data_pipeline.py
[2025-04-08T17:20:45.389+0000] {processor.py:925} INFO - DAG(s) 'extract_raw_data_pipeline' retrieved from /opt/airflow/dags/driven_data_pipeline.py
[2025-04-08T17:20:45.465+0000] {logging_mixin.py:190} INFO - [2025-04-08T17:20:45.464+0000] {dag.py:3239} INFO - Sync 1 DAGs
[2025-04-08T17:20:45.527+0000] {logging_mixin.py:190} INFO - [2025-04-08T17:20:45.527+0000] {dag.py:4180} INFO - Setting next_dagrun for extract_raw_data_pipeline to 2025-04-08 07:59:00+00:00, run_after=2025-04-09 07:00:00+00:00
[2025-04-08T17:20:45.563+0000] {processor.py:208} INFO - Processing /opt/airflow/dags/driven_data_pipeline.py took 0.552 seconds
[2025-04-08T17:21:15.664+0000] {processor.py:186} INFO - Started process (PID=299) to work on /opt/airflow/dags/driven_data_pipeline.py
[2025-04-08T17:21:15.665+0000] {processor.py:914} INFO - Processing file /opt/airflow/dags/driven_data_pipeline.py for tasks to queue
[2025-04-08T17:21:15.668+0000] {logging_mixin.py:190} INFO - [2025-04-08T17:21:15.667+0000] {dagbag.py:588} INFO - Filling up the DagBag from /opt/airflow/dags/driven_data_pipeline.py
[2025-04-08T17:21:15.822+0000] {processor.py:925} INFO - DAG(s) 'extract_raw_data_pipeline' retrieved from /opt/airflow/dags/driven_data_pipeline.py
[2025-04-08T17:21:15.848+0000] {logging_mixin.py:190} INFO - [2025-04-08T17:21:15.848+0000] {dag.py:3239} INFO - Sync 1 DAGs
[2025-04-08T17:21:15.871+0000] {logging_mixin.py:190} INFO - [2025-04-08T17:21:15.871+0000] {dag.py:4180} INFO - Setting next_dagrun for extract_raw_data_pipeline to 2025-04-08 07:59:00+00:00, run_after=2025-04-09 07:00:00+00:00
[2025-04-08T17:21:15.891+0000] {processor.py:208} INFO - Processing /opt/airflow/dags/driven_data_pipeline.py took 0.233 seconds
[2025-04-08T17:21:46.063+0000] {processor.py:186} INFO - Started process (PID=302) to work on /opt/airflow/dags/driven_data_pipeline.py
[2025-04-08T17:21:46.064+0000] {processor.py:914} INFO - Processing file /opt/airflow/dags/driven_data_pipeline.py for tasks to queue
[2025-04-08T17:21:46.067+0000] {logging_mixin.py:190} INFO - [2025-04-08T17:21:46.066+0000] {dagbag.py:588} INFO - Filling up the DagBag from /opt/airflow/dags/driven_data_pipeline.py
[2025-04-08T17:21:46.220+0000] {processor.py:925} INFO - DAG(s) 'extract_raw_data_pipeline' retrieved from /opt/airflow/dags/driven_data_pipeline.py
[2025-04-08T17:21:46.242+0000] {logging_mixin.py:190} INFO - [2025-04-08T17:21:46.241+0000] {dag.py:3239} INFO - Sync 1 DAGs
[2025-04-08T17:21:46.262+0000] {logging_mixin.py:190} INFO - [2025-04-08T17:21:46.262+0000] {dag.py:4180} INFO - Setting next_dagrun for extract_raw_data_pipeline to 2025-04-08 07:59:00+00:00, run_after=2025-04-09 07:00:00+00:00
[2025-04-08T17:21:46.280+0000] {processor.py:208} INFO - Processing /opt/airflow/dags/driven_data_pipeline.py took 0.224 seconds
[2025-04-08T17:22:16.618+0000] {processor.py:186} INFO - Started process (PID=305) to work on /opt/airflow/dags/driven_data_pipeline.py
[2025-04-08T17:22:16.619+0000] {processor.py:914} INFO - Processing file /opt/airflow/dags/driven_data_pipeline.py for tasks to queue
[2025-04-08T17:22:16.623+0000] {logging_mixin.py:190} INFO - [2025-04-08T17:22:16.622+0000] {dagbag.py:588} INFO - Filling up the DagBag from /opt/airflow/dags/driven_data_pipeline.py
[2025-04-08T17:22:16.773+0000] {processor.py:925} INFO - DAG(s) 'extract_raw_data_pipeline' retrieved from /opt/airflow/dags/driven_data_pipeline.py
[2025-04-08T17:22:16.805+0000] {logging_mixin.py:190} INFO - [2025-04-08T17:22:16.805+0000] {dag.py:3239} INFO - Sync 1 DAGs
[2025-04-08T17:22:16.832+0000] {logging_mixin.py:190} INFO - [2025-04-08T17:22:16.832+0000] {dag.py:4180} INFO - Setting next_dagrun for extract_raw_data_pipeline to 2025-04-08 07:59:00+00:00, run_after=2025-04-09 07:00:00+00:00
[2025-04-08T17:22:16.854+0000] {processor.py:208} INFO - Processing /opt/airflow/dags/driven_data_pipeline.py took 0.242 seconds
[2025-04-08T17:22:46.967+0000] {processor.py:186} INFO - Started process (PID=308) to work on /opt/airflow/dags/driven_data_pipeline.py
[2025-04-08T17:22:46.968+0000] {processor.py:914} INFO - Processing file /opt/airflow/dags/driven_data_pipeline.py for tasks to queue
[2025-04-08T17:22:46.971+0000] {logging_mixin.py:190} INFO - [2025-04-08T17:22:46.971+0000] {dagbag.py:588} INFO - Filling up the DagBag from /opt/airflow/dags/driven_data_pipeline.py
[2025-04-08T17:22:47.141+0000] {processor.py:925} INFO - DAG(s) 'extract_raw_data_pipeline' retrieved from /opt/airflow/dags/driven_data_pipeline.py
[2025-04-08T17:22:47.166+0000] {logging_mixin.py:190} INFO - [2025-04-08T17:22:47.166+0000] {dag.py:3239} INFO - Sync 1 DAGs
[2025-04-08T17:22:47.196+0000] {logging_mixin.py:190} INFO - [2025-04-08T17:22:47.196+0000] {dag.py:4180} INFO - Setting next_dagrun for extract_raw_data_pipeline to 2025-04-08 07:59:00+00:00, run_after=2025-04-09 07:00:00+00:00
[2025-04-08T17:22:47.214+0000] {processor.py:208} INFO - Processing /opt/airflow/dags/driven_data_pipeline.py took 0.257 seconds
[2025-04-08T17:23:17.572+0000] {processor.py:186} INFO - Started process (PID=311) to work on /opt/airflow/dags/driven_data_pipeline.py
[2025-04-08T17:23:17.575+0000] {processor.py:914} INFO - Processing file /opt/airflow/dags/driven_data_pipeline.py for tasks to queue
[2025-04-08T17:23:17.583+0000] {logging_mixin.py:190} INFO - [2025-04-08T17:23:17.581+0000] {dagbag.py:588} INFO - Filling up the DagBag from /opt/airflow/dags/driven_data_pipeline.py
[2025-04-08T17:23:17.757+0000] {processor.py:925} INFO - DAG(s) 'extract_raw_data_pipeline' retrieved from /opt/airflow/dags/driven_data_pipeline.py
[2025-04-08T17:23:17.782+0000] {logging_mixin.py:190} INFO - [2025-04-08T17:23:17.782+0000] {dag.py:3239} INFO - Sync 1 DAGs
[2025-04-08T17:23:17.803+0000] {logging_mixin.py:190} INFO - [2025-04-08T17:23:17.803+0000] {dag.py:4180} INFO - Setting next_dagrun for extract_raw_data_pipeline to 2025-04-08 07:59:00+00:00, run_after=2025-04-09 07:00:00+00:00
[2025-04-08T17:23:17.827+0000] {processor.py:208} INFO - Processing /opt/airflow/dags/driven_data_pipeline.py took 0.268 seconds
[2025-04-08T17:23:47.980+0000] {processor.py:186} INFO - Started process (PID=314) to work on /opt/airflow/dags/driven_data_pipeline.py
[2025-04-08T17:23:47.982+0000] {processor.py:914} INFO - Processing file /opt/airflow/dags/driven_data_pipeline.py for tasks to queue
[2025-04-08T17:23:47.985+0000] {logging_mixin.py:190} INFO - [2025-04-08T17:23:47.984+0000] {dagbag.py:588} INFO - Filling up the DagBag from /opt/airflow/dags/driven_data_pipeline.py
[2025-04-08T17:23:48.158+0000] {processor.py:925} INFO - DAG(s) 'extract_raw_data_pipeline' retrieved from /opt/airflow/dags/driven_data_pipeline.py
[2025-04-08T17:23:48.190+0000] {logging_mixin.py:190} INFO - [2025-04-08T17:23:48.190+0000] {dag.py:3239} INFO - Sync 1 DAGs
[2025-04-08T17:23:48.221+0000] {logging_mixin.py:190} INFO - [2025-04-08T17:23:48.221+0000] {dag.py:4180} INFO - Setting next_dagrun for extract_raw_data_pipeline to 2025-04-08 07:59:00+00:00, run_after=2025-04-09 07:00:00+00:00
[2025-04-08T17:23:48.242+0000] {processor.py:208} INFO - Processing /opt/airflow/dags/driven_data_pipeline.py took 0.268 seconds
[2025-04-08T17:24:18.534+0000] {processor.py:186} INFO - Started process (PID=317) to work on /opt/airflow/dags/driven_data_pipeline.py
[2025-04-08T17:24:18.535+0000] {processor.py:914} INFO - Processing file /opt/airflow/dags/driven_data_pipeline.py for tasks to queue
[2025-04-08T17:24:18.538+0000] {logging_mixin.py:190} INFO - [2025-04-08T17:24:18.537+0000] {dagbag.py:588} INFO - Filling up the DagBag from /opt/airflow/dags/driven_data_pipeline.py
[2025-04-08T17:24:18.698+0000] {processor.py:925} INFO - DAG(s) 'extract_raw_data_pipeline' retrieved from /opt/airflow/dags/driven_data_pipeline.py
[2025-04-08T17:24:18.721+0000] {logging_mixin.py:190} INFO - [2025-04-08T17:24:18.720+0000] {dag.py:3239} INFO - Sync 1 DAGs
[2025-04-08T17:24:18.741+0000] {logging_mixin.py:190} INFO - [2025-04-08T17:24:18.740+0000] {dag.py:4180} INFO - Setting next_dagrun for extract_raw_data_pipeline to 2025-04-08 07:59:00+00:00, run_after=2025-04-09 07:00:00+00:00
[2025-04-08T17:24:18.767+0000] {processor.py:208} INFO - Processing /opt/airflow/dags/driven_data_pipeline.py took 0.239 seconds
[2025-04-08T17:24:48.913+0000] {processor.py:186} INFO - Started process (PID=320) to work on /opt/airflow/dags/driven_data_pipeline.py
[2025-04-08T17:24:48.915+0000] {processor.py:914} INFO - Processing file /opt/airflow/dags/driven_data_pipeline.py for tasks to queue
[2025-04-08T17:24:48.917+0000] {logging_mixin.py:190} INFO - [2025-04-08T17:24:48.917+0000] {dagbag.py:588} INFO - Filling up the DagBag from /opt/airflow/dags/driven_data_pipeline.py
[2025-04-08T17:24:49.061+0000] {processor.py:925} INFO - DAG(s) 'extract_raw_data_pipeline' retrieved from /opt/airflow/dags/driven_data_pipeline.py
[2025-04-08T17:24:49.084+0000] {logging_mixin.py:190} INFO - [2025-04-08T17:24:49.084+0000] {dag.py:3239} INFO - Sync 1 DAGs
[2025-04-08T17:24:49.104+0000] {logging_mixin.py:190} INFO - [2025-04-08T17:24:49.104+0000] {dag.py:4180} INFO - Setting next_dagrun for extract_raw_data_pipeline to 2025-04-08 07:59:00+00:00, run_after=2025-04-09 07:00:00+00:00
[2025-04-08T17:24:49.127+0000] {processor.py:208} INFO - Processing /opt/airflow/dags/driven_data_pipeline.py took 0.220 seconds
[2025-04-08T17:25:19.467+0000] {processor.py:186} INFO - Started process (PID=323) to work on /opt/airflow/dags/driven_data_pipeline.py
[2025-04-08T17:25:19.468+0000] {processor.py:914} INFO - Processing file /opt/airflow/dags/driven_data_pipeline.py for tasks to queue
[2025-04-08T17:25:19.471+0000] {logging_mixin.py:190} INFO - [2025-04-08T17:25:19.471+0000] {dagbag.py:588} INFO - Filling up the DagBag from /opt/airflow/dags/driven_data_pipeline.py
[2025-04-08T17:25:19.642+0000] {processor.py:925} INFO - DAG(s) 'extract_raw_data_pipeline' retrieved from /opt/airflow/dags/driven_data_pipeline.py
[2025-04-08T17:25:19.678+0000] {logging_mixin.py:190} INFO - [2025-04-08T17:25:19.677+0000] {dag.py:3239} INFO - Sync 1 DAGs
[2025-04-08T17:25:19.715+0000] {logging_mixin.py:190} INFO - [2025-04-08T17:25:19.715+0000] {dag.py:4180} INFO - Setting next_dagrun for extract_raw_data_pipeline to 2025-04-08 07:59:00+00:00, run_after=2025-04-09 07:00:00+00:00
[2025-04-08T17:25:19.739+0000] {processor.py:208} INFO - Processing /opt/airflow/dags/driven_data_pipeline.py took 0.278 seconds
[2025-04-08T17:25:49.804+0000] {processor.py:186} INFO - Started process (PID=326) to work on /opt/airflow/dags/driven_data_pipeline.py
[2025-04-08T17:25:49.806+0000] {processor.py:914} INFO - Processing file /opt/airflow/dags/driven_data_pipeline.py for tasks to queue
[2025-04-08T17:25:49.809+0000] {logging_mixin.py:190} INFO - [2025-04-08T17:25:49.809+0000] {dagbag.py:588} INFO - Filling up the DagBag from /opt/airflow/dags/driven_data_pipeline.py
[2025-04-08T17:25:49.968+0000] {processor.py:925} INFO - DAG(s) 'extract_raw_data_pipeline' retrieved from /opt/airflow/dags/driven_data_pipeline.py
[2025-04-08T17:25:49.994+0000] {logging_mixin.py:190} INFO - [2025-04-08T17:25:49.993+0000] {dag.py:3239} INFO - Sync 1 DAGs
[2025-04-08T17:25:50.015+0000] {logging_mixin.py:190} INFO - [2025-04-08T17:25:50.014+0000] {dag.py:4180} INFO - Setting next_dagrun for extract_raw_data_pipeline to 2025-04-08 07:59:00+00:00, run_after=2025-04-09 07:00:00+00:00
[2025-04-08T17:25:50.039+0000] {processor.py:208} INFO - Processing /opt/airflow/dags/driven_data_pipeline.py took 0.243 seconds
[2025-04-08T17:26:20.219+0000] {processor.py:186} INFO - Started process (PID=329) to work on /opt/airflow/dags/driven_data_pipeline.py
[2025-04-08T17:26:20.220+0000] {processor.py:914} INFO - Processing file /opt/airflow/dags/driven_data_pipeline.py for tasks to queue
[2025-04-08T17:26:20.223+0000] {logging_mixin.py:190} INFO - [2025-04-08T17:26:20.222+0000] {dagbag.py:588} INFO - Filling up the DagBag from /opt/airflow/dags/driven_data_pipeline.py
[2025-04-08T17:26:20.377+0000] {processor.py:925} INFO - DAG(s) 'extract_raw_data_pipeline' retrieved from /opt/airflow/dags/driven_data_pipeline.py
[2025-04-08T17:26:20.399+0000] {logging_mixin.py:190} INFO - [2025-04-08T17:26:20.398+0000] {dag.py:3239} INFO - Sync 1 DAGs
[2025-04-08T17:26:20.419+0000] {logging_mixin.py:190} INFO - [2025-04-08T17:26:20.419+0000] {dag.py:4180} INFO - Setting next_dagrun for extract_raw_data_pipeline to 2025-04-08 07:59:00+00:00, run_after=2025-04-09 07:00:00+00:00
[2025-04-08T17:26:20.444+0000] {processor.py:208} INFO - Processing /opt/airflow/dags/driven_data_pipeline.py took 0.231 seconds
[2025-04-08T17:26:50.781+0000] {processor.py:186} INFO - Started process (PID=332) to work on /opt/airflow/dags/driven_data_pipeline.py
[2025-04-08T17:26:50.782+0000] {processor.py:914} INFO - Processing file /opt/airflow/dags/driven_data_pipeline.py for tasks to queue
[2025-04-08T17:26:50.785+0000] {logging_mixin.py:190} INFO - [2025-04-08T17:26:50.784+0000] {dagbag.py:588} INFO - Filling up the DagBag from /opt/airflow/dags/driven_data_pipeline.py
[2025-04-08T17:26:50.944+0000] {processor.py:925} INFO - DAG(s) 'extract_raw_data_pipeline' retrieved from /opt/airflow/dags/driven_data_pipeline.py
[2025-04-08T17:26:50.968+0000] {logging_mixin.py:190} INFO - [2025-04-08T17:26:50.967+0000] {dag.py:3239} INFO - Sync 1 DAGs
[2025-04-08T17:26:50.996+0000] {logging_mixin.py:190} INFO - [2025-04-08T17:26:50.995+0000] {dag.py:4180} INFO - Setting next_dagrun for extract_raw_data_pipeline to 2025-04-08 07:59:00+00:00, run_after=2025-04-09 07:00:00+00:00
[2025-04-08T17:26:51.020+0000] {processor.py:208} INFO - Processing /opt/airflow/dags/driven_data_pipeline.py took 0.245 seconds
[2025-04-08T17:27:21.204+0000] {processor.py:186} INFO - Started process (PID=335) to work on /opt/airflow/dags/driven_data_pipeline.py
[2025-04-08T17:27:21.205+0000] {processor.py:914} INFO - Processing file /opt/airflow/dags/driven_data_pipeline.py for tasks to queue
[2025-04-08T17:27:21.208+0000] {logging_mixin.py:190} INFO - [2025-04-08T17:27:21.207+0000] {dagbag.py:588} INFO - Filling up the DagBag from /opt/airflow/dags/driven_data_pipeline.py
[2025-04-08T17:27:21.410+0000] {processor.py:925} INFO - DAG(s) 'extract_raw_data_pipeline' retrieved from /opt/airflow/dags/driven_data_pipeline.py
[2025-04-08T17:27:21.440+0000] {logging_mixin.py:190} INFO - [2025-04-08T17:27:21.440+0000] {dag.py:3239} INFO - Sync 1 DAGs
[2025-04-08T17:27:21.469+0000] {logging_mixin.py:190} INFO - [2025-04-08T17:27:21.468+0000] {dag.py:4180} INFO - Setting next_dagrun for extract_raw_data_pipeline to 2025-04-08 07:59:00+00:00, run_after=2025-04-09 07:00:00+00:00
[2025-04-08T17:27:21.496+0000] {processor.py:208} INFO - Processing /opt/airflow/dags/driven_data_pipeline.py took 0.300 seconds
[2025-04-08T17:27:51.738+0000] {processor.py:186} INFO - Started process (PID=338) to work on /opt/airflow/dags/driven_data_pipeline.py
[2025-04-08T17:27:51.740+0000] {processor.py:914} INFO - Processing file /opt/airflow/dags/driven_data_pipeline.py for tasks to queue
[2025-04-08T17:27:51.743+0000] {logging_mixin.py:190} INFO - [2025-04-08T17:27:51.743+0000] {dagbag.py:588} INFO - Filling up the DagBag from /opt/airflow/dags/driven_data_pipeline.py
[2025-04-08T17:27:51.885+0000] {processor.py:925} INFO - DAG(s) 'extract_raw_data_pipeline' retrieved from /opt/airflow/dags/driven_data_pipeline.py
[2025-04-08T17:27:51.906+0000] {logging_mixin.py:190} INFO - [2025-04-08T17:27:51.906+0000] {dag.py:3239} INFO - Sync 1 DAGs
[2025-04-08T17:27:51.927+0000] {logging_mixin.py:190} INFO - [2025-04-08T17:27:51.927+0000] {dag.py:4180} INFO - Setting next_dagrun for extract_raw_data_pipeline to 2025-04-08 07:59:00+00:00, run_after=2025-04-09 07:00:00+00:00
[2025-04-08T17:27:51.948+0000] {processor.py:208} INFO - Processing /opt/airflow/dags/driven_data_pipeline.py took 0.217 seconds
[2025-04-08T17:28:22.094+0000] {processor.py:186} INFO - Started process (PID=341) to work on /opt/airflow/dags/driven_data_pipeline.py
[2025-04-08T17:28:22.095+0000] {processor.py:914} INFO - Processing file /opt/airflow/dags/driven_data_pipeline.py for tasks to queue
[2025-04-08T17:28:22.097+0000] {logging_mixin.py:190} INFO - [2025-04-08T17:28:22.097+0000] {dagbag.py:588} INFO - Filling up the DagBag from /opt/airflow/dags/driven_data_pipeline.py
[2025-04-08T17:28:22.247+0000] {processor.py:925} INFO - DAG(s) 'extract_raw_data_pipeline' retrieved from /opt/airflow/dags/driven_data_pipeline.py
[2025-04-08T17:28:22.272+0000] {logging_mixin.py:190} INFO - [2025-04-08T17:28:22.272+0000] {dag.py:3239} INFO - Sync 1 DAGs
[2025-04-08T17:28:22.295+0000] {logging_mixin.py:190} INFO - [2025-04-08T17:28:22.295+0000] {dag.py:4180} INFO - Setting next_dagrun for extract_raw_data_pipeline to 2025-04-08 07:59:00+00:00, run_after=2025-04-09 07:00:00+00:00
[2025-04-08T17:28:22.320+0000] {processor.py:208} INFO - Processing /opt/airflow/dags/driven_data_pipeline.py took 0.232 seconds
[2025-04-08T17:28:52.660+0000] {processor.py:186} INFO - Started process (PID=344) to work on /opt/airflow/dags/driven_data_pipeline.py
[2025-04-08T17:28:52.662+0000] {processor.py:914} INFO - Processing file /opt/airflow/dags/driven_data_pipeline.py for tasks to queue
[2025-04-08T17:28:52.666+0000] {logging_mixin.py:190} INFO - [2025-04-08T17:28:52.665+0000] {dagbag.py:588} INFO - Filling up the DagBag from /opt/airflow/dags/driven_data_pipeline.py
[2025-04-08T17:28:52.885+0000] {processor.py:925} INFO - DAG(s) 'extract_raw_data_pipeline' retrieved from /opt/airflow/dags/driven_data_pipeline.py
[2025-04-08T17:28:52.913+0000] {logging_mixin.py:190} INFO - [2025-04-08T17:28:52.913+0000] {dag.py:3239} INFO - Sync 1 DAGs
[2025-04-08T17:28:52.947+0000] {logging_mixin.py:190} INFO - [2025-04-08T17:28:52.947+0000] {dag.py:4180} INFO - Setting next_dagrun for extract_raw_data_pipeline to 2025-04-08 07:59:00+00:00, run_after=2025-04-09 07:00:00+00:00
[2025-04-08T17:28:52.972+0000] {processor.py:208} INFO - Processing /opt/airflow/dags/driven_data_pipeline.py took 0.320 seconds
[2025-04-08T17:29:23.140+0000] {processor.py:186} INFO - Started process (PID=347) to work on /opt/airflow/dags/driven_data_pipeline.py
[2025-04-08T17:29:23.141+0000] {processor.py:914} INFO - Processing file /opt/airflow/dags/driven_data_pipeline.py for tasks to queue
[2025-04-08T17:29:23.144+0000] {logging_mixin.py:190} INFO - [2025-04-08T17:29:23.143+0000] {dagbag.py:588} INFO - Filling up the DagBag from /opt/airflow/dags/driven_data_pipeline.py
[2025-04-08T17:29:23.298+0000] {processor.py:925} INFO - DAG(s) 'extract_raw_data_pipeline' retrieved from /opt/airflow/dags/driven_data_pipeline.py
[2025-04-08T17:29:23.323+0000] {logging_mixin.py:190} INFO - [2025-04-08T17:29:23.323+0000] {dag.py:3239} INFO - Sync 1 DAGs
[2025-04-08T17:29:23.345+0000] {logging_mixin.py:190} INFO - [2025-04-08T17:29:23.345+0000] {dag.py:4180} INFO - Setting next_dagrun for extract_raw_data_pipeline to 2025-04-08 07:59:00+00:00, run_after=2025-04-09 07:00:00+00:00
[2025-04-08T17:29:23.362+0000] {processor.py:208} INFO - Processing /opt/airflow/dags/driven_data_pipeline.py took 0.233 seconds
[2025-04-08T17:29:53.729+0000] {processor.py:186} INFO - Started process (PID=350) to work on /opt/airflow/dags/driven_data_pipeline.py
[2025-04-08T17:29:53.730+0000] {processor.py:914} INFO - Processing file /opt/airflow/dags/driven_data_pipeline.py for tasks to queue
[2025-04-08T17:29:53.733+0000] {logging_mixin.py:190} INFO - [2025-04-08T17:29:53.732+0000] {dagbag.py:588} INFO - Filling up the DagBag from /opt/airflow/dags/driven_data_pipeline.py
[2025-04-08T17:29:53.884+0000] {processor.py:925} INFO - DAG(s) 'extract_raw_data_pipeline' retrieved from /opt/airflow/dags/driven_data_pipeline.py
[2025-04-08T17:29:53.905+0000] {logging_mixin.py:190} INFO - [2025-04-08T17:29:53.905+0000] {dag.py:3239} INFO - Sync 1 DAGs
[2025-04-08T17:29:53.927+0000] {logging_mixin.py:190} INFO - [2025-04-08T17:29:53.926+0000] {dag.py:4180} INFO - Setting next_dagrun for extract_raw_data_pipeline to 2025-04-08 07:59:00+00:00, run_after=2025-04-09 07:00:00+00:00
[2025-04-08T17:29:53.944+0000] {processor.py:208} INFO - Processing /opt/airflow/dags/driven_data_pipeline.py took 0.220 seconds
[2025-04-08T17:30:24.187+0000] {processor.py:186} INFO - Started process (PID=353) to work on /opt/airflow/dags/driven_data_pipeline.py
[2025-04-08T17:30:24.188+0000] {processor.py:914} INFO - Processing file /opt/airflow/dags/driven_data_pipeline.py for tasks to queue
[2025-04-08T17:30:24.191+0000] {logging_mixin.py:190} INFO - [2025-04-08T17:30:24.191+0000] {dagbag.py:588} INFO - Filling up the DagBag from /opt/airflow/dags/driven_data_pipeline.py
[2025-04-08T17:30:24.358+0000] {processor.py:925} INFO - DAG(s) 'extract_raw_data_pipeline' retrieved from /opt/airflow/dags/driven_data_pipeline.py
[2025-04-08T17:30:24.386+0000] {logging_mixin.py:190} INFO - [2025-04-08T17:30:24.386+0000] {dag.py:3239} INFO - Sync 1 DAGs
[2025-04-08T17:30:24.413+0000] {logging_mixin.py:190} INFO - [2025-04-08T17:30:24.412+0000] {dag.py:4180} INFO - Setting next_dagrun for extract_raw_data_pipeline to 2025-04-08 07:59:00+00:00, run_after=2025-04-09 07:00:00+00:00
[2025-04-08T17:30:24.441+0000] {processor.py:208} INFO - Processing /opt/airflow/dags/driven_data_pipeline.py took 0.261 seconds
[2025-04-08T17:30:54.646+0000] {processor.py:186} INFO - Started process (PID=357) to work on /opt/airflow/dags/driven_data_pipeline.py
[2025-04-08T17:30:54.647+0000] {processor.py:914} INFO - Processing file /opt/airflow/dags/driven_data_pipeline.py for tasks to queue
[2025-04-08T17:30:54.649+0000] {logging_mixin.py:190} INFO - [2025-04-08T17:30:54.649+0000] {dagbag.py:588} INFO - Filling up the DagBag from /opt/airflow/dags/driven_data_pipeline.py
[2025-04-08T17:30:54.791+0000] {processor.py:925} INFO - DAG(s) 'extract_raw_data_pipeline' retrieved from /opt/airflow/dags/driven_data_pipeline.py
[2025-04-08T17:30:54.813+0000] {logging_mixin.py:190} INFO - [2025-04-08T17:30:54.813+0000] {dag.py:3239} INFO - Sync 1 DAGs
[2025-04-08T17:30:54.836+0000] {logging_mixin.py:190} INFO - [2025-04-08T17:30:54.835+0000] {dag.py:4180} INFO - Setting next_dagrun for extract_raw_data_pipeline to 2025-04-08 07:59:00+00:00, run_after=2025-04-09 07:00:00+00:00
[2025-04-08T17:30:54.854+0000] {processor.py:208} INFO - Processing /opt/airflow/dags/driven_data_pipeline.py took 0.216 seconds
[2025-04-08T20:31:04.879+0000] {processor.py:186} INFO - Started process (PID=359) to work on /opt/airflow/dags/driven_data_pipeline.py
[2025-04-08T20:31:04.884+0000] {processor.py:914} INFO - Processing file /opt/airflow/dags/driven_data_pipeline.py for tasks to queue
[2025-04-08T20:31:04.895+0000] {logging_mixin.py:190} INFO - [2025-04-08T20:31:04.894+0000] {dagbag.py:588} INFO - Filling up the DagBag from /opt/airflow/dags/driven_data_pipeline.py
[2025-04-08T20:31:05.458+0000] {processor.py:925} INFO - DAG(s) 'extract_raw_data_pipeline' retrieved from /opt/airflow/dags/driven_data_pipeline.py
[2025-04-08T20:31:05.515+0000] {logging_mixin.py:190} INFO - [2025-04-08T20:31:05.514+0000] {dag.py:3239} INFO - Sync 1 DAGs
[2025-04-08T20:31:05.571+0000] {logging_mixin.py:190} INFO - [2025-04-08T20:31:05.571+0000] {dag.py:4180} INFO - Setting next_dagrun for extract_raw_data_pipeline to 2025-04-08 07:59:00+00:00, run_after=2025-04-09 07:00:00+00:00
[2025-04-08T20:31:05.614+0000] {processor.py:208} INFO - Processing /opt/airflow/dags/driven_data_pipeline.py took 0.758 seconds
